,reward
0,-0.37773028562133504
1,0.4259637185584536
2,1.7194173678166875
3,-0.26070307485567623
4,0.3613774907436368
5,2.1826138380474536
6,-10.0
7,1.0660146149114589
8,2.2303306539003867
9,-0.1191877100460913
10,1.0021175034981822
11,2.0476206924914635
12,0.13558154529620003
13,0.37664554584799426
14,2.0365197666318684
15,-0.18109782784784845
16,0.14985426643008737
17,1.147634892166626
18,-0.10615374950880385
19,0.02390440107441416
20,1.154061387530649
21,-0.05632878255592677
22,-0.05748457925027617
23,1.9729873588338829
24,0.08781330024211964
25,0.508813020737642
26,3.0382562092563727
27,-0.26070307485567623
28,0.5988135613632967
29,1.322033440859313
30,0.1477974330311812
31,0.44134685621748737
32,1.0919356335930595
33,0.2088394064996778
34,0.5801186735256962
35,9.482955022432247
36,-0.26070307485567623
37,0.25500488945136957
38,1.3436206621614566
39,0.11222079646221339
40,1.3207077420388937
41,5.447187433334902
42,0.08781330024211964
43,0.13727965988399826
44,6.447790466718402
45,0.01815570533026134
46,0.12567361588273518
47,2.2122552679285707
48,-0.2902523925216365
49,0.6945007018021206
50,1.5924058300488426
51,-0.33828735465081083
52,0.8300203180727299
53,1.7880098671706997
54,-0.25661711515750774
55,0.8760580967720857
56,1.768476844790651
57,0.06974430682094213
58,0.680441026838484
59,2.881135609797978
60,0.0021617393332461488
61,0.7739930557777526
62,1.9458257962477705
63,-0.26070307485567623
64,0.20780819011950136
65,1.8660938961969482
66,1.0066668739979963
67,1.7741456886070184
68,-10.0
69,-0.26011443440093684
70,0.7815723713940039
71,3.236636903779674
72,-0.37773028562133504
73,0.5909946160810401
74,1.8369708926788189
75,-0.24101202341637784
76,0.46990654761575124
77,2.232580613061997
78,0.029041619080667824
79,0.2767388897050278
80,1.8257002218459297
81,-0.1518370775355976
82,-10.0
83,4.050749376920761
84,0.02512959004087889
85,0.6979721527057547
86,1.980201348938655
87,0.45511003488514634
88,0.027968607537785184
89,1.6829143501508639
90,-0.2902523925216365
91,0.2505124358840667
92,1.0323566382589489
93,0.029041619080667824
94,1.8166391350825375
95,2.9856341773255775
96,-0.3381437542543366
97,0.1932788213186698
98,1.6390173060953779
99,0.06974430682094213
100,0.3809146112486672
101,1.763356916776902
102,0.07840954477587292
103,0.19433630943320512
104,1.1632438803732126
105,-0.1657400982377002
106,1.7849084871101044
107,0.6481095040345712
108,-0.24024559180627436
109,0.28119371068624666
110,0.986629293132548
111,-0.1274079626794764
112,0.5703675908299367
113,3.509823810218717
114,0.19123410101592075
115,0.23451241871330608
116,3.091506194972493
117,0.46363638035651633
118,-0.040156962340744284
119,1.9389648827916959
120,0.15136809022333864
121,0.8248063334405671
122,1.35066294345941
123,-0.3613339149998035
124,1.3592052234258647
125,3.4472749995764596
126,-0.10615374950880385
127,0.2190122189313337
128,8.378840096450734
129,0.12310287807714915
130,0.8019347803722339
131,2.530395277978247
132,-0.29133154022062646
133,0.33903100287562293
134,1.8400574891540433
135,-0.3001116420447235
136,0.46975946414557934
137,1.0199841408265382
138,0.0032574545241556008
139,0.056602958075287146
140,1.4536722728916385
141,0.011928288398080356
142,0.9409047386215312
143,1.843928818063536
144,-0.3381437542543366
145,0.5409275664433245
146,2.0584984240031696
147,0.0032574545241556008
148,0.05470400592933977
149,1.9626380782422455
150,-0.26070307485567623
151,0.20723742956313507
152,2.22588511894795
153,-0.16189400043519053
154,0.26805947888132364
155,1.7637000263773113
156,-0.2845928200976152
157,0.9145095743515551
158,2.580906600507782
159,0.45511003488514634
160,0.12497966999020527
161,1.9399590936532864
162,-0.19920386758137865
163,0.5297130678499005
164,1.3113774625255814
165,0.3500401235064009
166,0.4233093274191022
167,2.7752414914606365
168,0.0021617393332461488
169,0.08499525940192343
170,11.791308810333092
171,-0.3381437542543366
172,0.2827738578437563
173,1.2799383289953474
174,-10.0
175,-10.0
176,2.68739703531931
177,0.3901906940347867
178,0.34565278603245875
179,9.671604303235377
180,-0.24101202341637784
181,0.34759546883187153
182,1.5436716158346275
183,-10.0
184,1.036327048201689
185,1.868262378132816
186,0.30320138876883485
187,-0.10294191087095306
188,2.4811761563051054
189,0.0
190,-0.2155023475211456
191,0.3670819695175763
192,1.0837829360218652
193,-0.43581599228365864
194,0.2931661791410717
195,2.354706712283935
196,-0.09803803003042932
197,-10.0
198,4.6636791907943635
199,-0.33828735465081083
200,0.36934377952977737
201,1.3300508516848737
202,-0.26011443440093684
203,0.51317837206505
204,2.5308343615213085
205,-0.24101202341637784
206,0.21201102435483943
207,1.72813681315429
208,-0.20799659742620424
209,0.02849585287304024
210,1.3841301946891091
211,0.45511003488514634
212,-0.2646010861803627
213,1.7651921401551172
214,-0.25754840896603604
215,0.6819684730045709
216,2.623354578562222
217,-0.29133154022062646
218,0.7191605326844812
219,1.8022450329300015
220,1.0066668739979963
221,0.003326768148639747
222,1.7078576671614676
223,-0.33828735465081083
224,0.2265837051697026
225,1.4043132655173038
226,-10.0
227,0.7398058034199853
228,1.147854145807297
229,-0.32635444102453004
230,0.11351764499099504
231,2.347575744949948
232,-0.2745967982632901
233,0.742569357820752
234,2.2645946265546284
235,0.08781330024211964
236,0.5113857706540434
237,1.7602183517741565
238,0.30320138876883485
239,0.8116070548786896
240,3.119926398967446
241,-0.13565193035796264
242,0.8772996980227443
243,1.5759675996376534
244,-10.0
245,1.2417375062646683
246,1.4871981383265558
247,0.2088394064996778
248,0.25309207748775786
249,2.316111967187725
250,0.2088394064996778
251,0.68284539396984
252,1.1759894838699856
253,-0.26011443440093684
254,1.200749237672796
255,7.604911096237217
256,-0.32635444102453004
257,0.35076077892852087
258,5.581882668337673
259,-0.19920386758137865
260,0.49102825100383796
261,1.0154993821866907
262,0.1477974330311812
263,-10.0
264,2.728199847951093
265,-0.01020389161134383
266,0.5621875397508114
267,2.7128329573406633
268,-0.05632878255592677
269,1.2580134319078833
270,5.678120744650389
271,0.11222079646221339
272,1.7166116995121568
273,3.466119574522449
274,-0.10615374950880385
275,0.09472017052554282
276,1.3133020181909938
277,-0.16189400043519053
278,0.38212228726258723
279,2.447424956572977
280,-0.3281325855807139
281,0.5714918772719881
282,1.2539713249018352
283,0.0
284,0.46363638035651633
285,-0.05607387881118919
286,-10.0
287,-0.21438931649027926
288,0.3741612142455273
289,1.6715210891671035
290,0.2183531181327364
291,0.10704147341481463
292,1.4486180753002147
293,-0.2902523925216365
294,1.056870621271829
295,2.545626789082517
296,0.0021617393332461488
297,0.0625733175795562
298,2.3082718521603462
299,0.20128868213789908
300,-0.05856651549765046
301,1.9107849891747182
302,-0.18109782784784845
303,0.14985426643008737
304,2.204149688807071
305,-0.29133154022062646
306,0.40687638110855806
307,1.0880280896451984
308,-0.14063411999084885
309,-10.0
310,3.337041789774645
311,0.20128868213789908
312,0.8468499117212784
313,2.520282795257724
314,-0.24101202341637784
315,0.4057735490849351
316,1.7294298865245026
317,-0.25577032821782797
318,0.09120820888404324
319,1.702966703115902
320,-0.1638342690034288
321,0.9085430263545716
322,5.183711677931322
323,0.30320138876883485
324,0.41594495377819674
325,3.1784972576841266
326,0.3901906940347867
327,0.21599675089694714
328,10.535028156540324
329,-0.18109782784784845
330,0.509021631724864
331,3.441541739753443
332,0.22275767154784243
333,0.20429771366331773
334,8.273682560266463
335,0.22275767154784243
336,0.42257974118672625
337,2.276939628202706
338,-0.13697295846410817
339,0.5633949091958035
340,2.4935124228444145
341,0.2611982559270164
342,0.05963612243470329
343,1.0671123162205747
344,-0.30014042493439075
345,0.20865045610404298
346,1.2454221374680685
347,-0.343005596364245
348,0.7202224010404378
349,5.0911277952164005
350,0.2611982559270164
351,0.19749699432301404
352,2.810854827312357
353,-0.13697295846410817
354,0.44924486399991004
355,1.8020733410476226
356,-0.24101202341637784
357,1.3302610113592026
358,4.428449028717935
359,-0.1657400982377002
360,0.21462681811998607
361,2.564506024511951
362,-0.055280625897490165
363,1.6167275533835628
364,3.4653292325758387
365,-0.10615374950880385
366,1.0254814975141353
367,2.136754993564322
368,0.2183531181327364
369,0.5467206589097033
370,2.7867654577093566
371,-0.3281325855807139
372,0.3913102507902664
373,1.634556455812422
374,-0.2876137945904501
375,0.2478593569038301
376,2.014517532855086
377,-0.2924476823568408
378,0.7220274682708571
379,1.0313596736357258
380,0.3901906940347867
381,-10.0
382,-10.0
383,-0.16189400043519053
384,1.1378908416932285
385,3.1190889108941717
386,0.19293849977677302
387,0.01589261278498033
388,2.8323498425193074
389,-0.23162872281625646
390,0.626282208363209
391,2.5703034133366502
392,-0.2839877950601606
393,0.2692797843783368
394,2.905507904181999
395,-0.10260744895723317
396,0.33327842435503885
397,2.7216383251366927
398,0.08781330024211964
399,4.76629979710385
400,9.37076624322328
401,0.2183531181327364
402,0.16271235357615899
403,2.0595610896755856
404,-0.2924476823568408
405,0.05523624097045077
406,2.636791094228708
407,-0.24024559180627436
408,0.2436113575838056
409,1.3073388708861757
410,-0.24024559180627436
411,1.0667102939325983
412,3.4081110280863998
413,0.04113060069041807
414,0.11278384729231306
415,2.0203769362473434
416,-0.02472021587935458
417,0.5015546736045186
418,6.015257621256121
419,0.12310287807714915
420,0.14557996656248884
421,3.882740516522927
422,0.2183531181327364
423,1.5209266521488622
424,3.1720746827265947
425,-0.3613339149998035
426,0.655649590189752
427,2.0992853544774723
428,-0.26011443440093684
429,0.7398855555990633
430,-0.01020389161134383
431,0.6709493945036871
432,2.004940926955122
433,0.029041619080667824
434,0.5910608169984004
435,2.058794772298648
436,-0.2875566529978749
437,0.1264780138383378
438,1.0791768786998224
439,-0.1191877100460913
440,0.3754362156814053
441,1.7079113971212723
442,-0.1358378388739634
443,0.41020003720200493
444,1.9007605697841512
445,-0.3281325855807139
446,0.3461944751854664
447,1.7411473647708406
448,-0.09803803003042932
449,0.4518152957999766
450,1.938556283968801
451,-0.23162872281625646
452,0.27862652149285994
453,2.3862119457224837
454,0.11107843861570099
455,0.3619556194957858
456,2.716768967022977
457,0.3901906940347867
458,1.157286721212877
459,4.510187243248778
460,0.053151156030451285
461,0.2673793820609933
462,2.658270483389441
463,-0.3613339149998035
464,0.6234491318672039
465,2.9216952741609665
466,-0.18109782784784845
467,0.0013253785514687477
468,4.753580091889557
469,-0.3372195417281796
470,0.39303265440613
471,-10.0
472,-0.32635444102453004
473,0.3661150676432222
474,2.076741786602515
475,-0.2924476823568408
476,0.14963319609293846
477,2.8624883252317863
478,0.04113060069041807
479,0.23297935314587281
480,2.3814448958955805
481,-0.13697295846410817
482,0.22641370038803554
483,1.9826872582746078
484,-0.32635444102453004
485,0.6736455489754701
486,-0.2875566529978749
487,0.3461377276646743
488,1.6682897573834299
489,-0.10260744895723317
490,0.8594003667464696
491,1.6980383388469864
492,-0.43581599228365864
493,0.827473583739366
494,0.8332741243074289
495,0.46363638035651633
496,-10.0
497,4.0096957115003296
498,0.0
499,0.13558154529620003
500,0.0428944606954913
501,1.201300708360577
502,-0.3381437542543366
503,0.2885717583148476
504,1.5565823997084653
505,-0.2155023475211456
506,0.3853349385496051
507,1.5292787929452436
508,-0.25754840896603604
509,0.27077687362636815
510,1.5813149917523996
511,-0.3372195417281796
512,0.21247828497256893
513,1.729207342320299
514,0.011928288398080356
515,-10.0
516,2.89678009234885
517,0.19293849977677302
518,-10.0
519,3.2105823170620305
520,-0.26070307485567623
521,0.7392969151443239
522,-0.09803803003042932
523,1.052603119469487
524,1.147266393456339
525,0.30320138876883485
526,2.244558823160946
527,4.390141642781989
528,0.02512959004087889
529,2.350496101073915
530,2.7780841535510223
531,-0.25577032821782797
532,-10.0
533,3.0621562824743878
534,-0.343005596364245
535,0.32125373283366665
536,0.9553604034543236
537,1.0066668739979963
538,0.04888003419118281
539,3.6683023071225755
540,-0.29133154022062646
541,0.8101311071394008
542,1.5550659694729407
543,-0.08691166535444261
544,0.3501027713670283
545,1.2161031996379692
546,0.22275767154784243
547,-0.10684753180607776
548,1.9929716516486384
549,-0.343005596364245
550,0.30803966526105253
551,1.4213541035313733
552,-0.29133154022062646
553,0.391860170904319
554,1.0729311328573812
555,0.07840954477587292
556,0.7552416348736888
557,1.1225465299008703
558,-0.25754840896603604
559,0.18907897805474705
560,2.047067518850696
561,-10.0
562,0.9880041026588144
563,1.7750222795582276
564,-0.25754840896603604
565,0.1802545818940089
566,1.704617676147534
567,0.30320138876883485
568,-0.08744212292853759
569,1.421309052334313
570,-0.21438931649027926
571,0.2813413903249862
572,1.951462891344187
573,-0.055280625897490165
574,0.5223192481504364
575,2.1911555476866127
576,-0.10260744895723317
577,-10.0
578,2.454768582241297
579,-0.2745967982632901
580,0.3939261392160138
581,1.4933468880186587
582,-0.13697295846410817
583,0.06324293855925589
584,2.3627026542416574
585,-0.3569460632591316
586,0.49013701472060256
587,1.5971792147825112
588,-0.1191877100460913
589,0.42192529609462426
590,-10.0
591,-0.02472021587935458
592,-0.0128266112438572
593,1.7849837762205096
594,-0.24024559180627436
595,1.3254115441049046
596,2.7215770565120367
597,0.19123410101592075
598,0.3999660278851027
599,2.6721357422821974
600,0.029041619080667824
601,1.291631869952237
602,2.9154059057486825
603,-0.3281325855807139
604,0.21483493939626064
605,3.7428788253313665
606,-0.1638342690034288
607,0.33097128407571186
608,1.5697150003276132
609,-0.1657400982377002
610,0.509263436189442
611,3.5316782153519632
612,-0.08691166535444261
613,0.25369077304803944
614,1.9714573853946733
615,-10.0
616,1.1175810438247753
617,1.3077315576404183
618,0.053151156030451285
619,0.5300806617450748
620,2.6578285724839175
621,-0.1305301710815473
622,0.19805374858991032
623,1.7034190236157463
624,-0.24024559180627436
625,0.28903691416136945
626,1.0270891436339291
627,-10.0
628,1.581837758447631
629,2.1088582532229756
630,-0.343005596364245
631,1.9277826194865693
632,4.746197667065736
633,-0.19920386758137865
634,0.4250576268038917
635,3.6185976696689623
636,-0.32635444102453004
637,0.3854302091614029
638,2.158952428365504
639,0.043670680904227654
640,0.7336847999090443
641,2.3495331054098414
642,0.11222079646221339
643,0.2386234614140068
644,-10.0
645,0.08781330024211964
646,0.461656001962657
647,2.080639606834275
648,0.30320138876883485
649,-0.005782496236306223
650,1.5436010547151957
651,-0.37773028562133504
652,0.6138609541237569
653,2.2616881115203675
654,-0.09803803003042932
655,0.14088597338104436
656,2.2183117308480105
657,-0.1274079626794764
658,0.47818236523046986
659,1.6114012006326746
660,-0.14063411999084885
661,0.2520129105432348
662,2.100462063535501
663,-0.09803803003042932
664,0.830596830921156
665,1.7598716530250946
666,-0.19920386758137865
667,0.750903075361669
668,1.7534254920986296
669,-0.1274079626794764
670,0.7017645373069151
671,2.6883599898246233
672,-10.0
673,-10.0
674,3.3065477766963927
675,0.19623039968498246
676,0.7422274498067343
677,2.493781240703086
678,-0.3372195417281796
679,0.8224071152531864
680,2.262586235512043
681,-0.1274079626794764
682,0.4777686001520943
683,1.5757080489356554
684,-0.1191877100460913
685,0.5247466469367179
686,1.4741840608815864
687,-0.19507094025927663
688,0.277068389200416
689,2.0962345447268667
690,-0.3372195417281796
691,2.3761717631265196
692,1.3273032814084367
693,0.0
694,-0.16189400043519053
695,-10.0
696,2.949658744946084
697,-0.343005596364245
698,1.6735555941060567
699,4.231429267350153
700,0.0021617393332461488
701,0.3003206201759445
702,2.4582287615158647
703,-0.3372195417281796
704,1.0067010722451304
705,1.5442519007972482
706,0.07840954477587292
707,0.4561581717591663
708,3.270448997106702
709,-0.21438931649027926
710,0.9403045612009653
711,1.868030144614479
712,-0.20799659742620424
713,0.10278892507838489
714,1.7236892652207247
715,-0.21013034294983823
716,-0.09139877740919267
717,5.806383833590777
718,0.0032574545241556008
719,0.3139423975472655
720,1.6757613881863025
721,0.12310287807714915
722,0.004667570788907449
723,1.9816327248080319
724,0.11222079646221339
725,1.269263727654559
726,8.181054409058367
727,-10.0
728,1.3386892057096014
729,3.3210158850235896
730,0.2611982559270164
731,0.5298730460354133
732,2.488795491295539
733,-0.2660839942989509
734,0.43273696299049824
735,1.9100700979357954
736,-0.3281325855807139
737,0.07772323117963953
738,2.562694042281458
739,0.11107843861570099
740,0.2717663443325129
741,1.8358445813385351
742,-0.24024559180627436
743,0.22438998040212754
744,1.9819375548177973
745,-0.2924476823568408
746,0.6402531645145565
747,1.5500019770147715
748,-0.1518370775355976
749,0.5768449645545018
750,-10.0
751,-0.33828735465081083
752,0.3046130279916386
753,1.0056349303423362
754,0.020085789058602033
755,-10.0
756,2.716692722962752
757,-0.2876137945904501
758,0.9557193378665446
759,0.6476119545488732
760,0.02512959004087889
761,0.6979721527057547
762,3.0878973948051005
763,-0.37773028562133504
764,0.6544883654271071
765,2.424739001112188
766,-0.1983985236179756
767,0.5332814516581257
768,1.3429799025490596
769,-0.1358378388739634
770,0.41020003720200493
771,2.654676511894466
772,0.12310287807714915
773,0.6697128738795362
774,1.474547988168713
775,-0.1191877100460913
776,0.797379974339887
777,4.164231543000106
778,0.011277666057257218
779,0.2751341570134964
780,1.3637618446626596
781,0.3901906940347867
782,1.0860311916492562
783,7.288776353621652
784,-0.3569460632591316
785,0.16706819308317244
786,1.388624523936945
787,-0.2839877950601606
788,0.7540897979998304
789,1.9260031039437502
790,-0.37773028562133504
791,0.47848865446090294
792,1.8578201259644127
793,0.30320138876883485
794,-0.0914333735017947
795,1.2453618829412523
796,-0.1518370775355976
797,0.4242772096262871
798,1.7584963231362707
799,-0.1191877100460913
800,0.3956331083751383
801,-10.0
802,0.07840954477587292
803,0.4697756789114764
804,2.950203363082144
805,0.11107843861570099
806,0.23042104189713442
807,3.4439954096197063
808,-0.10260744895723317
809,0.39130805684497605
810,2.137254581010461
811,-0.1983985236179756
812,1.2318390095328988
813,5.7278463991290955
814,-0.24024559180627436
815,0.23999164001612894
816,2.7835826397254797
817,0.011928288398080356
818,1.369674294708443
819,6.11465348461253
820,-0.3569460632591316
821,0.12752013568358478
822,1.2966453004299285
823,0.46363638035651633
824,0.9508150968812936
825,3.859893054965535
826,-0.16189400043519053
827,0.5966658902869127
828,1.9515150305869042
829,-10.0
830,1.67276377018304
831,1.7631245836167262
832,0.2183531181327364
833,-10.0
834,2.8451928441784333
835,-0.14063411999084885
836,0.31114647413296603
837,1.6809234273897853
838,-0.1274079626794764
839,0.36811337462641835
840,1.2984369190537866
841,-0.10260744895723317
842,0.6801937467338657
843,1.7901183155449194
844,0.2183531181327364
845,0.33736551631503997
846,0.8129347646126663
847,-0.08219265564946632
848,0.7206380459628193
849,2.445582174719525
850,-0.1274079626794764
851,0.32879227199022376
852,1.1580839871350066
853,-0.2176484484735849
854,0.641123013164983
855,1.6490050228293365
856,0.3500401235064009
857,0.375650067553007
858,2.7051969098923174
859,-0.32635444102453004
860,0.04317455020720273
861,1.8251858863599162
862,-0.3381437542543366
863,0.295656079221424
864,1.458689692856065
865,-0.3613339149998035
866,0.1573900463750726
867,1.3396327465076734
868,-0.19920386758137865
869,0.8479119243924491
870,-10.0
871,0.053151156030451285
872,0.30853919104275485
873,-10.0
874,0.19123410101592075
875,0.1325202063901918
876,1.4404877077573628
877,-0.25577032821782797
878,0.4416783051727804
879,2.5233949430077622
880,0.08781330024211964
881,0.7504159238743793
882,1.7117474039778897
883,-0.2876137945904501
884,0.23796907125706934
885,2.449326970387547
886,0.45511003488514634
887,-0.030401643243049836
888,3.6574753794903527
889,0.2183531181327364
890,0.24362698533796068
891,3.6815146795072353
892,-0.1657400982377002
893,0.44702202331338226
894,1.0786603312747916
895,-0.26070307485567623
896,0.48166989640637603
897,2.1994106303746426
898,-0.08691166535444261
899,0.7696904573867888
900,2.304921824470746
901,0.19623039968498246
902,0.21496679117758277
903,2.3519821432369463
904,0.1477974330311812
905,-10.0
906,4.741149649230169
907,-10.0
908,1.5397083394064524
909,2.1036536711899343
910,-0.2876137945904501
911,0.24153354996821097
912,2.1106366320684664
913,0.020085789058602033
914,1.2041203144473058
915,-10.0
916,0.1477974330311812
917,0.2918332241906225
918,1.1004177695936739
919,-0.1983985236179756
920,0.3168315651875566
921,1.3132681541008526
922,-10.0
923,-10.0
924,2.5761172129316625
925,-0.2745967982632901
926,0.3374150041765187
927,1.4671905168840063
928,0.3901906940347867
929,2.9850729206882085
930,0.2792928234270815
931,0.13558154529620003
932,0.21868429564604708
933,1.4046987684844043
934,-0.10615374950880385
935,0.10842772622977392
936,0.8703939710719745
937,0.02512959004087889
938,0.3364807226546622
939,10.308941042995235
940,-0.3372195417281796
941,0.31872958702146303
942,2.271193588406879
943,0.19293849977677302
944,-0.11237373826829944
945,3.1534215896753732
946,-0.32635444102453004
947,0.4734663389079484
948,1.3928559198773796
949,0.011277666057257218
950,0.12555228348346237
951,1.1921759926542548
952,0.08781330024211964
953,0.22497424843423142
954,2.425499983783724
955,-0.09803803003042932
956,1.3754293484219757
957,2.824655856420678
958,0.07840954477587292
959,0.23689125305043635
960,1.2530275414230387
961,-0.25577032821782797
962,1.0183504666910823
963,1.6764029460611396
964,-10.0
965,0.9242337581170479
966,1.967705746136069
967,-0.2876137945904501
968,0.4312883270242748
969,2.396474033271616
970,-0.1657400982377002
971,0.2248887026890879
972,2.4283906457614552
973,0.15136809022333864
974,0.334648057315994
975,2.318464405111175
976,-0.09803803003042932
977,0.3997137040198042
978,1.6579224247977453
979,0.19623039968498246
980,0.08003722412211434
981,3.564143677760104
982,-0.2875566529978749
983,0.1964480946866265
984,1.627892345341936
985,-10.0
986,-10.0
987,1.9710577680618309
988,0.053151156030451285
989,0.3580406758990018
990,1.6466616083789214
991,0.45511003488514634
992,0.02099292082045401
993,2.6305268250290945
994,0.15136809022333864
995,0.4381008996896829
996,2.2269882297802575
997,-10.0
998,1.0247026176435288
999,1.5169452496370532
1000,-0.21013034294983823
1001,0.24539310431352035
1002,1.901972546986067
1003,-0.20799659742620424
1004,0.6343315047235106
1005,2.3437483330438855
1006,0.011277666057257218
1007,0.2768396597463123
1008,1.0917810819774478
1009,-0.23162872281625646
1010,0.15746653821919698
1011,1.8447922255084157
1012,0.19623039968498246
1013,1.2096158304888551
1014,2.1727555630728106
1015,-0.02472021587935458
1016,0.19227022195803112
1017,2.154008170281733
1018,-0.1657400982377002
1019,0.9209270801690917
1020,3.147778715475277
1021,-0.2875566529978749
1022,0.43427545153443947
1023,1.8626843410621052
1024,-0.1305301710815473
1025,0.510827552244346
1026,1.0572433651199653
1027,-0.2845928200976152
1028,-0.020983786209113453
1029,2.069852676473194
1030,-0.343005596364245
1031,0.057914622260159865
1032,0.8026306256989041
1033,-0.2876137945904501
1034,0.23796907125706934
1035,1.690877397127026
1036,0.45511003488514634
1037,-0.11627693261988159
1038,2.2100121889488213
1039,-0.3001116420447235
1040,0.5834817252557536
1041,2.053732039490753
1042,0.020085789058602033
1043,0.28833370468982333
1044,1.4809161812983513
1045,0.08781330024211964
1046,2.849246534984159
1047,5.3990933021837595
1048,-0.343005596364245
1049,0.06615506019230877
1050,0.9965054548283766
1051,0.07840954477587292
1052,-10.0
1053,2.3876164661917816
1054,-0.08691166535444261
1055,0.3936132583328168
1056,1.352498311024286
1057,-0.1638342690034288
1058,0.3742064378542701
1059,3.05079427946665
1060,0.020085789058602033
1061,1.0200857790586022
1062,0.13558154529620003
1063,0.13549926624232822
1064,2.3596412235158546
1065,-0.2902523925216365
1066,0.7997819610692135
1067,1.1675622225831919
1068,0.20128868213789908
1069,0.25401730827171076
1070,3.902623091930395
1071,-0.2876137945904501
1072,0.2928874215936229
1073,3.0212580131901094
1074,-0.43581599228365864
1075,0.5224196726882021
1076,1.061960526961241
1077,-0.2660839942989509
1078,0.13585321525745586
1079,1.4463601713253282
1080,-0.13697295846410817
1081,0.24352932069690358
1082,2.958750114344428
1083,-0.2924476823568408
1084,0.21485958476720324
1085,1.2254073984745184
1086,0.20128868213789908
1087,0.435998596594666
1088,1.4467353068118112
1089,-0.25577032821782797
1090,0.4906293959970385
1091,1.5344543064679803
1092,-0.3281325855807139
1093,0.40684050581096964
1094,2.3389949625449753
1095,-0.1518370775355976
1096,-10.0
1097,4.644801508178656
1098,-10.0
1099,0.8229128255897569
1100,1.8697905057414306
1101,-0.16189400043519053
1102,0.1760318941522151
1103,1.8896301620742078
1104,-0.2745967982632901
1105,0.24694834164472435
1106,1.2414311498274428
1107,-0.1983985236179756
1108,0.32207287554453723
1109,4.512404415423807
1110,0.08781330024211964
1111,0.41123789238798825
1112,4.616817446175358
1113,-0.32635444102453004
1114,0.13065727284834128
1115,3.0198684262714224
1116,-10.0
1117,0.8000025675009406
1118,1.400089897279903
1119,-10.0
1120,1.5777813936097245
1121,2.4643067997312595
1122,-0.2176484484735849
1123,0.5262762121872662
1124,2.4411796646752095
1125,-10.0
1126,1.0741426172751958
1127,1.4984237785065688
1128,0.06974430682094213
1129,0.2997007435082544
1130,-10.0
1131,0.12310287807714915
1132,0.1407838394116907
1133,3.92878832739766
1134,-0.26011443440093684
1135,0.7398855555990633
1136,0.02512959004087889
1137,0.8636188763773145
1138,3.1662369190563986
1139,0.011928288398080356
1140,3.5153754163445488
1141,0.9995204331333345
1142,0.15136809022333864
1143,0.6643933230114629
1144,1.9139962589414063
1145,-0.1983985236179756
1146,1.171949928664662
1147,3.7209595677249467
1148,-0.3613339149998035
1149,0.7832504313566725
1150,1.6456714190132546
1151,-0.24101202341637784
1152,1.4431710624595366
1153,5.738535503603472
1154,0.11222079646221339
1155,0.5728034269468472
1156,-10.0
1157,-0.43581599228365864
1158,0.11817751974759094
1159,3.7439129911936693
1160,-0.33828735465081083
1161,0.825296008648942
1162,2.919862694611216
1163,-0.2660839942989509
1164,0.05020201060025431
1165,1.3211091892952729
1166,-0.1305301710815473
1167,0.18601950610617535
1168,1.6576162786086734
1169,0.02512959004087889
1170,0.9667766640095332
1171,2.526009775464418
1172,-10.0
1173,1.3728138062980015
1174,1.6360224699365762
1175,0.13558154529620003
1176,-0.01269365094815611
1177,1.4988101845432356
1178,0.13558154529620003
1179,0.026606437448870146
1180,2.3519289775197176
1181,0.3901906940347867
1182,0.08514871837256877
1183,4.102572877079951
1184,-10.0
1185,0.7939698198566968
1186,2.4436408611238116
1187,-0.37773028562133504
1188,0.36428657831473465
1189,1.4218090401207304
1190,-10.0
1191,1.437950081007697
1192,3.551400827231659
1193,0.12310287807714915
1194,0.3565368918631593
1195,2.5003920804885267
1196,-0.1305301710815473
1197,0.13028723619561045
1198,1.3077749489944566
1199,-0.1657400982377002
1200,2.629897099486738
1201,-0.5078094074889683
1202,-0.055280625897490165
1203,-0.007498996856554974
1204,1.4468901239276086
1205,-0.3001116420447235
1206,0.46975946414557934
1207,2.3484303160679847
1208,-0.26070307485567623
1209,0.22395142717445904
1210,2.2625018190910104
1211,-0.08691166535444261
1212,0.4552576025322542
1213,2.102285490598037
1214,-0.26070307485567623
1215,0.6896483512262103
1216,4.233144566475615
1217,-0.2875566529978749
1218,-0.009112746044243392
1219,1.6153047272961962
1220,-0.2155023475211456
1221,0.7057162353086192
1222,1.5390574369535368
1223,-10.0
1224,1.3158784087013007
1225,3.9644052109959533
1226,0.13558154529620003
1227,0.47220390847460014
1228,1.7009828183834244
1229,-0.2745967982632901
1230,0.4542597148981795
1231,2.0961620332959896
1232,-0.05632878255592677
1233,2.126695901350237
1234,10.88706840258187
1235,-0.1191877100460913
1236,0.3373953168524173
1237,2.017816401276802
1238,-0.29133154022062646
1239,0.6171177369191638
1240,1.722387754095408
1241,-0.25661711515750774
1242,0.8760580967720857
1243,1.221122498765893
1244,-0.2875566529978749
1245,0.13462307165139487
1246,1.1313113985531285
1247,0.08781330024211964
1248,0.7111448788629706
1249,2.2620310130210752
1250,-0.26011443440093684
1251,-0.009951166712575787
1252,1.4752238776481796
1253,-0.08691166535444261
1254,0.7372498387523562
1255,2.5834447087791514
1256,0.02512959004087889
1257,0.826380889587391
1258,2.6335980607617095
1259,-0.2155023475211456
1260,0.4559306402618887
1261,2.1167176954931453
1262,-0.20799659742620424
1263,0.2905510606893468
1264,1.261696110762932
1265,-0.33828735465081083
1266,0.0937940488707083
1267,1.4973090158985682
1268,-0.10615374950880385
1269,-0.014104719847354175
1270,5.705796653604343
1271,0.08781330024211964
1272,0.6333775200293192
1273,6.210281401969836
1274,-0.29133154022062646
1275,0.7914163765771682
1276,2.3130125120885907
1277,0.0032574545241556008
1278,0.13439059799457587
1279,4.795480716657181
1280,-0.18109782784784845
1281,0.4625945705439277
1282,1.741422864596046
1283,0.2088394064996778
1284,0.2258806967013003
1285,1.176699887210818
1286,-0.2924476823568408
1287,1.1883253978781525
1288,2.981914398215455
1289,-0.25661711515750774
1290,0.33470609940435625
1291,3.1474033258717675
1292,-0.1657400982377002
1293,0.2601279394573107
1294,1.3976834192510772
1295,-0.3613339149998035
1296,0.5725297117632123
1297,1.6114566435658
1298,-10.0
1299,0.974231086939936
1300,1.370519532390016
1301,0.011928288398080356
1302,0.3992510241584426
1303,2.347576506014201
1304,0.02512959004087889
1305,0.887960540221048
1306,3.4915234242377093
1307,0.0032574545241556008
1308,0.5620134046035641
1309,1.9346219324616365
1310,-0.055280625897490165
1311,0.21436653241700254
1312,1.695589518696707
1313,0.02512959004087889
1314,1.0211826128201877
1315,2.1783972888504626
1316,0.011928288398080356
1317,0.43936311148078233
1318,1.5409204192540573
1319,-0.2660839942989509
1320,0.3143788618852972
1321,2.070304346932114
1322,-0.2876137945904501
1323,0.07862550429564474
1324,1.3966424577979897
1325,-0.19507094025927663
1326,0.5623993890221266
1327,3.220307800173877
1328,0.19623039968498246
1329,0.2941979141580442
1330,1.8396808374725135
1331,-10.0
1332,-10.0
1333,2.291771768004221
1334,-0.3372195417281796
1335,0.512390042061529
1336,0.9785089304590879
1337,-0.2155023475211456
1338,0.2624418881843763
1339,1.8356594498087315
1340,-0.26070307485567623
1341,0.1303979307158193
1342,1.2011647745364735
1343,-0.2745967982632901
1344,0.27557636465264346
1345,1.5426006372364458
1346,-0.2902523925216365
1347,0.556423076921004
1348,1.3466815138300599
1349,0.01815570533026134
1350,0.6057325896792631
1351,4.5536762491146066
1352,0.2183531181327364
1353,0.45554346820200164
1354,2.6897817700170137
1355,-0.343005596364245
1356,0.007737386687067027
1357,2.7206063486926544
1358,-0.37773028562133504
1359,0.48503917977208355
1360,1.4531115279485776
1361,-0.3613339149998035
1362,0.488013237784637
1363,2.0895341276769237
1364,-0.14063411999084885
1365,0.24087684841839463
1366,2.1835826652243755
1367,-0.26011443440093684
1368,0.290150660158379
1369,1.4981055539919659
1370,-0.2176484484735849
1371,0.19453948856352998
1372,1.4392304414679695
1373,0.19293849977677302
1374,-0.05796212330214856
1375,0.9819169186776227
1376,-0.3569460632591316
1377,0.3169044681039843
1378,2.099182539423469
1379,0.04113060069041807
1380,0.16289529545078096
1381,1.4301555762190712
1382,-0.2876137945904501
1383,0.16765790872392683
1384,1.9042327643169026
1385,0.043670680904227654
1386,0.2611913386556646
1387,2.6050054744467146
1388,-0.3381437542543366
1389,0.295656079221424
1390,1.5332833800909489
1391,0.01815570533026134
1392,0.5905006802051598
1393,-10.0
1394,-0.3001116420447235
1395,0.16169230378909427
1396,1.3470104496827104
1397,0.02512959004087889
1398,0.3596160142125506
1399,1.9582018153331429
1400,-0.1518370775355976
1401,0.8122757741149599
1402,1.3856770002238894
1403,-0.19920386758137865
1404,0.5007241370747115
1405,1.8336463035171429
1406,0.12310287807714915
1407,0.2328613295689279
1408,2.199187438994745
1409,-10.0
1410,1.2085580151827628
1411,5.804565857685307
1412,-0.01020389161134383
1413,0.22413325431336628
1414,1.980744789478253
1415,-0.1657400982377002
1416,0.9209270801690917
1417,2.863236398855364
1418,-0.343005596364245
1419,0.1622624848414519
1420,1.5813113016550808
1421,-0.1638342690034288
1422,0.3934642818297557
1423,1.3779904213934007
1424,-0.1274079626794764
1425,0.23719759793418282
1426,4.233599514221032
1427,-0.1638342690034288
1428,0.32739868346927603
1429,1.305248404136231
1430,-0.2155023475211456
1431,0.3305737107107837
1432,1.5364517038751782
1433,0.3901906940347867
1434,1.8105170283374625
1435,5.83691407688992
1436,-0.2876137945904501
1437,0.5998638858676727
1438,1.6070823156825165
1439,-0.43581599228365864
1440,0.827473583739366
1441,4.143954186271095
1442,0.0
1443,-0.09803803003042932
1444,1.764014865010887
1445,7.254743121799161
1446,0.11107843861570099
1447,1.0642882405980953
1448,3.009054981320413
1449,0.11107843861570099
1450,0.12892627620560515
1451,3.808495153569676
1452,-0.02472021587935458
1453,0.5521900549660393
1454,4.70717451375115
1455,-0.25577032821782797
1456,0.11288142464208961
1457,0.9350556716927845
1458,-0.21438931649027926
1459,0.3091268216365164
1460,1.896475905719796
1461,-0.2845928200976152
1462,0.6000081001292453
1463,1.500806323655844
1464,-0.3613339149998035
1465,0.4712076832354323
1466,1.6210631511241977
1467,-0.33828735465081083
1468,0.17581907711473121
1469,1.6809002269477364
1470,-0.37773028562133504
1471,1.3037235491424477
1472,-10.0
1473,-0.1657400982377002
1474,0.7171012881458322
1475,-10.0
1476,-0.30014042493439075
1477,0.35857690498836703
1478,1.3104630218641702
1479,0.45511003488514634
1480,0.2226242929286193
1481,1.668320616316518
1482,-0.18109782784784845
1483,0.2484659744293748
1484,1.5074258511290406
1485,-0.26070307485567623
1486,0.374838022749831
1487,2.590371766150996
1488,-0.24024559180627436
1489,0.4107549391681814
1490,1.5031573739015571
1491,-0.343005596364245
1492,0.40723283823349676
1493,2.213304954832185
1494,-0.1191877100460913
1495,1.4835576624232532
1496,4.065346409596902
1497,-0.30014042493439075
1498,0.3959537274987829
1499,1.1089828451605899
1500,-0.19920386758137865
1501,0.47563762260310183
1502,1.9758580401562766
1503,-0.20799659742620424
1504,0.16336818270539066
1505,1.0238417457492126
1506,0.020085789058602033
1507,0.3275723165029891
1508,1.606224052790265
1509,0.2088394064996778
1510,1.1064642402899334
1511,5.470731961537929
1512,0.46363638035651633
1513,-0.1453330857012336
1514,1.5227229023096833
1515,0.2611982559270164
1516,-0.17212590339157097
1517,1.6792285193376528
1518,0.19123410101592075
1519,0.14231136351319873
1520,1.70151801562686
1521,-0.09803803003042932
1522,1.7052271396799212
1523,4.420368302342787
1524,0.19123410101592075
1525,0.185783512899667
1526,3.0989972864458233
1527,-0.25754840896603604
1528,0.5737064100312265
1529,1.1654721162285255
1530,0.06974430682094213
1531,0.7742272960818704
1532,1.8195192850618442
1533,-0.05632878255592677
1534,0.3446251043231444
1535,1.0943379192675282
1536,-0.26011443440093684
1537,0.4765151168710626
1538,1.4442904780474806
1539,0.011928288398080356
1540,0.18222789814603702
1541,2.7853367519869057
1542,-0.343005596364245
1543,0.18480654909778438
1544,1.5176987122529424
1545,-0.1358378388739634
1546,0.24696821099641975
1547,1.952130380845115
1548,-0.21438931649027926
1549,0.5160629743564293
1550,2.1845543302405983
1551,0.2183531181327364
1552,0.27500622914652784
1553,2.3825112557592134
1554,0.46363638035651633
1555,0.17837632041477747
1556,2.570885683291318
1557,-0.08691166535444261
1558,0.39665363649855634
1559,2.603215569214516
1560,-10.0
1561,2.2555971118119165
1562,3.1680805314942315
1563,-0.32635444102453004
1564,0.4398514000936381
1565,2.1178823492932413
1566,-0.10615374950880385
1567,0.11022862137185108
1568,2.4023900286072806
1569,-10.0
1570,1.381758644864433
1571,6.733745859438124
1572,-0.1305301710815473
1573,0.5627039570688304
1574,2.428412799704316
1575,-0.09803803003042932
1576,1.311327511825744
1577,2.9093495079490084
1578,0.12310287807714915
1579,-0.006786597552555174
1580,1.911800383449058
1581,0.19623039968498246
1582,0.2976948052058841
1583,2.328484486263979
1584,-10.0
1585,1.0247026176435288
1586,1.2624762988316103
1587,0.029041619080667824
1588,0.4084048932054809
1589,2.1420367758957273
1590,0.20128868213789908
1591,0.2453893132376579
1592,2.1941559980893293
1593,0.2088394064996778
1594,1.0181797654400382
1595,5.278145562433469
1596,0.029041619080667824
1597,0.6480524103753844
1598,2.202115200132984
1599,-0.1358378388739634
1600,0.5978147114753554
1601,2.697948700811433
1602,-0.02472021587935458
1603,0.2984877458806966
1604,2.7694157255837335
1605,-0.2176484484735849
1606,0.5011096102175698
1607,1.4976225638323335
1608,-0.01020389161134383
1609,0.6087949296451309
1610,-10.0
1611,0.043670680904227654
1612,0.32576171338488713
1613,3.5154498319206917
1614,0.011928288398080356
1615,-10.0
1616,4.25404654286727
1617,-0.24101202341637784
1618,1.0941734699733403
1619,2.410612560101941
1620,0.053151156030451285
1621,0.0069115882212009705
1622,1.60832352637856
1623,-0.20799659742620424
1624,0.4630196923575386
1625,2.160351937448712
1626,-0.1191877100460913
1627,0.7915298937962114
1628,2.705640124085543
1629,0.19293849977677302
1630,-10.0
1631,3.7071162010247614
1632,-0.055280625897490165
1633,0.011021273594991166
1634,2.0232686657240184
1635,-10.0
1636,1.1712267162237513
1637,1.9623441677020852
1638,0.15136809022333864
1639,0.20039626048267012
1640,1.4917048551848222
1641,-0.1518370775355976
1642,0.8411192765847205
1643,2.9186979801926034
1644,-0.2839877950601606
1645,0.5216128331417507
1646,1.7158787917429432
1647,-0.18109782784784845
1648,0.3596802619347933
1649,0.9891410837642454
1650,-0.2839877950601606
1651,0.2906339765183219
1652,2.665324038972149
1653,-0.23162872281625646
1654,0.5483189585463412
1655,1.5604097426710837
1656,0.029041619080667824
1657,0.2490005293406805
1658,1.4756875171010548
1659,0.30320138876883485
1660,2.049847898086104
1661,1.0624631393043957
1662,-0.25754840896603604
1663,0.5592625511520813
1664,1.5032016635072134
1665,0.02512959004087889
1666,0.8405901501173785
1667,2.964318694963344
1668,-0.055280625897490165
1669,0.09159945313326623
1670,1.3178031069510003
1671,-0.09803803003042932
1672,1.1536666421010522
1673,3.585591414936269
1674,-0.3372195417281796
1675,0.5312179169757154
1676,1.8480766783014393
1677,0.30320138876883485
1678,0.4324926523883037
1679,3.414573115091976
1680,-10.0
1681,0.7577971642044384
1682,2.375856239926429
1683,-0.29133154022062646
1684,0.6336455464532331
1685,1.7718328529939236
1686,-0.2176484484735849
1687,0.6669558606924766
1688,1.5758588503542903
1689,-10.0
1690,0.7398058034199853
1691,2.4900524055716002
1692,-0.055280625897490165
1693,0.5286316349389415
1694,1.8985569981494859
1695,-0.3381437542543366
1696,0.6491557208902711
1697,1.09514919842548
1698,0.12310287807714915
1699,1.2645504818629716
1700,2.6133318229385054
1701,-0.10615374950880385
1702,0.18134592431309948
1703,1.2590902806291446
1704,-0.30014042493439075
1705,0.30950753260489317
1706,1.7825448002575273
1707,0.06974430682094213
1708,0.33591923493258613
1709,1.4722077632253514
1710,0.0021617393332461488
1711,0.19407178040123685
1712,1.4514073688831002
1713,0.011277666057257218
1714,0.4093768455743998
1715,2.977677299568666
1716,-0.37773028562133504
1717,0.5155112849110398
1718,2.0895850685127746
1719,-0.2902523925216365
1720,0.6612027438874025
1721,1.5280056654472516
1722,-0.29133154022062646
1723,0.4858130690347662
1724,1.4469019951494504
1725,-0.25754840896603604
1726,0.35886533897139705
1727,0.8513637902402402
1728,-0.20799659742620424
1729,0.12423033127482974
1730,2.041712767685465
1731,0.15136809022333864
1732,-0.017634277879374105
1733,-10.0
1734,0.020085789058602033
1735,-10.0
1736,-10.0
1737,0.15136809022333864
1738,0.29269719767376445
1739,2.448911818283782
1740,-0.20799659742620424
1741,0.008519149185906683
1742,2.022435059711794
1743,-0.02472021587935458
1744,0.8788307743853799
1745,2.5832597989430433
1746,0.043670680904227654
1747,0.5608970029861815
1748,-10.0
1749,0.020085789058602033
1750,0.06443029154184865
1751,3.209477399840689
1752,0.0021617393332461488
1753,0.057860925796179075
1754,1.7623894653724677
1755,0.06974430682094213
1756,0.06356742021550943
1757,1.9687622001154608
1758,-10.0
1759,1.1539130213897564
1760,4.148278718784131
1761,-0.26070307485567623
1762,0.14818285756720473
1763,1.6149883569424603
1764,-0.14063411999084885
1765,0.4017798748338267
1766,1.2142573690354863
1767,0.0021617393332461488
1768,0.2974631224908584
1769,2.166768270734069
1770,0.11107843861570099
1771,0.3378544037048197
1772,1.8333656356276142
1773,0.13558154529620003
1774,0.0657112588875215
1775,1.4036301057546299
1776,-0.23162872281625646
1777,0.40847991195197386
1778,1.7927903798578098
1779,-0.2839877950601606
1780,0.8015150434383855
1781,2.9084251511719517
1782,-0.10260744895723317
1783,0.46064920878130744
1784,1.6953604264910584
1785,0.04113060069041807
1786,0.6002192982174452
1787,1.656609902883347
1788,-0.1358378388739634
1789,0.07175834565055039
1790,1.8152229071334212
1791,-0.05632878255592677
1792,1.7650864852093466
1793,2.0221765656982407
1794,-0.37773028562133504
1795,1.0906975574064122
1796,1.039333122246138
1797,0.043670680904227654
1798,0.23401554268191727
1799,3.608596705120114
1800,0.22275767154784243
1801,2.7138754120492106
1802,4.221281488797798
1803,0.2183531181327364
1804,0.6425971433684841
1805,3.1121766691711743
1806,-0.2745967982632901
1807,0.5975570582126812
1808,1.595840987652151
1809,-0.24024559180627436
1810,0.8604840205179692
1811,1.4722339134788274
1812,-0.060686764501322266
1813,0.2694678683435754
1814,1.7628519781455187
1815,-0.1358378388739634
1816,0.331525039593628
1817,1.0899401002440758
1818,-0.3001116420447235
1819,0.25926196816212743
1820,2.714062774601264
1821,0.19123410101592075
1822,0.08776488978674069
1823,2.1727894223615496
1824,-0.2745967982632901
1825,0.4150616120014339
1826,2.7746034937311594
1827,-0.2839877950601606
1828,0.5216128331417507
1829,1.1540606449946902
1830,-0.19507094025927663
1831,0.792843193959528
1832,2.0518383030454896
1833,0.2611982559270164
1834,-0.07179818824309181
1835,3.005994115480396
1836,-0.05632878255592677
1837,0.1404195835806542
1838,1.3928545448871008
1839,-0.32635444102453004
1840,0.3785836969845523
1841,1.6640871673336146
1842,0.12310287807714915
1843,0.004667570788907449
1844,1.710680917171994
1845,-0.060686764501322266
1846,0.47810336993358105
1847,2.0366544938689297
1848,-0.1191877100460913
1849,0.2784548446144277
1850,1.9923964764411606
1851,-0.08219265564946632
1852,0.14995221200652475
1853,1.4432606261834167
1854,-0.3372195417281796
1855,0.21247828497256893
1856,1.2273153102018934
1857,0.043670680904227654
1858,0.368417754643626
1859,2.623340660267079
1860,-0.343005596364245
1861,0.22396634197811904
1862,0.9886259070126603
1863,-0.26011443440093684
1864,0.3095416704860876
1865,1.3838141292437043
1866,0.0
1867,-0.3381437542543366
1868,0.04301320846190426
1869,1.29402978901742
1870,0.12310287807714915
1871,0.03816894437577356
1872,2.3491527265857197
1873,0.0032574545241556008
1874,0.17459149178942224
1875,1.0273757485936494
1876,-0.3613339149998035
1877,0.08525077084425503
1878,1.3442312227354811
1879,0.12310287807714915
1880,0.1457974212342914
1881,1.7621483523674708
1882,-0.18109782784784845
1883,0.28749438686981466
1884,2.048216451876949
1885,-0.25577032821782797
1886,0.5055185221711929
1887,1.2570732212851292
1888,0.020085789058602033
1889,-10.0
1890,2.4660545226355124
1891,-0.2660839942989509
1892,0.18406111470655961
1893,1.0361172984043479
1894,-0.1274079626794764
1895,0.4458116336425971
1896,-10.0
1897,-0.33828735465081083
1898,0.6430157225346251
1899,3.180143294589369
1900,-0.2745967982632901
1901,0.777809678787923
1902,1.4242491902417247
1903,-0.25577032821782797
1904,0.3415923407172594
1905,1.2117892641407044
1906,0.19293849977677302
1907,-0.18596577658622993
1908,0.9815730119345689
1909,-0.24101202341637784
1910,-0.09365259298978634
1911,2.3687033745809196
1912,-0.30014042493439075
1913,0.540423335336658
1914,1.5861608656072148
1915,-0.1638342690034288
1916,0.2764789781437672
1917,2.2750267635192722
1918,-0.2745967982632901
1919,1.071830375394984
1920,1.5661813451988296
1921,0.07840954477587292
1922,0.10137125096856159
1923,1.9895862966991544
1924,0.3901906940347867
1925,1.405892705272164
1926,2.705379275346829
1927,-0.3281325855807139
1928,1.3408874457471156
1929,4.793282036913605
1930,-0.1983985236179756
1931,0.40498770904884296
1932,1.5124881127963308
1933,-0.2745967982632901
1934,0.5307730221321596
1935,1.8597815861591356
1936,0.02512959004087889
1937,0.7334833631519158
1938,3.938614298152328
1939,-0.1191877100460913
1940,1.0021175034981822
1941,3.0010867190125863
1942,1.0066668739979963
1943,0.27173551689219533
1944,2.3843668606127255
1945,-0.43581599228365864
1946,0.07463695934340742
1947,1.137350178750392
1948,-0.19920386758137865
1949,0.42652198296055066
1950,2.0822526293866304
1951,0.1477974330311812
1952,0.03307849493378345
1953,2.144180960763074
1954,0.0032574545241556008
1955,0.3753884143464665
1956,1.6245179107402177
1957,-0.19507094025927663
1958,0.39344392643735593
1959,1.5933824625583215
1960,0.3500401235064009
1961,0.43002935631250283
1962,1.3224574316768556
1963,-10.0
1964,1.437950081007697
1965,3.017964341233324
1966,-0.1358378388739634
1967,0.35267029953445195
1968,1.1018149181189387
1969,-0.24101202341637784
1970,0.7463307789811092
1971,2.0364327764018455
1972,-0.25754840896603604
1973,0.5910945982212937
1974,-10.0
1975,-0.18109782784784845
1976,0.3240018620157433
1977,1.504293024872267
1978,-0.055280625897490165
1979,0.8909139613598072
1980,1.8451759453017365
1981,-0.1657400982377002
1982,0.23371377533760562
1983,3.8672495611143543
1984,-0.01020389161134383
1985,0.1005062754589574
1986,1.100300314235378
1987,1.0066668739979963
1988,0.1447912591784104
1989,2.1338783452262597
1990,-0.21013034294983823
1991,0.4134759827373068
1992,-10.0
1993,-0.24024559180627436
1994,0.49543406204930995
1995,1.6825999351359484
1996,0.11222079646221339
1997,1.7166116995121568
1998,3.6370243285656274
1999,0.19293849977677302
2000,-0.024668242205929447
2001,1.2177405091652118
2002,0.2611982559270164
2003,0.03454528018687553
2004,0.90268107835153
2005,-0.33828735465081083
2006,-0.003799641561631373
2007,1.5396362099508636
2008,0.20128868213789908
2009,0.22923128913384372
2010,-10.0
2011,-10.0
2012,2.490543142107071
2013,1.3200374805104804
2014,-0.33828735465081083
2015,0.3072850079858406
2016,1.103715995291504
2017,0.2088394064996778
2018,0.1875029273584894
2019,1.8430510486114529
2020,0.30320138876883485
2021,0.3724604847798556
2022,4.687646244857222
2023,-0.26070307485567623
2024,0.372649111850918
2025,1.8673689437509917
2026,-0.05632878255592677
2027,0.9436712074440734
2028,0.02512959004087889
2029,0.6629017025819091
2030,3.215606962786741
2031,-0.3613339149998035
2032,1.1165678352446444
2033,0.9713377119871294
2034,-0.1191877100460913
2035,0.3814356867837536
2036,4.632875301085994
2037,0.15136809022333864
2038,-10.0
2039,3.1055413292708858
2040,-0.02472021587935458
2041,0.5116381901737871
2042,3.053305312766289
2043,-0.1274079626794764
2044,0.44859406849313277
2045,-10.0
2046,0.011277666057257218
2047,0.8259530726549806
2048,1.608558648965668
2049,-0.1358378388739634
2050,0.31052722084001494
2051,1.5324486846206216
2052,0.02512959004087889
2053,0.42128062063854466
2054,1.8570815709148851
2055,0.07840954477587292
2056,0.340651090703876
2057,-10.0
2058,0.020085789058602033
2059,0.2722048186950068
2060,1.9889024105544482
2061,0.01815570533026134
2062,0.7832512932866929
2063,0.8206799301677237
2064,-0.343005596364245
2065,0.11193014808432822
2066,1.364752193187109
2067,-10.0
2068,1.2040359562838598
2069,1.5540021647770965
2070,0.11107843861570099
2071,0.09496705534797356
2072,1.838288342044766
2073,-0.2902523925216365
2074,0.26270302088301645
2075,2.8814330398189334
2076,0.0
2077,0.07840954477587292
2078,0.5272587815441447
2079,4.321405975049126
2080,0.11222079646221339
2081,0.7235063097848635
2082,2.0174923705710746
2083,0.19123410101592075
2084,0.3514992107792416
2085,4.014030139800694
2086,0.12310287807714915
2087,1.0173343285214709
2088,2.8648799180378415
2089,-0.13697295846410817
2090,0.3542675755087141
2091,3.266868493958775
2092,-0.1358378388739634
2093,1.3562248334881157
2094,2.586685153234677
2095,0.01815570533026134
2096,1.1012244687222303
2097,6.600460982577456
2098,0.22275767154784243
2099,0.48746070037143063
2100,2.590798283158378
2101,0.19123410101592075
2102,0.5694333999421324
2103,2.0068885926169404
2104,0.19123410101592075
2105,0.07567231515255224
2106,1.7480005565330172
2107,-10.0
2108,1.036327048201689
2109,1.9460538369702254
2110,0.19623039968498246
2111,0.519570077567687
2112,1.0865183334718644
2113,-0.18109782784784845
2114,0.28749438686981466
2115,1.4834100009454574
2116,-0.3613339149998035
2117,0.6108646425863734
2118,1.5636614404248637
2119,0.011277666057257218
2120,0.18950802005940348
2121,2.1112588799593404
2122,-0.1305301710815473
2123,0.3930793335388221
2124,1.8467230983054128
2125,-10.0
2126,1.6844196064696133
2127,1.6615717352668793
2128,-0.1657400982377002
2129,0.5723157344546378
2130,1.5797136761777355
2131,-0.1305301710815473
2132,0.35571455005504116
2133,1.4800114830515037
2134,-0.1274079626794764
2135,0.24803679835786963
2136,6.259959134319584
2137,-0.2839877950601606
2138,2.465965540870556
2139,3.187877375330596
2140,-0.1983985236179756
2141,0.5423435275656185
2142,1.3126455122275624
2143,-10.0
2144,1.0378868033035205
2145,1.50398881871196
2146,-0.01020389161134383
2147,0.4118904600905513
2148,-10.0
2149,-0.24101202341637784
2150,0.2968937386729199
2151,3.3720546379836316
2152,-10.0
2153,1.1755807105140839
2154,2.244083192666272
2155,0.029041619080667824
2156,0.5403557518712612
2157,-10.0
2158,-0.01020389161134383
2159,0.19200180012023638
2160,0.812311423230188
2161,-0.21013034294983823
2162,0.13854511378719103
2163,1.1193129957754924
2164,0.30320138876883485
2165,-0.000486620358128631
2166,1.8435317848618755
2167,0.01815570533026134
2168,0.48451459882103975
2169,1.933524963806699
2170,-0.2924476823568408
2171,0.16431457958336115
2172,1.310268114822711
2173,0.19123410101592075
2174,0.2057231529647119
2175,3.1572783854317987
2176,-0.18109782784784845
2177,0.3554395214989178
2178,1.818500358404501
2179,-0.05632878255592677
2180,0.14383779119311557
2181,4.079274539833515
2182,0.0
2183,-0.26011443440093684
2184,0.11414689765117603
2185,1.4735791735051953
2186,-10.0
2187,1.1095862817301407
2188,1.8346551417141528
2189,0.11222079646221339
2190,0.3914196241217194
2191,2.786015692655586
2192,-0.21013034294983823
2193,0.0871485229274711
2194,0.9869258354121396
2195,0.08781330024211964
2196,0.841961898434318
2197,2.3768570106517877
2198,0.0032574545241556008
2199,1.1990181936463002
2200,5.71100222919546
2201,0.0032574545241556008
2202,0.42140623184483506
2203,1.603160535548779
2204,0.053151156030451285
2205,0.10419150430274837
2206,1.2339489990200418
2207,-10.0
2208,1.0197679940228495
2209,2.9754317452518677
2210,-0.25661711515750774
2211,0.7433828748424924
2212,0.20128868213789908
2213,0.20516349224681862
2214,1.6441071438023516
2215,0.06974430682094213
2216,0.016064692780888512
2217,2.673620570401295
2218,0.3500401235064009
2219,0.008992496134727856
2220,2.2367181449131204
2221,-0.37773028562133504
2222,1.0813706087575432
2223,2.6374784047721125
2224,-0.1638342690034288
2225,0.45467397708164137
2226,1.0767099100516035
2227,0.02512959004087889
2228,1.025129580040879
2229,-0.10260744895723317
2230,0.6161895164255511
2231,2.2096516677486067
2232,-0.2745967982632901
2233,0.6442207075998723
2234,1.8780598043184344
2235,-0.1518370775355976
2236,-10.0
2237,3.621142956668187
2238,-0.1191877100460913
2239,0.3912954818028338
2240,1.4792729109050768
2241,0.053151156030451285
2242,-0.0491624898221239
2243,1.4732450804959774
2244,0.2088394064996778
2245,0.33802834383692604
2246,1.2212292949882475
2247,-0.43581599228365864
2248,0.545707009876588
2249,1.651133470288599
2250,-0.3569460632591316
2251,0.8461404964799943
2252,3.4159118460512943
2253,0.011928288398080356
2254,-10.0
2255,3.5448466103483383
2256,-0.2745967982632901
2257,0.2365948254530168
2258,1.345336472137626
2259,-0.2839877950601606
2260,0.33132381288084
2261,1.5596252564982762
2262,0.0032574545241556008
2263,0.3553062302175276
2264,1.2020038342730945
2265,-0.343005596364245
2266,0.5743177088171031
2267,2.772459734735852
2268,0.11107843861570099
2269,0.08477802355986941
2270,2.4548640498297676
2271,0.043670680904227654
2272,-10.0
2273,3.3064059865976763
2274,0.1477974330311812
2275,-10.0
2276,3.81942190190406
2277,0.1477974330311812
2278,-10.0
2279,3.7295433197336556
2280,0.02512959004087889
2281,0.6629017025819091
2282,1.6983861268656253
2283,-0.08691166535444261
2284,0.4513302649605272
2285,1.5247091804479096
2286,-0.25577032821782797
2287,0.6698828747688368
2288,2.8053230433146084
2289,-0.33828735465081083
2290,0.7655339035501241
2291,1.2234804096364105
2292,-0.3381437542543366
2293,0.28921936534007453
2294,3.02240119937679
2295,-0.2845928200976152
2296,0.5208503302557411
2297,1.1778215704129598
2298,-0.24101202341637784
2299,0.8307256174947345
2300,2.036440794707805
2301,0.45511003488514634
2302,-0.18199407841665272
2303,2.057448253346901
2304,-0.33828735465081083
2305,0.7301592428691559
2306,1.598825103905617
2307,-0.09803803003042932
2308,0.6589189172159127
2309,1.5581387769738375
2310,0.020085789058602033
2311,-10.0
2312,8.08890998731026
2313,-0.055280625897490165
2314,0.7663424368160383
2315,5.215293876915423
2316,0.13558154529620003
2317,-0.0030616334574162796
2318,5.21280009469923
2319,0.19293849977677302
2320,-0.02353430681327562
2321,1.4842633535300327
2322,-0.25754840896603604
2323,0.37803037639181614
2324,3.1089331755652725
2325,1.0066668739979963
2326,1.1914170435534817
2327,4.110285860837485
2328,-0.1518370775355976
2329,-10.0
2330,3.8624563251751676
2331,-0.18109782784784845
2332,0.08996942835408961
2333,2.730637562495283
2334,0.3901906940347867
2335,0.08514871837256877
2336,3.1748298732220013
2337,-0.19920386758137865
2338,0.3915857234389206
2339,3.4514978680868498
2340,-0.2155023475211456
2341,0.2718076401896995
2342,1.5592876232508828
2343,-0.26011443440093684
2344,0.03574952926422137
2345,1.1787671466803644
2346,-0.25754840896603604
2347,0.27154028551085807
2348,2.760141746540529
2349,-10.0
2350,1.864108714877259
2351,4.290315414950433
2352,0.07840954477587292
2353,2.03508923564696
2354,3.9471041823403947
2355,0.053151156030451285
2356,-10.0
2357,3.1816687150446774
2358,-0.14063411999084885
2359,-10.0
2360,-10.0
2361,-0.1191877100460913
2362,0.43523229762407034
2363,1.2165330714350118
2364,-0.25577032821782797
2365,0.011583062783473541
2366,3.756900612275217
2367,0.19623039968498246
2368,0.21834705930885856
2369,1.9628397759536924
2370,-0.26070307485567623
2371,0.1303979307158193
2372,1.6384735010625961
2373,-0.37773028562133504
2374,0.6652994845633596
2375,3.0560439920849336
2376,0.020085789058602033
2377,0.20501727928380253
2378,-10.0
2379,-0.24024559180627436
2380,0.23466973903092725
2381,1.283013827660153
2382,-0.1638342690034288
2383,0.3934642818297557
2384,2.1556183793511083
2385,0.3901906940347867
2386,1.6613154112879016
2387,2.9938685858440057
2388,-10.0
2389,1.3075912363278013
2390,1.630892014346436
2391,-10.0
2392,1.1945953602102668
2393,1.9811411665941099
2394,-0.01020389161134383
2395,0.15085425977986233
2396,1.4349260719263466
2397,-0.2876137945904501
2398,0.21941429110252608
2399,2.8383656968318363
2400,0.2183531181327364
2401,0.45554346820200164
2402,2.0496924707757893
2403,-0.25577032821782797
2404,0.5390041974074165
2405,1.1278080283357768
2406,-0.25661711515750774
2407,0.40609035441056895
2408,1.4671770124316788
2409,0.19293849977677302
2410,0.4544488817321579
2411,2.1545580992919118
2412,-0.19920386758137865
2413,0.6628147032679801
2414,1.5356654830352479
2415,-0.21438931649027926
2416,0.6176684265801844
2417,2.9859563188077374
2418,-0.25577032821782797
2419,-10.0
2420,3.1977240063638046
2421,0.04113060069041807
2422,0.29837790918384965
2423,1.0736812959675321
2424,-0.2745967982632901
2425,0.23004482820602068
2426,4.545018624467831
2427,-10.0
2428,-10.0
2429,0.30320138876883485
2430,0.7276032347262857
2431,5.209372651166497
2432,-10.0
2433,1.3075912363278013
2434,2.3225589140528005
2435,-0.343005596364245
2436,0.43131311692384877
2437,1.732858985503986
2438,-0.2875566529978749
2439,0.27073740530545043
2440,2.0356500720907467
2441,-0.1191877100460913
2442,0.6146478007084906
2443,3.101571209794529
2444,-0.2839877950601606
2445,0.21188016528787312
2446,1.3930350286906095
2447,0.020085789058602033
2448,-10.0
2449,2.4119687401948458
2450,-0.343005596364245
2451,0.10252684911130172
2452,1.8820492657986545
2453,-0.3281325855807139
2454,0.3455693265443993
2455,1.1961060076737315
2456,0.20128868213789908
2457,0.40053180994141546
2458,2.9664705026344054
2459,0.0021617393332461488
2460,0.14773947861294512
2461,1.243144588430235
2462,0.0032574545241556008
2463,-0.04396816045182894
2464,2.073372433262925
2465,-0.1983985236179756
2466,1.307035970310113
2467,2.1440331714142564
2468,0.13558154529620003
2469,0.5458918169428251
2470,5.003858728032569
2471,-0.32635444102453004
2472,0.11351764499099504
2473,2.3608771664068624
2474,0.45511003488514634
2475,1.1624489634723092
2476,1.3727274422587752
2477,-0.19920386758137865
2478,0.47563762260310183
2479,1.5024725879114587
2480,-0.02472021587935458
2481,0.024324670131579906
2482,1.547503115403746
2483,0.11222079646221339
2484,0.47383231253039115
2485,3.211056480455624
2486,0.15136809022333864
2487,0.5512717423203586
2488,5.4326220411058515
2489,-0.33828735465081083
2490,4.666228394200379
2491,-1.4679835423439094
2492,0.19623039968498246
2493,0.15762769196952764
2494,9.74115887711798
2495,-0.16189400043519053
2496,-10.0
2497,5.502744546693072
2498,-0.10615374950880385
2499,1.0254814975141353
2500,2.2032694310973353
2501,-0.21438931649027926
2502,1.3978372406985324
2503,2.156153860159606
2504,0.2088394064996778
2505,1.6615886552664734
2506,5.48797273286104
2507,0.011928288398080356
2508,0.602184522009235
2509,2.138552495206823
2510,-0.19507094025927663
2511,0.4129913205684408
2512,1.3219188103988926
2513,-0.16189400043519053
2514,0.5442388563353276
2515,1.989010782164736
2516,0.07840954477587292
2517,1.0459220396419862
2518,2.6701804812610725
2519,-0.20799659742620424
2520,0.19181381719173118
2521,-10.0
2522,0.19123410101592075
2523,-10.0
2524,-10.0
2525,-0.2924476823568408
2526,0.11785234862077743
2527,1.2122142000635252
2528,-0.21438931649027926
2529,0.2160003047165986
2530,1.152418373580789
2531,-0.21013034294983823
2532,1.5461322017166754
2533,-10.0
2534,-0.13565193035796264
2535,0.4677246724596005
2536,1.7239455676198652
2537,0.06974430682094213
2538,1.0697442968209423
2539,-0.2876137945904501
2540,0.2514379249234815
2541,1.385398176652214
2542,-0.13565193035796264
2543,0.4201312617266062
2544,1.5498942264313993
2545,0.12310287807714915
2546,1.3762815725940731
2547,2.0594326451322456
2548,-0.33828735465081083
2549,0.2312967283039039
2550,1.2688371133151763
2551,-0.2155023475211456
2552,0.39018659358305163
2553,2.579904485603131
2554,-0.13697295846410817
2555,0.42747751491013064
2556,4.706063251539966
2557,0.1477974330311812
2558,0.8952187762489763
2559,2.226152756153687
2560,0.3500401235064009
2561,0.4497242775830077
2562,1.9722523103732807
2563,-0.2660839942989509
2564,0.5893850122032998
2565,2.137697090542324
2566,0.45511003488514634
2567,-0.2045147695316658
2568,3.1466738711814375
2569,-0.343005596364245
2570,0.38489464924380623
2571,1.3186218835751327
2572,0.1477974330311812
2573,0.07523707207493424
2574,1.7527163439097795
2575,-10.0
2576,0.8957719920044629
2577,1.1086655095221283
2578,0.0032574545241556008
2579,-0.04396816045182894
2580,1.3588868700324355
2581,0.053151156030451285
2582,0.2709993761659313
2583,1.5711550016202964
2584,0.011928288398080356
2585,0.45846410385204406
2586,4.5079084082920895
2587,0.029041619080667824
2588,1.169616190999291
2589,1.8895404066419967
2590,-0.25754840896603604
2591,0.34826008993988544
2592,2.510696577426507
2593,-0.14063411999084885
2594,0.2230371374666168
2595,1.5961396465695783
2596,0.0
2597,-0.1983985236179756
2598,-10.0
2599,2.591542606903391
2600,0.011928288398080356
2601,0.5117177952568763
2602,1.5338675714165537
2603,-0.1983985236179756
2604,-0.03282799617203547
2605,1.4292017669848172
2606,-0.2875566529978749
2607,0.29472234701791644
2608,1.932973650478856
2609,0.19123410101592075
2610,0.06448241033484292
2611,1.4998116988728432
2612,-0.1657400982377002
2613,-10.0
2614,3.8221761748180327
2615,-0.20799659742620424
2616,0.3681607914630266
2617,0.5453031393029825
2618,-10.0
2619,1.4467865321934288
2620,3.6477441754676505
2621,0.19293849977677302
2622,-0.0008995221179322055
2623,1.6189235187486348
2624,-0.19507094025927663
2625,0.11419098449579734
2626,1.6416943541729454
2627,-0.1657400982377002
2628,2.2228616661085954
2629,-10.0
2630,0.053151156030451285
2631,0.7365408152403146
2632,3.4124772499217197
2633,0.04113060069041807
2634,4.867718161489295
2635,10.344726570983914
2636,-0.2876137945904501
2637,0.4558033618963827
2638,3.336451256974237
2639,0.19623039968498246
2640,0.42218326083242586
2641,3.537963998880385
2642,-0.08219265564946632
2643,0.265620089419783
2644,1.39222980032605
2645,0.011928288398080356
2646,0.45846410385204406
2647,3.195141493952396
2648,0.12310287807714915
2649,0.13354930001857324
2650,2.006680681959278
2651,-0.1518370775355976
2652,0.481632685940638
2653,2.0505609556346407
2654,-0.3381437542543366
2655,0.5239945328267653
2656,1.1788827785911373
2657,0.04113060069041807
2658,1.4784342163622866
2659,-10.0
2660,-0.09803803003042932
2661,0.8615266351555448
2662,5.83253471405647
2663,-0.2875566529978749
2664,0.5347983291586188
2665,1.6714010399290418
2666,0.11222079646221339
2667,0.5375953235138282
2668,2.0806724774655097
2669,0.19293849977677302
2670,-0.20318871241464365
2671,0.8393333480897353
2672,0.3901906940347867
2673,0.11582701281536889
2674,1.0912860030544016
2675,-0.1358378388739634
2676,0.6116617065292389
2677,4.267604548361929
2678,0.12310287807714915
2679,0.3761016260865102
2680,2.349928013750125
2681,-10.0
2682,1.7571454311577304
2683,1.8052155976201276
2684,-0.3569460632591316
2685,0.24690416810909743
2686,1.754181247217141
2687,-0.343005596364245
2688,0.8420217212589772
2689,1.231659282791065
2690,-0.18109782784784845
2691,0.41388452862764236
2692,2.229750177972255
2693,0.02512959004087889
2694,0.26435006015178675
2695,2.3036399942078303
2696,-0.25577032821782797
2697,0.21403734785395434
2698,1.4065916356381325
2699,0.30320138876883485
2700,1.6013849274596832
2701,6.473686193540119
2702,0.12310287807714915
2703,-0.09006483840995738
2704,2.0687136043228573
2705,0.011277666057257218
2706,0.5469119853337272
2707,3.1815692390741956
2708,0.0
2709,-0.13697295846410817
2710,0.17551899528322124
2711,2.227839145994153
2712,0.011928288398080356
2713,0.2069629245066562
2714,1.36062163070145
2715,-0.2876137945904501
2716,0.3254294550735327
2717,2.214102224119615
2718,-0.3281325855807139
2719,0.7982782515870821
2720,1.4463977807393629
2721,-0.3613339149998035
2722,0.4937310146593342
2723,1.117337094322642
2724,0.011928288398080356
2725,0.6035810874854448
2726,3.6153726699806397
2727,0.04113060069041807
2728,0.2936581573917192
2729,2.579786882934933
2730,0.46363638035651633
2731,-10.0
2732,5.699374411652887
2733,-0.18109782784784845
2734,-0.04142333767647444
2735,0.8915782099580857
2736,-10.0
2737,0.8949386421076113
2738,1.9800234584934646
2739,-0.2660839942989509
2740,0.6826920905471563
2741,1.5243049913051756
2742,-0.37773028562133504
2743,0.6186001521379395
2744,2.243448919373145
2745,0.0032574545241556008
2746,0.12045510969265338
2747,1.9805138959179702
2748,-0.43581599228365864
2749,0.8312203629465861
2750,1.2061840132519217
2751,0.043670680904227654
2752,0.368417754643626
2753,3.4255663341383444
2754,-0.3281325855807139
2755,0.5246302872747999
2756,1.2331497742995565
2757,-10.0
2758,0.7438868109062611
2759,1.6684625891038503
2760,-0.29133154022062646
2761,0.07750561526365474
2762,0.8311069784893382
2763,-0.23162872281625646
2764,0.14151399857540647
2765,2.105835916835245
2766,-0.2876137945904501
2767,0.4897994024058806
2768,2.4607582481047365
2769,0.020085789058602033
2770,-10.0
2771,3.2062041698930255
2772,-0.10260744895723317
2773,0.46063818140831114
2774,3.9349258595254906
2775,-10.0
2776,1.5342294342493246
2777,2.4819244031637018
2778,0.2183531181327364
2779,0.18717807714094348
2780,2.0037111056552703
2781,-0.1191877100460913
2782,0.14711204522592292
2783,2.7004292160552996
2784,-0.2875566529978749
2785,0.6152949003744216
2786,1.8984436923872983
2787,-0.2660839942989509
2788,0.0627803238460295
2789,2.081444951353375
2790,-0.21438931649027926
2791,0.530118962185365
2792,1.2710964065982338
2793,-0.13565193035796264
2794,0.18977004717969814
2795,1.3203031724093655
2796,-0.2876137945904501
2797,0.21909005311223195
2798,1.7744480262616453
2799,0.19123410101592075
2800,-10.0
2801,4.403269177685209
2802,-0.08219265564946632
2803,0.22071399319959173
2804,1.2602370018525033
2805,-0.1305301710815473
2806,0.262352842018871
2807,1.913896462355469
2808,0.2088394064996778
2809,0.5264487669773161
2810,1.3976348723803989
2811,-0.02472021587935458
2812,0.24553582276457775
2813,0.9449203433944837
2814,-0.26011443440093684
2815,0.36879767013438425
2816,6.363392834281564
2817,-0.2902523925216365
2818,0.3162820425810603
2819,1.7880719520641501
2820,-0.1657400982377002
2821,0.2248887026890879
2822,-10.0
2823,0.19623039968498246
2824,-0.024266822361784124
2825,1.6608585439007386
2826,0.13558154529620003
2827,0.031850157227717
2828,2.3443590587020235
2829,-0.08691166535444261
2830,0.22102828405592245
2831,3.216123340971836
2832,0.2611982559270164
2833,-0.13138054408944644
2834,3.3719369170013795
2835,-0.1518370775355976
2836,0.6260800013947486
2837,5.394572185071061
2838,0.20128868213789908
2839,0.1381996628363622
2840,1.5620463100033697
2841,-0.09803803003042932
2842,0.9627253826712143
2843,1.9908722498175235
2844,0.0032574545241556008
2845,0.07339875035149812
2846,1.3191290068930535
2847,-0.2902523925216365
2848,0.4572519060682182
2849,1.5941309334163856
2850,-0.19920386758137865
2851,0.5007241370747115
2852,2.832701152077994
2853,0.0
2854,1.0066668739979963
2855,-0.39806787101367225
2856,2.3964357103557044
2857,0.2088394064996778
2858,0.13601250383589303
2859,1.6338356531902314
2860,0.029041619080667824
2861,0.5073664368078501
2862,2.076379242829963
2863,0.0
2864,-0.13697295846410817
2865,0.23065739702722765
2866,1.1024018733261085
2867,0.029041619080667824
2868,-10.0
2869,3.4693032328898643
2870,-0.21438931649027926
2871,-0.06533152006929721
2872,0.8304567123858259
2873,0.029041619080667824
2874,0.3673343894079808
2875,2.2861648550708997
2876,0.46363638035651633
2877,0.5896895776633015
2878,5.673152098217237
2879,-0.14063411999084885
2880,0.30903706545665643
2881,1.2184845656186987
2882,-0.3381437542543366
2883,0.9512556418133248
2884,3.701581969094169
2885,-0.1191877100460913
2886,0.3374826271218718
2887,2.5797741623856876
2888,-0.3372195417281796
2889,0.49850534042257744
2890,2.187882149945506
2891,-0.23162872281625646
2892,0.21286420626719715
2893,1.3292285292462447
2894,0.0032574545241556008
2895,0.20539248642310226
2896,1.7774986548293545
2897,-0.30014042493439075
2898,-0.07499181939101729
2899,1.9479838862135685
2900,-10.0
2901,1.178290107034019
2902,1.4458638078529977
2903,0.3901906940347867
2904,0.7700126962859128
2905,2.299488197022329
2906,-0.08219265564946632
2907,0.39627692083195043
2908,2.3968933635745127
2909,0.08781330024211964
2910,0.4572642371912661
2911,1.951296771689251
2912,-0.05632878255592677
2913,1.6660033789725106
2914,4.975969733693933
2915,-0.2745967982632901
2916,0.2716379977890586
2917,1.3087719622194012
2918,0.02512959004087889
2919,0.8405901501173785
2920,2.1300063072394506
2921,0.11107843861570099
2922,0.37882191457888537
2923,1.870495718351597
2924,0.020085789058602033
2925,1.0200857790586022
2926,-10.0
2927,1.3026804132769692
2928,1.6146470811889668
2929,-10.0
2930,1.381932356276111
2931,1.8189904623555357
2932,-0.055280625897490165
2933,0.5094516475421691
2934,2.2755505964709375
2935,0.2611982559270164
2936,0.44566442225854064
2937,1.1549090056236633
2938,0.011277666057257218
2939,0.28163845193621784
2940,1.7502792133341598
2941,-0.2924476823568408
2942,0.7724010895554548
2943,2.01492172226241
2944,0.13558154529620003
2945,0.0428944606954913
2946,1.9062920321919536
2947,-0.08219265564946632
2948,0.893438726326527
2949,-10.0
2950,0.11222079646221339
2951,0.6394456904926897
2952,2.075331513166581
2953,-0.1274079626794764
2954,0.7212854015981135
2955,1.3873124478772652
2956,-0.10615374950880385
2957,0.2727791115759097
2958,1.6818099014765282
2959,-10.0
2960,1.2536376242216114
2961,2.5459083597666528
2962,-0.1305301710815473
2963,0.3110341005895021
2964,2.2393458386936036
2965,-10.0
2966,1.6011102274923479
2967,5.2548729270836265
2968,-0.1638342690034288
2969,0.9157675445787609
2970,1.878384118511687
2971,-0.13697295846410817
2972,0.16283980536821718
2973,2.217030827878289
2974,-0.2875566529978749
2975,0.005062393436081503
2976,1.3714247734137368
2977,0.22275767154784243
2978,0.6106967125869862
2979,5.2503327607337855
2980,-0.37773028562133504
2981,0.6544039272660268
2982,1.9672751171598937
2983,0.45511003488514634
2984,-0.11627693261988159
2985,2.1417180345581697
2986,-0.37773028562133504
2987,1.1483071591085472
2988,2.271924859807173
2989,-10.0
2990,1.4461599594760928
2991,1.9497988300087177
2992,-0.25754840896603604
2993,0.37803037639181614
2994,1.7383315819634795
2995,0.053151156030451285
2996,0.15638367527273367
2997,1.471591741638051
2998,0.0
2999,0.0021617393332461488
3000,0.5195173891194504
3001,0.5979062784154248
3002,-10.0
3003,1.4806138800117215
3004,2.09462000366711
3005,-0.32635444102453004
3006,0.03839399498651885
3007,1.4653856003129624
3008,0.029041619080667824
3009,0.5656902833957185
3010,1.6813556347987604
3011,0.45511003488514634
3012,-0.019366230603093504
3013,1.6577771904896315
3014,-0.2924476823568408
3015,0.580999694460986
3016,3.6904100254600616
3017,0.07840954477587292
3018,0.23689125305043635
3019,1.0907437277606653
3020,0.13558154529620003
3021,0.677707334676749
3022,2.1339838324363765
3023,-10.0
3024,-10.0
3025,3.048177650906341
3026,-0.26070307485567623
3027,0.22440402029380557
3028,1.6342594461113191
3029,-10.0
3030,1.4887893890508723
3031,-10.0
3032,0.2183531181327364
3033,0.3817202511920921
3034,4.5367721831456755
3035,-10.0
3036,1.3561999858959783
3037,2.140696982249329
3038,-0.2745967982632901
3039,0.24940826961913287
3040,1.2361966498071664
3041,-0.21438931649027926
3042,0.2833601720835721
3043,1.4558898171014087
3044,-0.3613339149998035
3045,0.655649590189752
3046,1.2941623947593452
3047,-0.2660839942989509
3048,0.14357541988915556
3049,1.561937132961673
3050,0.011277666057257218
3051,0.5912864517816603
3052,2.941129624849002
3053,0.3500401235064009
3054,1.350040113506401
3055,-0.01020389161134383
3056,0.031389452285639496
3057,3.579882960293789
3058,-0.05632878255592677
3059,0.38065162997631663
3060,6.158822175254492
3061,-0.02472021587935458
3062,0.19465758741922834
3063,2.9812784794297884
3064,0.020085789058602033
3065,0.20501727928380253
3066,1.5394338087194297
3067,0.15136809022333864
3068,0.14714573563430422
3069,5.152851088034436
3070,-0.30014042493439075
3071,0.7208564525991566
3072,1.1336377408877854
3073,1.0066668739979963
3074,0.9656360249678055
3075,2.894375077821245
3076,-0.2660839942989509
3077,0.43156696347944723
3078,1.530690686517134
3079,-0.14063411999084885
3080,0.4306834587191496
3081,1.8283891912621126
3082,-0.37773028562133504
3083,0.5985517000597528
3084,1.9962376635699592
3085,0.2088394064996778
3086,0.5801186735256962
3087,2.5348365373970925
3088,0.30320138876883485
3089,0.1039127015494905
3090,3.924503423931935
3091,-0.343005596364245
3092,0.4568126004320213
3093,1.8643581340117197
3094,0.3901906940347867
3095,2.22076253503232
3096,1.8758341304348551
3097,0.45511003488514634
3098,-0.04638288380535749
3099,2.0871184770013773
3100,-0.1638342690034288
3101,0.30223700311930346
3102,1.2723472274441514
3103,-0.1638342690034288
3104,0.35165766541077137
3105,2.0111612468666253
3106,0.19623039968498246
3107,0.15045776533921296
3108,2.0613836075801943
3109,0.011277666057257218
3110,0.2007112744975046
3111,2.40674490247934
3112,-0.1657400982377002
3113,-10.0
3114,4.100661244305305
3115,-0.43581599228365864
3116,0.4302723912817351
3117,2.352581566841148
3118,-0.24024559180627436
3119,0.28903691416136945
3120,1.1770240468806958
3121,0.020085789058602033
3122,1.2041203144473058
3123,2.8599598832329347
3124,0.020085789058602033
3125,0.28833370468982333
3126,5.611907885957913
3127,-0.2839877950601606
3128,2.873434227921464
3129,3.7260449069894452
3130,-0.3281325855807139
3131,0.9156378561129761
3132,1.2165167516986228
3133,0.2611982559270164
3134,0.35901819828399684
3135,2.8226280801132013
3136,-0.3381437542543366
3137,0.840331526630875
3138,1.9888904361798752
3139,-0.29133154022062646
3140,0.5988426685943775
3141,1.7242590992303033
3142,0.2088394064996778
3143,0.3456302920702563
3144,1.7767090012311675
3145,-0.1191877100460913
3146,0.5420257845147267
3147,1.4746960787262084
3148,-0.1191877100460913
3149,0.3956331083751383
3150,1.1057155448211602
3151,-0.2876137945904501
3152,0.4846359508351755
3153,-10.0
3154,-0.19507094025927663
3155,0.5268428671950416
3156,1.663135445815979
3157,-0.13697295846410817
3158,0.15999071548534705
3159,1.2874306809118863
3160,-0.26011443440093684
3161,0.6087534730367359
3162,1.4881005220030181
3163,0.3500401235064009
3164,1.283067950002705
3165,4.306879986595265
3166,-0.10260744895723317
3167,0.6424553376980668
3168,0.8194532462899162
3169,-0.25577032821782797
3170,0.21303710219877525
3171,1.4139170603887008
3172,-0.1191877100460913
3173,0.8940937038245749
3174,4.171769510546225
3175,-10.0
3176,1.2349690740155344
3177,1.481693659013525
3178,-0.2924476823568408
3179,0.5932811689615608
3180,4.4833553860017705
3181,0.11222079646221339
3182,0.2386234614140068
3183,2.433540172896726
3184,0.15136809022333864
3185,0.4089892633077796
3186,1.2546269012540325
3187,-0.20799659742620424
3188,0.008519149185906683
3189,1.414010833840071
3190,-0.19507094025927663
3191,0.15237543887328897
3192,1.5819025375292048
3193,-10.0
3194,0.9670334575531865
3195,1.9348246964272622
3196,-0.08691166535444261
3197,0.7870831415809142
3198,5.8653585814913605
3199,0.04113060069041807
3200,0.4520231655923237
3201,4.258882156465197
3202,-0.21013034294983823
3203,1.1883110124424654
3204,1.9861591407759625
3205,-0.33828735465081083
3206,0.10340084128197025
3207,1.6875758696456917
3208,-0.25754840896603604
3209,0.6147030992567338
3210,2.195320666101732
3211,0.0
3212,-0.09803803003042932
3213,0.9224220383367787
3214,2.15468320603137
3215,0.011928288398080356
3216,-10.0
3217,4.747539240048255
3218,-0.2839877950601606
3219,0.7797870042538386
3220,1.222724279292719
3221,-0.2876137945904501
3222,0.3385322318870133
3223,1.1392625208797342
3224,-0.22771614835425835
3225,0.19532658802105718
3226,1.9630825221393755
3227,-0.24024559180627436
3228,0.42094149906025613
3229,0.7442073344372772
3230,0.22275767154784243
3231,0.3847441513205909
3232,1.7479122269685405
3233,-0.2745967982632901
3234,0.5493527526457238
3235,1.3160344783609965
3236,0.3500401235064009
3237,0.4904330981989231
3238,2.2184012613247903
3239,-10.0
3240,1.6903594842780347
3241,2.2808220638547545
3242,-10.0
3243,1.2350982841586307
3244,1.170191416309871
3245,-0.1358378388739634
3246,0.33111085559065545
3247,1.0553965846566171
3248,-0.25661711515750774
3249,0.3014267697088142
3250,1.2853412267713817
3251,-0.2745967982632901
3252,0.2716379977890586
3253,0.9282184807793559
3254,-0.19920386758137865
3255,0.21830935743771485
3256,2.261121692747532
3257,-0.2902523925216365
3258,0.35031804550581025
3259,1.3733977115605729
3260,-0.2839877950601606
3261,0.7085387740038072
3262,-10.0
3263,-0.1191877100460913
3264,0.5253266332041877
3265,1.9113634263355357
3266,-10.0
3267,1.406724725492379
3268,1.36635251247145
3269,-0.055280625897490165
3270,0.6340147424853448
3271,1.9955162741180197
3272,0.011928288398080356
3273,1.3811989687047277
3274,2.3748765021490983
3275,0.0
3276,0.043670680904227654
3277,1.0833387450606211
3278,1.2074349144402123
3279,-0.02472021587935458
3280,0.3407647123780576
3281,3.0660866623719514
3282,-0.2839877950601606
3283,0.342136114573945
3284,1.8985947394204734
3285,-0.25661711515750774
3286,0.7433828748424924
3287,-0.16189400043519053
3288,-10.0
3289,3.807128515391714
3290,0.13558154529620003
3291,0.8248649941970825
3292,2.5584503292370506
3293,-0.2924476823568408
3294,0.1355648223136784
3295,2.069572029228851
3296,-0.26011443440093684
3297,0.2375157088416855
3298,1.4307700430163455
3299,0.02512959004087889
3300,0.8621354421463567
3301,2.307490766463338
3302,-0.055280625897490165
3303,0.14181445600059805
3304,1.238190508744714
3305,0.20128868213789908
3306,-0.01457175524344434
3307,2.7147810004270867
3308,-0.10615374950880385
3309,0.5635598400178627
3310,1.9241480259786317
3311,-0.09803803003042932
3312,1.1536666421010522
3313,1.0650659666970093
3314,-0.26011443440093684
3315,0.43344213283760435
3316,1.1808012799073653
3317,-0.10260744895723317
3318,0.14087510361688604
3319,2.3251320074409763
3320,-0.2660839942989509
3321,0.31960985617959214
3322,1.019440634571001
3323,0.043670680904227654
3324,-0.0893835045718836
3325,2.208826522825955
3326,-10.0
3327,1.092206752178477
3328,-10.0
3329,0.043670680904227654
3330,0.9947665409714657
3331,4.81232993676729
3332,0.029041619080667824
3333,0.5297088655765692
3334,2.5831313603615706
3335,-0.33828735465081083
3336,0.1419409642785736
3337,1.7710901059195185
3338,0.04113060069041807
3339,0.028818907609562627
3340,1.6954049755756713
3341,-0.1638342690034288
3342,0.5449983478276684
3343,2.764198510189593
3344,-0.22771614835425835
3345,0.07552628795273031
3346,2.530840231487608
3347,0.020085789058602033
3348,0.34108222539969435
3349,-10.0
3350,0.04113060069041807
3351,0.4218006364080933
3352,2.82530258391954
3353,-10.0
3354,1.5853637270773258
3355,1.2748990741336939
3356,-0.13565193035796264
3357,-10.0
3358,3.7521359151408777
3359,-0.43581599228365864
3360,0.07641864665881049
3361,1.1230510856579115
3362,-0.37773028562133504
3363,0.7062332628800855
3364,2.3990144593862346
3365,-0.43581599228365864
3366,0.5336401782569277
3367,1.6973009216476622
3368,-0.343005596364245
3369,0.08373696583639711
3370,1.9016910618804603
3371,-0.43581599228365864
3372,0.15833178881290422
3373,1.6634372340574575
3374,-0.1638342690034288
3375,0.6806517787132581
3376,1.4173163368844315
3377,0.15136809022333864
3378,0.3872313901386337
3379,4.003617961967404
3380,-0.2924476823568408
3381,0.02217045680221763
3382,1.5875312965995758
3383,-0.060686764501322266
3384,0.3943093093758221
3385,1.8113522041376673
3386,-0.08691166535444261
3387,0.1887874293036581
3388,1.4653068153954036
3389,-0.20799659742620424
3390,0.48350420906022695
3391,1.3847657841454657
3392,1.0066668739979963
3393,2.683708677882268
3394,3.3477649645874337
3395,-0.22771614835425835
3396,0.5243833798048323
3397,2.34323199023296
3398,0.11107843861570099
3399,0.30323459927700314
3400,2.735827290025316
3401,0.22275767154784243
3402,1.1929660327090066
3403,2.6120837812564854
3404,0.06974430682094213
3405,0.2454217907712093
3406,4.53560483295695
3407,0.19293849977677302
3408,-0.2930078375637175
3409,1.0254561883408353
3410,-0.16189400043519053
3411,0.08160281995764784
3412,1.370211737481871
3413,0.1477974330311812
3414,0.423143183211399
3415,1.508818842387181
3416,-0.22771614835425835
3417,0.32260759431619923
3418,1.5755970333945835
3419,0.1477974330311812
3420,2.113660443477177
3421,4.900541060940784
3422,0.020085789058602033
3423,0.020778198381832924
3424,3.6887504530799604
3425,-0.25661711515750774
3426,0.8552517496863425
3427,2.480510310070331
3428,-0.2745967982632901
3429,0.7902731380402732
3430,3.9083467248706287
3431,0.0032574545241556008
3432,0.3139423975472655
3433,1.6757613881863025
3434,0.053151156030451285
3435,0.3006663917843655
3436,5.0971492849611115
3437,0.029041619080667824
3438,0.7047610003408229
3439,-10.0
3440,0.011928288398080356
3441,0.40673633498684136
3442,3.096814151327674
3443,-0.05632878255592677
3444,0.38920670634865806
3445,8.721483639390168
3446,-0.2845928200976152
3447,0.4449150133131706
3448,1.768347222946728
3449,-0.3001116420447235
3450,1.010848393890944
3451,1.719360124193695
3452,-0.1305301710815473
3453,1.5943913045202165
3454,0.9700366607510942
3455,-0.10615374950880385
3456,0.6932887424936307
3457,3.549066898481618
3458,-0.3569460632591316
3459,0.3068899394850245
3460,2.7539453924834754
3461,-0.3372195417281796
3462,0.29602431091496906
3463,3.6679216443933473
3464,-0.060686764501322266
3465,0.33123297549636255
3466,1.5487613562755302
3467,0.043670680904227654
3468,0.31973763527974297
3469,1.3429348403378432
3470,0.01815570533026134
3471,0.4600541647259404
3472,2.238904171343215
3473,-0.2155023475211456
3474,0.6212945931138106
3475,1.6923156885787136
3476,0.15136809022333864
3477,0.14714573563430422
3478,1.8055386446943649
3479,-0.08219265564946632
3480,0.4460366702887325
3481,1.1615137721796278
3482,-0.10615374950880385
3483,0.8938462404911963
3484,0.3500401235064009
3485,0.21416731276009449
3486,4.034452007480665
3487,-0.08691166535444261
3488,0.9130883246455576
3489,0.45511003488514634
3490,-0.03960326894764421
3491,1.3257140237521667
3492,-0.3281325855807139
3493,1.245384368746854
3494,1.893413781873013
3495,0.2088394064996778
3496,1.166096655894975
3497,4.047400477994014
3498,0.11222079646221339
3499,0.18130405877480626
3500,2.7305012574612224
3501,-0.19507094025927663
3502,0.792843193959528
3503,1.9568698541267537
3504,-0.23162872281625646
3505,0.40575485126300126
3506,2.5892545445686403
3507,-0.2876137945904501
3508,0.30136159343423385
3509,3.603050718360538
3510,0.020085789058602033
3511,0.653496108242922
3512,8.12340388885896
3513,-0.2924476823568408
3514,0.3248643800216203
3515,1.5575395351450079
3516,-0.32635444102453004
3517,0.41717647048776063
3518,1.4721394759213744
3519,-0.16189400043519053
3520,0.8962310478246348
3521,1.8007528814498908
3522,-0.1638342690034288
3523,0.10697149593951949
3524,1.1100654108050256
3525,-0.2155023475211456
3526,0.46088978289210913
3527,3.07118124902119
3528,-0.23162872281625646
3529,0.35629686511024417
3530,1.310963795514864
3531,-0.1274079626794764
3532,0.3250161600435898
3533,1.5231193366438822
3534,-10.0
3535,0.8658996010121175
3536,2.7727289397040797
3537,-0.2839877950601606
3538,0.2505651354275171
3539,0.8592007309821751
3540,-0.2924476823568408
3541,0.1662972428317807
3542,2.1026877579845857
3543,1.0066668739979963
3544,0.12431703136916727
3545,1.2436640508064098
3546,-0.343005596364245
3547,1.1944671216146778
3548,3.507314730501441
3549,-0.25577032821782797
3550,0.23048967391097053
3551,1.6103502452763307
3552,0.011928288398080356
3553,-0.010361920624786247
3554,5.420713407785389
3555,0.3901906940347867
3556,0.7871503613802839
3557,4.0786749521623795
3558,-0.20799659742620424
3559,-0.06558040567295875
3560,1.3988694362871306
3561,-0.08219265564946632
3562,0.3812485338347552
3563,1.592393815482273
3564,-0.3281325855807139
3565,1.9865374409239576
3566,3.7307227453039262
3567,0.0021617393332461488
3568,0.46238864800973944
3569,2.1934204191841724
3570,0.2611982559270164
3571,0.0383243096699768
3572,2.352281983192717
3573,-0.1657400982377002
3574,0.2601279394573107
3575,1.4599267261213655
3576,-0.2839877950601606
3577,0.342136114573945
3578,6.582064956166433
3579,-0.1191877100460913
3580,0.4238271662783415
3581,1.3135365399691585
3582,-0.25577032821782797
3583,0.19413173118514127
3584,1.362784257841779
3585,-0.26011443440093684
3586,0.12038553531703389
3587,1.2209328357986544
3588,0.3500401235064009
3589,0.556530178401019
3590,1.914456594351856
3591,-0.32635444102453004
3592,0.11288228274234524
3593,1.6139808668349451
3594,-10.0
3595,1.26297538743565
3596,1.435921489740472
3597,-0.26011443440093684
3598,1.4442113066038866
3599,4.024441099461893
3600,-0.05632878255592677
3601,1.103020771917226
3602,1.479304265634042
3603,-0.05632878255592677
3604,1.0999110991007766
3605,2.701964037753588
3606,0.029041619080667824
3607,0.40334855078532805
3608,2.9591590377818813
3609,-0.3001116420447235
3610,0.24974443675845215
3611,1.642042752244779
3612,-0.3281325855807139
3613,-0.04671945821767831
3614,1.3869914375752304
3615,-0.26070307485567623
3616,0.3613774907436368
3617,2.1826138380474536
3618,-10.0
3619,1.0982312961670881
3620,1.7631959501302088
3621,0.11222079646221339
3622,0.5375953235138282
3623,3.0631469969940257
3624,-0.26070307485567623
3625,1.1845321706639402
3626,2.0403594089469337
3627,0.12310287807714915
3628,0.1407838394116907
3629,3.0213586987326178
3630,-0.2924476823568408
3631,0.18218298079765727
3632,2.9780954739025907
3633,0.053151156030451285
3634,-10.0
3635,4.315342210377597
3636,-0.343005596364245
3637,0.08087277533698967
3638,1.2628823808164924
3639,-0.14063411999084885
3640,0.4723613736802327
3641,1.3817959837704696
3642,-10.0
3643,0.8949386421076113
3644,0.9053210535696666
3645,0.020085789058602033
3646,1.0754176261789408
3647,1.7482008038157701
3648,-0.29133154022062646
3649,0.4716643607173039
3650,1.6452302992817158
3651,-0.1983985236179756
3652,1.284127309199187
3653,4.348510508099379
3654,-0.2902523925216365
3655,1.2889451737442332
3656,2.9483036467267696
3657,0.0021617393332461488
3658,-10.0
3659,3.0386823495773356
3660,-0.30014042493439075
3661,0.1829282089609442
3662,1.3759682721553292
3663,-0.3381437542543366
3664,0.924389941902999
3665,5.9634202610739
3666,-0.343005596364245
3667,1.6735555941060567
3668,5.039999892448836
3669,0.043670680904227654
3670,0.5575567902548462
3671,2.1663700884448396
3672,-0.32635444102453004
3673,0.2885677441491832
3674,1.4028209753239844
3675,-0.10260744895723317
3676,0.24142407749067596
3677,3.916119681733968
3678,0.46363638035651633
3679,0.1155294250127501
3680,1.41818440421919
3681,-0.08219265564946632
3682,0.13317728260196404
3683,1.267864566880948
3684,-0.1657400982377002
3685,0.24845699250937703
3686,1.4087470947778624
3687,-0.3001116420447235
3688,0.2604061391657376
3689,1.116324598576428
3690,-0.22771614835425835
3691,0.5371665608575402
3692,2.133146728100844
3693,-0.02472021587935458
3694,0.24294160324686287
3695,1.9292791134863736
3696,0.011277666057257218
3697,0.16461022940356007
3698,1.2455506503381109
3699,-0.2902523925216365
3700,0.555369178538727
3701,1.9486870565753427
3702,0.01815570533026134
3703,0.08423094180033686
3704,0.9335192359765025
3705,-0.19920386758137865
3706,0.46774608056530464
3707,-10.0
3708,0.0021617393332461488
3709,0.06465880933902146
3710,3.0709716511488914
3711,-0.2902523925216365
3712,0.3022663435387455
3713,1.9862236054589872
3714,0.06974430682094213
3715,0.03288526161769134
3716,-10.0
3717,-0.1657400982377002
3718,0.8751195617626376
3719,2.5084386362102715
3720,-10.0
3721,-10.0
3722,3.276320820145901
3723,-0.1638342690034288
3724,0.5546367873871735
3725,1.5370992301195072
3726,0.20128868213789908
3727,1.41417234531657
3728,2.4605923059814025
3729,-0.25661711515750774
3730,0.44538486330906313
3731,0.8209998739498303
3732,-0.25661711515750774
3733,0.5108411501382635
3734,1.6899139094947462
3735,0.2611982559270164
3736,-0.16485005425294252
3737,5.682015268905785
3738,-10.0
3739,1.4813941975264342
3740,1.9141365729706639
3741,-10.0
3742,1.160440957553778
3743,1.8273642486461943
3744,-0.3001116420447235
3745,0.18266006469367835
3746,2.6643255035067543
3747,-0.19507094025927663
3748,0.2747277827644825
3749,1.1195887883676214
3750,0.12310287807714915
3751,0.49491524313028523
3752,1.7506956209781757
3753,-0.1983985236179756
3754,0.40693136546970243
3755,3.2012372941880622
3756,-0.37773028562133504
3757,0.567943044973057
3758,1.4016636878527449
3759,-0.3569460632591316
3760,0.609011781638582
3761,1.4901468106605518
3762,0.1477974330311812
3763,0.35295900544935344
3764,2.5482507936991174
3765,-0.25661711515750774
3766,0.25816068133857684
3767,-10.0
3768,0.11222079646221339
3769,-0.002096736212574779
3770,4.757377545960104
3771,-0.08691166535444261
3772,0.34784794086256154
3773,-10.0
3774,0.0
3775,-0.2176484484735849
3776,0.2633353024948417
3777,2.363045798964849
3778,-0.43581599228365864
3779,0.4869003787077225
3780,1.83045830004442
3781,0.043670680904227654
3782,1.4499494617658928
3783,1.9675719708130743
3784,-0.25661711515750774
3785,0.3151228221412645
3786,1.815792097402467
3787,0.15136809022333864
3788,0.4388643253454665
3789,1.9684266292422117
3790,0.020085789058602033
3791,0.35403012097701136
3792,1.7133844158751521
3793,0.45511003488514634
3794,0.37847241589889635
3795,3.1218042100639014
3796,-0.02472021587935458
3797,0.20744320336666877
3798,2.2285072565424917
3799,-0.19507094025927663
3800,0.9005230565872147
3801,1.4611726930156996
3802,-0.19920386758137865
3803,0.6284140749845641
3804,-10.0
3805,-0.24101202341637784
3806,0.2968937386729199
3807,1.518648858675757
3808,-0.19920386758137865
3809,0.37036995675007556
3810,4.80257154530239
3811,0.0
3812,-0.13565193035796264
3813,0.2826160480921698
3814,1.6071724094070787
3815,0.12310287807714915
3816,0.1457974212342914
3817,1.123476218140455
3818,-0.2902523925216365
3819,0.31251759394693746
3820,1.3468685792979762
3821,-0.13565193035796264
3822,0.04649966662078142
3823,2.4784684795726557
3824,0.020085789058602033
3825,3.706106930237789
3826,3.1101844821917757
3827,-0.1638342690034288
3828,0.44585708917872335
3829,1.3831095789835013
3830,-0.02472021587935458
3831,0.49375315893427063
3832,1.8025819077975038
3833,0.0021617393332461488
3834,7.449176205780575
3835,4.432463665686623
3836,0.01815570533026134
3837,1.3703607573601755
3838,6.237550840992883
3839,-0.18109782784784845
3840,0.020731905431709663
3841,1.0200108020916598
3842,0.11107843861570099
3843,1.0276106295035181
3844,3.25131044157887
3845,-10.0
3846,1.0717048543531265
3847,1.6316040112244063
3848,-0.3372195417281796
3849,0.36642998111526026
3850,1.5633682604963166
3851,-10.0
3852,1.3478083232163407
3853,1.9617838234989888
3854,-0.26070307485567623
3855,0.07397350673529679
3856,-10.0
3857,-0.20799659742620424
3858,0.18067622259228444
3859,1.2583018088431563
3860,-0.26011443440093684
3861,0.31159539849900075
3862,1.0589545455687617
3863,-0.20799659742620424
3864,0.4616522678880469
3865,2.246166123723353
3866,0.3500401235064009
3867,0.8499581092304429
3868,9.29631526404774
3869,-0.21438931649027926
3870,0.5390617639783244
3871,1.2456100141756403
3872,0.011928288398080356
3873,1.9570726064190944
3874,5.77473261425196
3875,0.20128868213789908
3876,-0.06791993382377082
3877,1.9208008399756267
3878,-0.2875566529978749
3879,-0.04228058689085279
3880,2.094921733408113
3881,-0.25754840896603604
3882,0.8068374202695959
3883,2.034297785397108
3884,1.0066668739979963
3885,0.9656360249678055
3886,3.0398767073814463
3887,0.011277666057257218
3888,0.014572593121445543
3889,2.182867478351201
3890,-0.18109782784784845
3891,0.48057433922966675
3892,1.796393909342661
3893,-0.3372195417281796
3894,0.793062984136703
3895,3.0150999306087884
3896,-0.3001116420447235
3897,0.3854919230878173
3898,2.620876435583665
3899,0.46363638035651633
3900,0.2861490094765564
3901,1.8034010627854418
3902,-0.2839877950601606
3903,0.17188759958860522
3904,1.4941816298753996
3905,-0.3281325855807139
3906,0.4030494853623836
3907,1.3956655389185029
3908,-0.18109782784784845
3909,0.4381431473807632
3910,1.9078248810551484
3911,-0.24024559180627436
3912,0.49120910110645954
3913,1.7398987106480719
3914,-10.0
3915,1.1489126154723142
3916,4.5207801849852345
3917,-0.10615374950880385
3918,0.18134592431309948
3919,1.4673580916088529
3920,-0.3281325855807139
3921,0.6991157570713686
3922,1.737614714418165
3923,-0.01020389161134383
3924,0.015601590562837497
3925,1.7596922988958974
3926,-0.2839877950601606
3927,0.3018525451276308
3928,1.1237489461161958
3929,0.15136809022333864
3930,0.34860119799536293
3931,2.482802491582412
3932,-0.3001116420447235
3933,0.8095297573638127
3934,1.40736954507874
3935,0.13558154529620003
3936,0.5946174619043587
3937,3.687013623853558
3938,0.011928288398080356
3939,0.30692830703409113
3940,1.5017626004667801
3941,-0.37773028562133504
3942,0.17508662093944916
3943,7.070723471763235
3944,-0.16189400043519053
3945,0.47939987890871716
3946,1.6248350522172068
3947,0.15136809022333864
3948,0.4089892633077796
3949,2.348514977403223
3950,-0.2876137945904501
3951,0.5834444350623614
3952,3.138461302284539
3953,-0.2902523925216365
3954,0.7997819610692135
3955,2.4123530436825407
3956,-0.2902523925216365
3957,0.2544846905256284
3958,1.4450460209968146
3959,-0.343005596364245
3960,0.6160612958608037
3961,1.7661356828108763
3962,-0.1191877100460913
3963,0.5308935484754431
3964,3.167351164160983
3965,0.0
3966,-0.09803803003042932
3967,0.16760599590823966
3968,1.4416316981702708
3969,-0.1518370775355976
3970,0.3994239846738231
3971,5.00904119561385
3972,-0.18109782784784845
3973,0.08996942835408961
3974,1.7375381384086133
3975,0.2183531181327364
3976,-0.12602621738316033
3977,2.366116742930533
3978,0.19293849977677302
3979,0.5008856326165021
3980,0.9971442913342248
3981,-10.0
3982,1.0348034992101514
3983,2.924699012302242
3984,-0.1657400982377002
3985,0.44702202331338226
3986,1.1001704501106282
3987,-0.37773028562133504
3988,0.3315340753289032
3989,1.7976842487215547
3990,-0.08219265564946632
3991,-0.008403727629709312
3992,1.1519919857981056
3993,0.043670680904227654
3994,0.19819925937212646
3995,1.4621365492024752
3996,0.46363638035651633
3997,-0.0051864303172366455
3998,1.9591106675073902
3999,-0.16189400043519053
4000,0.5601530188612581
4001,2.0939443110227174
4002,1.0066668739979963
4003,0.5393518025545267
4004,2.202652410304366
4005,0.3901906940347867
4006,1.2036200271200292
4007,4.417380790707901
4008,-10.0
4009,1.3359703705355792
4010,3.1505771786214227
4011,-0.3001116420447235
4012,0.26401115207693837
4013,1.746963830165512
4014,-10.0
4015,1.1457820699015089
4016,1.1457820699015089
4017,0.029041619080667824
4018,0.7742390460020558
4019,4.4299752964867976
4020,0.01815570533026134
4021,0.4926527081109777
4022,1.7506874856416257
4023,0.2088394064996778
4024,0.5801186735256962
4025,2.419687929284282
4026,-0.25754840896603604
4027,0.3913779865409456
4028,5.0465102766469165
4029,0.029041619080667824
4030,-10.0
4031,-10.0
4032,-0.1518370775355976
4033,0.25979642910001777
4034,2.534759752177755
4035,-0.30014042493439075
4036,0.30950753260489317
4037,1.1629781449894163
4038,-0.2924476823568408
4039,0.18218298079765727
4040,1.7539293939588385
4041,-0.37773028562133504
4042,0.44361476716388115
4043,1.4247236525224816
4044,-0.19507094025927663
4045,2.1409707118597714
4046,-10.0
4047,0.45511003488514634
4048,-0.22510194653556082
4049,1.8957626912828212
4050,-10.0
4051,1.4850559642416723
4052,2.507374484068718
4053,-0.1274079626794764
4054,1.772718192369335
4055,-10.0
4056,-0.21013034294983823
4057,0.14175320726663054
4058,1.7460077782840273
4059,-0.2902523925216365
4060,0.7997819610692135
4061,0.9759986360084734
4062,0.13558154529620003
4063,-0.05484530367627061
4064,1.4906031628709706
4065,0.2611982559270164
4066,0.6985128774916973
4067,2.526177776686601
4068,0.0
4069,-0.10615374950880385
4070,3.8971588319587633
4071,3.2909686822427924
4072,-10.0
4073,0.8168326321726296
4074,1.7732325877185429
4075,-0.29133154022062646
4076,0.6503294275748215
4077,1.988724492738827
4078,0.2183531181327364
4079,0.5027968718048885
4080,2.621912351106025
4081,-0.2839877950601606
4082,0.042886332752495315
4083,1.1566623579514532
4084,-0.21013034294983823
4085,0.33498597172495226
4086,1.2141736461893073
4087,-0.09803803003042932
4088,1.764014865010887
4089,4.463397561942254
4090,-0.13565193035796264
4091,0.4029840246180514
4092,1.10425839339295
4093,-0.24024559180627436
4094,0.7412809840632378
4095,3.2192471264961435
4096,0.06974430682094213
4097,0.4253946315130084
4098,1.7244512437866868
4099,-0.21013034294983823
4100,0.6201617815141999
4101,2.054757565058136
4102,0.06974430682094213
4103,0.2997007435082544
4104,-10.0
4105,0.20128868213789908
4106,1.0049761861664208
4107,-10.0
4108,0.04113060069041807
4109,0.9134117576007665
4110,2.2117421308288505
4111,-0.13697295846410817
4112,0.14126280637850352
4113,1.294130274275103
4114,-0.2745967982632901
4115,0.4150616120014339
4116,1.3611778138887964
4117,-0.1638342690034288
4118,0.1438628896929992
4119,1.3480616524341094
4120,0.0021617393332461488
4121,0.28494846321012535
4122,1.0629376618359987
4123,0.19293849977677302
4124,-0.23749853758163764
4125,1.1495597557226604
4126,-0.060686764501322266
4127,0.8237980841160428
4128,1.9232202618603447
4129,-0.26011443440093684
4130,0.06674267167875358
4131,1.9977494649127006
4132,-0.01020389161134383
4133,0.29745652753869334
4134,1.240947305883221
4135,-0.2839877950601606
4136,0.6770778571505558
4137,1.2704840333853002
4138,0.0
4139,-0.1305301710815473
4140,0.6803290644552564
4141,1.310173325639529
4142,0.11222079646221339
4143,1.2388391071350753
4144,1.5638943616821015
4145,-0.1518370775355976
4146,0.3420601890919909
4147,1.544243297158145
4148,-0.055280625897490165
4149,0.2724328861447938
4150,1.2354064006734058
4151,-0.3613339149998035
4152,0.6081085309181596
4153,1.015770248233626
4154,-0.08691166535444261
4155,0.1523782887276447
4156,1.5133361857864112
4157,-0.29133154022062646
4158,0.5271251232627387
4159,1.989517039655351
4160,-0.26070307485567623
4161,0.4320627671428713
4162,1.6108381030923817
4163,-0.2176484484735849
4164,0.38087609425883295
4165,1.8151841661324266
4166,-0.1358378388739634
4167,0.4355766877769671
4168,2.3845826221796784
4169,-0.25577032821782797
4170,0.8276233696687618
4171,4.158142341898399
4172,0.2183531181327364
4173,0.05403189078412862
4174,1.9804298698044822
4175,0.08781330024211964
4176,0.7460629136665669
4177,2.0943373952652116
4178,0.19623039968498246
4179,0.2841303398295085
4180,1.6706536054358136
4181,-0.32635444102453004
4182,0.3141968030273796
4183,1.9629565040030565
4184,-0.05632878255592677
4185,-0.05748457925027617
4186,2.0374977829456578
4187,-0.2845928200976152
4188,0.5279359810181529
4189,2.395392356678362
4190,0.1477974330311812
4191,0.10674422877401857
4192,1.6845869118308616
4193,-0.43581599228365864
4194,0.32583583461611976
4195,1.5513497985938485
4196,-0.24101202341637784
4197,0.7463307789811092
4198,4.695147760323634
4199,-0.13697295846410817
4200,0.13510454936649152
4201,1.0756066679470309
4202,0.011928288398080356
4203,0.3151610790487849
4204,2.7545976956746205
4205,-10.0
4206,1.5306767276809128
4207,2.7411906002806
4208,-0.1358378388739634
4209,0.814568343581529
4210,1.3434469629088206
4211,-0.2155023475211456
4212,0.5958721139541313
4213,-10.0
4214,-0.3381437542543366
4215,0.4283340528891685
4216,1.0428343316826676
4217,0.1477974330311812
4218,1.1365241338743994
4219,-0.011917776199475982
4220,-0.2902523925216365
4221,0.8762273609942962
4222,2.97359509571798
4223,0.1477974330311812
4224,0.04107935918380967
4225,1.8981234747727347
4226,-0.2845928200976152
4227,0.6084080749174153
4228,2.6480339366097496
4229,-0.13697295846410817
4230,0.10099288055001421
4231,2.53305932650179
4232,-0.1983985236179756
4233,0.2033886001134677
4234,2.795113107944557
4235,0.020085789058602033
4236,0.34108222539969435
4237,2.3644428315337223
4238,-0.1518370775355976
4239,0.4242772096262871
4240,3.9178870372830823
4241,-0.02472021587935458
4242,0.5895825820877071
4243,2.4055259237651017
4244,-0.1983985236179756
4245,0.46965003353953905
4246,2.3495417886503125
4247,-0.21438931649027926
4248,1.1255054773477082
4249,-10.0
4250,-0.20799659742620424
4251,0.3470414385172619
4252,2.0179590829824017
4253,0.3901906940347867
4254,4.121918658277551
4255,10.210226747097735
4256,-0.25661711515750774
4257,0.6771703359812644
4258,-10.0
4259,-0.43581599228365864
4260,0.33576975253513974
4261,1.7549376193507238
4262,-0.02472021587935458
4263,0.24294160324686287
4264,1.7508453401814434
4265,-0.3569460632591316
4266,1.1004226635209449
4267,2.1790995381294573
4268,-0.2155023475211456
4269,1.4941272326858859
4270,2.872273930268099
4271,-0.21438931649027926
4272,0.18613270349016797
4273,1.3936372060408337
4274,-0.1657400982377002
4275,0.41317860655823535
4276,1.255865365914094
4277,0.11222079646221339
4278,0.6142949721499749
4279,2.6553133274515996
4280,-10.0
4281,0.8168326321726296
4282,1.585742915244825
4283,-0.1305301710815473
4284,0.17662983067769167
4285,2.084455456614747
4286,-0.02472021587935458
4287,0.3407647123780576
4288,1.9262721150776978
4289,-0.08219265564946632
4290,0.1961076877320861
4291,2.1272194742645523
4292,-0.2660839942989509
4293,0.38484096768811327
4294,1.1446367893048413
4295,-0.3001116420447235
4296,0.2604061391657376
4297,1.7422336441353916
4298,-0.18109782784784845
4299,0.10795090547745678
4300,1.1275271761880086
4301,-0.060686764501322266
4302,0.4504473889001972
4303,-10.0
4304,-0.1518370775355976
4305,-10.0
4306,3.212237096350878
4307,-0.2839877950601606
4308,0.4507059324028264
4309,1.5247258672798882
4310,-0.30014042493439075
4311,0.24187014033030985
4312,1.1579359313299074
4313,0.01815570533026134
4314,1.3449764959032013
4315,3.540908130735794
4316,-0.1983985236179756
4317,0.558627942581817
4318,0.8278990484541404
4319,0.04113060069041807
4320,0.22080672597204876
4321,0.8014866566888079
4322,0.11107843861570099
4323,0.2622020189301777
4324,2.546764543890261
4325,0.01815570533026134
4326,0.08085902383753907
4327,2.5619851039932797
4328,0.0
4329,-10.0
4330,1.9119019387330678
4331,2.6163052486208533
4332,-0.1305301710815473
4333,-0.10983386756063884
4334,1.3646914747172658
4335,-0.08219265564946632
4336,0.5891880662816217
4337,2.8443718170829984
4338,-0.25577032821782797
4339,0.11173565316976342
4340,3.5182264212428507
4341,-0.1305301710815473
4342,0.17662983067769167
4343,2.2660972974209916
4344,0.15136809022333864
4345,0.34860119799536293
4346,1.5330826968537963
4347,-0.1657400982377002
4348,0.9738583028319222
4349,3.690676302393566
4350,-0.21013034294983823
4351,0.08705299711826409
4352,2.2584822669283247
4353,-0.43581599228365864
4354,0.7715125784601798
4355,6.387888173711746
4356,-10.0
4357,1.132285481980107
4358,1.3723608044620597
4359,0.029041619080667824
4360,0.6302334115329471
4361,7.83384645734999
4362,0.011277666057257218
4363,0.28163845193621784
4364,1.7205666271977191
4365,-0.25661711515750774
4366,0.4360984188317327
4367,2.765310396552512
4368,-0.1638342690034288
4369,0.6506536627727869
4370,1.3324814207373878
4371,-0.13565193035796264
4372,0.39757638875204515
4373,1.599136731719384
4374,-0.19507094025927663
4375,0.318409685092208
4376,1.772801610964596
4377,0.0
4378,-0.2745967982632901
4379,0.8850356808750615
4380,3.839920924001823
4381,0.12310287807714915
4382,1.171398987392633
4383,1.282464587114479
4384,-0.1358378388739634
4385,0.2038490912386819
4386,1.7851950956796576
4387,0.30320138876883485
4388,-10.0
4389,2.1090023986644626
4390,0.020085789058602033
4391,-10.0
4392,-10.0
4393,-0.3613339149998035
4394,0.549937007683308
4395,2.1053108905260447
4396,-0.2876137945904501
4397,0.5241824705516033
4398,2.5447814881741686
4399,-0.1191877100460913
4400,1.6116318359454043
4401,7.918565584649377
4402,-0.02472021587935458
4403,0.2859391695927468
4404,2.018731375534562
4405,0.1477974330311812
4406,-10.0
4407,3.7018992364969017
4408,0.043670680904227654
4409,0.09062756827086837
4410,1.453050420098049
4411,-0.21013034294983823
4412,-0.09139877740919267
4413,1.3584448425870357
4414,-0.2902523925216365
4415,0.491938907820307
4416,1.7273480585937278
4417,-0.2155023475211456
4418,0.9907339280519468
4419,3.0355857791762832
4420,-0.24024559180627436
4421,1.3577173735458916
4422,0.5335159833586383
4423,-0.22771614835425835
4424,0.4060048248087027
4425,1.2244988232797396
4426,-0.1983985236179756
4427,0.4705449303112419
4428,1.502157757701508
4429,-0.2660839942989509
4430,-0.0040117212544461545
4431,0.6342335069348147
4432,-0.3613339149998035
4433,0.28837578820815524
4434,1.3047659534867462
4435,-0.29133154022062646
4436,0.42710184819067654
4437,2.0687904424254597
4438,0.12310287807714915
4439,-0.04603533620075795
4440,1.4504216993738785
4441,-0.43581599228365864
4442,0.005743159428291733
4443,1.6332927725641113
4444,-0.01020389161134383
4445,0.16838480393186406
4446,1.5706948243727876
4447,0.053151156030451285
4448,0.20990350250877143
4449,1.6599494597403734
4450,-0.37773028562133504
4451,1.1684697111224036
4452,2.105938271868696
4453,-0.2924476823568408
4454,0.2568336364731427
4455,1.1074956070195072
4456,-0.24101202341637784
4457,0.970516925833467
4458,4.736890778063181
4459,-0.01020389161134383
4460,0.5676888388504999
4461,-10.0
4462,-0.01020389161134383
4463,0.19200180012023638
4464,0.8010944800896747
4465,0.07840954477587292
4466,0.650621105437494
4467,2.490056310417537
4468,-0.10615374950880385
4469,0.13668237901421754
4470,1.700730634070964
4471,0.029041619080667824
4472,-10.0
4473,3.7362625414184896
4474,0.0032574545241556008
4475,0.5163099794252319
4476,1.3397451521790282
4477,-0.24101202341637784
4478,0.8031418196949395
4479,1.338158969680762
4480,-0.3001116420447235
4481,0.3915069517830485
4482,2.1395954242730335
4483,-0.2875566529978749
4484,0.49826481273856704
4485,1.8481381691162457
4486,0.11107843861570099
4487,0.4860027946115837
4488,2.9459871573842973
4489,-0.1518370775355976
4490,0.35777901627880604
4491,2.8056868157383543
4492,-10.0
4493,0.9528649196242589
4494,3.052144582009474
4495,-0.25577032821782797
4496,0.8276233696687618
4497,7.156422540118919
4498,-0.24101202341637784
4499,0.9632055659235988
4500,2.2581766254089413
4501,-0.32635444102453004
4502,0.03839399498651885
4503,1.6686551010714212
4504,-0.16189400043519053
4505,0.38212228726258723
4506,1.9611186187667953
4507,-0.25754840896603604
4508,0.3689664529363549
4509,1.4041030763979425
4510,-0.1657400982377002
4511,0.15878907547578358
4512,-10.0
4513,-0.2155023475211456
4514,0.4559306402618887
4515,1.9805514318453408
4516,-10.0
4517,0.7577971642044384
4518,0.95168377188663
4519,-0.10615374950880385
4520,0.07760991284893903
4521,1.052902566190852
4522,0.0032574545241556008
4523,0.15813994620686733
4524,1.8036127336241325
4525,0.06974430682094213
4526,0.5555722990476728
4527,3.0952032494700803
4528,0.029041619080667824
4529,-10.0
4530,3.1311822126810465
4531,-0.01020389161134383
4532,1.2114329363031981
4533,3.0216072442692163
4534,0.45511003488514634
4535,-0.1997128297857087
4536,-10.0
4537,-0.32635444102453004
4538,0.05285716987750744
4539,1.2676736768675858
4540,-0.1983985236179756
4541,0.9238455116974522
4542,3.357782565925397
4543,0.12310287807714915
4544,0.2127555586014067
4545,2.6024709126494274
4546,0.011277666057257218
4547,-0.062233208104341964
4548,5.478910038814941
4549,0.19123410101592075
4550,-10.0
4551,-10.0
4552,-0.1305301710815473
4553,0.13128145687733528
4554,2.644496286490508
4555,-0.1983985236179756
4556,1.7460493640855992
4557,-0.2815655262124488
4558,-10.0
4559,0.9070838515325743
4560,1.5610086970429953
4561,-0.05632878255592677
4562,0.2576257419194884
4563,3.0114884992934146
4564,-0.22771614835425835
4565,0.49896932080692036
4566,2.4667722588466168
4567,-0.05632878255592677
4568,0.34044703177953395
4569,1.5712031820066479
4570,0.0
4571,-0.14063411999084885
4572,0.8593658700091513
4573,-0.2745967982632901
4574,0.3939261392160138
4575,1.7359621786340085
4576,-0.24101202341637784
4577,-0.05629672398446728
4578,1.6619178450537488
4579,-0.1657400982377002
4580,1.7849084871101044
4581,2.7077862700406174
4582,-0.2155023475211456
4583,0.8833755903463455
4584,1.5041401362778841
4585,0.2183531181327364
4586,0.45554346820200164
4587,1.9479711280395626
4588,-0.29133154022062646
4589,0.5672435672013614
4590,12.723781353016527
4591,-10.0
4592,1.1564700431832804
4593,1.8487116137300983
4594,1.0066668739979963
4595,0.38522861323369684
4596,1.7623717263915721
4597,-0.3613339149998035
4598,0.1588042252619275
4599,3.2787393050291134
4600,0.30320138876883485
4601,2.244558823160946
4602,-10.0
4603,-0.18109782784784845
4604,0.17654291670223443
4605,1.5886139090271125
4606,0.01815570533026134
4607,0.45281194798668056
4608,7.297595280725389
4609,-0.3001116420447235
4610,0.3705094931616404
4611,1.0774674203891925
4612,-0.3613339149998035
4613,0.908941585799662
4614,3.5916792862129823
4615,-0.05632878255592677
4616,0.44192286168565487
4617,-10.0
4618,0.011928288398080356
4619,0.3224901052689739
4620,1.3082597574373738
4621,0.2183531181327364
4622,0.1684386426169946
4623,1.914661555581789
4624,0.12310287807714915
4625,0.3565368918631593
4626,4.1003097063535945
4627,-0.37773028562133504
4628,0.17508662093944916
4629,1.3771208907627859
4630,-0.29133154022062646
4631,0.4108872396630412
4632,2.080889195446365
4633,0.30320138876883485
4634,0.08804941106889785
4635,1.3241504705557707
4636,-0.37773028562133504
4637,0.13443782085085954
4638,0.9279298489786638
4639,-10.0
4640,1.3340568176387981
4641,1.469631459318649
4642,-10.0
4643,1.6320434778949
4644,1.6320434778949
4645,0.06974430682094213
4646,0.09756262875048427
4647,1.6872550433364626
4648,-0.3569460632591316
4649,0.5639187321450378
4650,1.2961438888384902
4651,0.2183531181327364
4652,0.9944010746612841
4653,3.78590334252035
4654,-0.3372195417281796
4655,0.515287206335235
4656,2.1905085425277946
4657,0.020085789058602033
4658,-0.005712344740413711
4659,1.5754933054223395
4660,-0.24101202341637784
4661,1.306271043032499
4662,2.296828038218715
4663,-10.0
4664,1.2842613811164179
4665,1.9511268138988693
4666,0.0032574545241556008
4667,0.17183222930160702
4668,1.6613736904720522
4669,-0.3372195417281796
4670,0.42896171038042796
4671,0.7569107470877154
4672,0.053151156030451285
4673,0.4867519935804414
4674,1.5192043045268977
4675,0.0021617393332461488
4676,0.2009128870102015
4677,2.167142973844502
4678,-0.26070307485567623
4679,0.6896483512262103
4680,13.851973892877368
4681,-0.19920386758137865
4682,0.2741647488296648
4683,5.870337148143518
4684,0.0
4685,-0.25754840896603604
4686,0.2936212181184682
4687,2.2342497350823125
4688,-0.2176484484735849
4689,0.8291122346105095
4690,1.3300192101145665
4691,-0.18109782784784845
4692,0.020731905431709663
4693,2.782804236489112
4694,-10.0
4695,0.9749231320695324
4696,1.2199887780570622
4697,0.08781330024211964
4698,1.1451998407202655
4699,5.445427310562884
4700,-0.23162872281625646
4701,0.5308490014123829
4702,1.5497562154899742
4703,0.11222079646221339
4704,3.7557775465667618
4705,8.738437622628972
4706,-0.13697295846410817
4707,2.0684592890787434
4708,4.229865736967721
4709,-0.2839877950601606
4710,0.645314571034922
4711,2.57531328058028
4712,-0.2875566529978749
4713,0.12601878627380403
4714,1.610101126155878
4715,0.19123410101592075
4716,0.41393913288642015
4717,5.054138955499365
4718,-0.05632878255592677
4719,1.8768740378610822
4720,2.639909986397852
4721,0.11107843861570099
4722,0.12892627620560515
4723,2.644168573432571
4724,-0.19507094025927663
4725,0.539628686983165
4726,0.9099786485184111
4727,-0.05632878255592677
4728,1.157206190246805
4729,1.7699623091270031
4730,-0.21013034294983823
4731,0.08705299711826409
4732,3.4470447615799564
4733,-0.13565193035796264
4734,0.3178019858254808
4735,4.4132982754215035
4736,-0.2745967982632901
4737,0.6988161072002679
4738,1.8438797827619542
4739,-0.43581599228365864
4740,0.6343405535580006
4741,1.5346746889959026
4742,0.0
4743,0.020085789058602033
4744,1.4358366177887547
4745,2.7061496265536564
4746,0.3500401235064009
4747,0.4190358427169276
4748,2.8322432316024995
4749,-0.1305301710815473
4750,0.8988935387084533
4751,1.8259734494664643
4752,-0.10615374950880385
4753,0.2333356161595288
4754,1.6309723543171166
4755,-0.20799659742620424
4756,0.41425098181522435
4757,2.4853165024180193
4758,-10.0
4759,1.864108714877259
4760,2.7377793724072332
4761,-0.29133154022062646
4762,0.25120674060432413
4763,1.5757159150393683
4764,0.20128868213789908
4765,0.35525185075794674
4766,1.0564527607735001
4767,-0.2660839942989509
4768,-10.0
4769,2.573637320273712
4770,-0.26011443440093684
4771,0.290150660158379
4772,0.9196449486756706
4773,-10.0
4774,1.1672031795775046
4775,2.8876649960704435
4776,0.011277666057257218
4777,0.27590207664180766
4778,1.81669417198289
4779,0.043670680904227654
4780,-0.02607532596347384
4781,2.4422659132211706
4782,-0.19920386758137865
4783,0.6797182804956887
4784,3.5846231092588696
4785,0.11222079646221339
4786,0.06151322219089517
4787,1.8999008076043515
4788,-0.19507094025927663
4789,0.1298647595989283
4790,1.0310090804426462
4791,0.08781330024211964
4792,2.157020225025616
4793,4.033521977214664
4794,-10.0
4795,1.58284247763868
4796,1.807314628777411
4797,-0.2902523925216365
4798,0.4920268082264071
4799,2.9448999509477454
4800,-0.3613339149998035
4801,0.9225468629600347
4802,0.9533895301827953
4803,0.053151156030451285
4804,0.7448713216971963
4805,1.8353005305748709
4806,-0.2176484484735849
4807,0.3892364985671859
4808,2.6042449802187653
4809,-0.2745967982632901
4810,0.23004482820602068
4811,2.0694193443059774
4812,-0.25661711515750774
4813,0.4667551664679641
4814,0.7095151477964354
4815,-0.20799659742620424
4816,0.3371637728171407
4817,1.7514075146270767
4818,-0.18109782784784845
4819,0.08439710974599868
4820,2.300511370509142
4821,0.02512959004087889
4822,2.350496101073915
4823,1.3580145047064955
4824,-0.2924476823568408
4825,0.14323165059277265
4826,3.1024048172334924
4827,-0.343005596364245
4828,0.8240400359308998
4829,1.6188224753365381
4830,-0.2902523925216365
4831,1.2889451737442332
4832,2.7070095356151325
4833,0.46363638035651633
4834,0.019356137364684223
4835,-10.0
4836,-0.29133154022062646
4837,0.5037671245337336
4838,1.3222015315601612
4839,-0.3381437542543366
4840,0.19666575467822933
4841,1.8693965337008218
4842,-0.23162872281625646
4843,0.44749110713440843
4844,2.6154432434338433
4845,-0.16189400043519053
4846,0.41282326072387276
4847,1.7952188710293724
4848,-0.2924476823568408
4849,0.42181988153025685
4850,2.79767520954755
4851,-10.0
4852,1.333282891353491
4853,-10.0
4854,-0.2876137945904501
4855,0.33681363526953534
4856,2.279571975611696
4857,-0.29133154022062646
4858,0.33903100287562293
4859,1.5982246155031146
4860,0.020085789058602033
4861,0.12982099122465174
4862,6.554910692078398
4863,-0.055280625897490165
4864,2.4799029125355636
4865,3.7979623930067943
4866,-0.2875566529978749
4867,0.3577878467158929
4868,1.3129737672414314
4869,-0.37773028562133504
4870,0.6114046234420524
4871,1.6278169170011658
4872,-0.22771614835425835
4873,0.7682405314586664
4874,1.4315084847736854
4875,-0.18109782784784845
4876,0.1494314528679681
4877,1.594054335638947
4878,-0.20799659742620424
4879,-10.0
4880,2.4249550174978887
4881,-0.1638342690034288
4882,0.3331449602488811
4883,1.2906039846619357
4884,-10.0
4885,-10.0
4886,3.46097218364054
4887,-0.1191877100460913
4888,0.8537731890616647
4889,1.9221188961862883
4890,-0.05632878255592677
4891,0.7793673143715539
4892,2.055056950117682
4893,-0.1274079626794764
4894,0.43429313899925115
4895,4.108820589505505
4896,-10.0
4897,1.4919822883541365
4898,4.237245753837627
4899,0.13558154529620003
4900,0.04808303019747262
4901,2.856135379885777
4902,0.053151156030451285
4903,0.14583194825836276
4904,1.570521764559911
4905,0.2611982559270164
4906,0.33039202723704153
4907,1.9108125478642433
4908,0.01815570533026134
4909,0.33477339454656074
4910,0.06092827994427563
4911,0.19293849977677302
4912,-0.20471269093898914
4913,2.4822093793372773
4914,0.06974430682094213
4915,0.1964321480371154
4916,1.746638740072065
4917,-0.3569460632591316
4918,0.34847619308782296
4919,1.4227841599350397
4920,-10.0
4921,-10.0
4922,2.7198863532343562
4923,-0.1983985236179756
4924,0.4695810576592305
4925,2.037341124540813
4926,-0.2155023475211456
4927,0.3838817633604349
4928,2.761248097968495
4929,-0.1358378388739634
4930,0.34069155534228535
4931,1.337228728123454
4932,-0.3569460632591316
4933,2.4522191355882277
4934,6.707384265346274
4935,-0.33828735465081083
4936,0.9203833071245036
4937,1.100828745152264
4938,-0.343005596364245
4939,0.7968854244414628
4940,3.1422207575385865
4941,-0.2660839942989509
4942,0.12211157221388569
4943,1.2048951341975442
4944,-0.21438931649027926
4945,0.7291282719354188
4946,2.4424009655705476
4947,-0.10615374950880385
4948,0.6883152466544025
4949,2.59723378082487
4950,-0.23162872281625646
4951,0.8755913446360707
4952,9.208101278188979
4953,-10.0
4954,1.051441631962805
4955,2.597396587481904
4956,-0.09803803003042932
4957,0.9793464280953357
4958,3.4771323043564824
4959,0.11222079646221339
4960,0.47383231253039115
4961,2.3506520201388565
4962,0.01815570533026134
4963,0.7399617252442141
4964,1.7117646705242644
4965,0.11222079646221339
4966,1.8192011257812137
4967,2.816224673310103
4968,-0.1638342690034288
4969,0.6506536627727869
4970,2.946584505240047
4971,-0.3381437542543366
4972,0.28921936534007453
4973,2.044329125966895
4974,0.0
4975,-0.1358378388739634
4976,0.5446353752146458
4977,3.6181590117656146
4978,-0.1358378388739634
4979,0.5559987371619048
4980,1.5692328288589932
4981,-0.1358378388739634
4982,0.5978147114753554
4983,2.125255799589753
4984,0.029041619080667824
4985,0.3054584688148898
4986,2.0601368453292213
4987,-0.2876137945904501
4988,0.43705682602659823
4989,2.0155622004364346
4990,-0.37773028562133504
4991,0.2780771305461043
4992,1.8311451080468664
4993,-10.0
4994,1.1475552349390372
4995,2.045579614705791
4996,-0.26011443440093684
4997,0.45551359452195594
4998,0.9655309470387266
4999,-0.3613339149998035
5000,1.0302410535601614
5001,1.272930898848123
5002,-0.33828735465081083
5003,0.6860439566236205
5004,1.708958486460985
5005,1.0066668739979963
5006,0.7168730023438985
5007,12.257452110714544
5008,-0.05632878255592677
5009,2.768419714538482
5010,1.9855564187397339
5011,0.30320138876883485
5012,2.327815688126197
5013,3.0114955857897368
5014,-0.43581599228365864
5015,0.30411994047825675
5016,1.4197119289938542
5017,0.20128868213789908
5018,0.9578724847543729
5019,3.200293024899016
5020,0.029041619080667824
5021,-10.0
5022,-10.0
5023,-0.3381437542543366
5024,0.713377366573927
5025,1.6620406438492987
5026,0.30320138876883485
5027,0.1039127015494905
5028,3.0976060814504156
5029,-0.08219265564946632
5030,0.4248488611583833
5031,1.2525945122287387
5032,-0.13565193035796264
5033,0.6537907826113727
5034,2.479112900571758
5035,0.15136809022333864
5036,1.1484602193164066
5037,2.6676020650093455
5038,-0.09803803003042932
5039,0.2419081145599673
5040,2.5178288878176738
5041,-0.2876137945904501
5042,0.28524887658556863
5043,1.4198828766203937
5044,-0.3372195417281796
5045,0.29718995384824454
5046,1.7851103045191945
5047,1.0066668739979963
5048,0.6015723844128029
5049,9.969514678849636
5050,-0.32635444102453004
5051,0.3854302091614029
5052,3.2661341887280395
5053,0.20128868213789908
5054,-10.0
5055,-10.0
5056,0.19293849977677302
5057,0.13521902711360556
5058,0.9547458223894121
5059,-0.16189400043519053
5060,-10.0
5061,2.684106560903973
5062,-0.30014042493439075
5063,0.14058739148737975
5064,2.5787676532082413
5065,0.2611982559270164
5066,0.33039202723704153
5067,1.30567799511823
5068,-0.21438931649027926
5069,0.662149123647116
5070,3.4091410677324276
5071,-0.08691166535444261
5072,0.3841802819896577
5073,1.6572339082735301
5074,-0.2902523925216365
5075,-10.0
5076,4.389761340006542
5077,-0.25577032821782797
5078,0.3415923407172594
5079,1.2389632810037627
5080,-0.19507094025927663
5081,1.4552650414791393
5082,3.6031487499895354
5083,-0.19920386758137865
5084,0.47563762260310183
5085,1.7336818816604633
5086,0.20128868213789908
5087,0.2118920903603727
5088,1.4253149915097658
5089,-0.21013034294983823
5090,0.6020750886690226
5091,1.035317999100883
5092,-0.19507094025927663
5093,0.47374478397016206
5094,2.245823425219149
5095,-0.26011443440093684
5096,0.09659160654652199
5097,2.208094485902021
5098,-0.26070307485567623
5099,0.5831393272038171
5100,1.7116484990225602
5101,0.19293849977677302
5102,-0.2056605704785619
5103,1.6850361498574722
5104,0.0032574545241556008
5105,0.12045510969265338
5106,1.4627614945406828
5107,-0.13565193035796264
5108,0.17175059613822574
5109,1.3732469797561342
5110,-0.1983985236179756
5111,0.5413464691834413
5112,1.160359029985031
5113,-0.43581599228365864
5114,0.2947427611633713
5115,1.6340673026642287
5116,-0.060686764501322266
5117,0.6168626109704256
5118,1.262702032116073
5119,-0.2924476823568408
5120,0.20675211245845482
5121,1.391917734683466
5122,-0.21438931649027926
5123,0.4219928848169914
5124,1.072553457597267
5125,0.30320138876883485
5126,0.4276072289258641
5127,6.353578667142001
5128,-0.1638342690034288
5129,0.35165766541077137
5130,1.8626811721560568
5131,0.19123410101592075
5132,-10.0
5133,-10.0
5134,-0.10260744895723317
5135,0.35486430094452004
5136,8.1788864028547
5137,-0.3281325855807139
5138,0.24074529279658352
5139,1.443898677602177
5140,-0.3372195417281796
5141,0.41530009598513273
5142,1.084775296259699
5143,0.0021617393332461488
5144,1.6666034653456019
5145,11.050043792480057
5146,-0.09803803003042932
5147,0.44370803139325443
5148,3.890316358376236
5149,0.1477974330311812
5150,0.36150995232437433
5151,0.8598277220955313
5152,-0.2876137945904501
5153,0.6483182934048602
5154,1.98183367702425
5155,0.11107843861570099
5156,0.532631699534869
5157,8.551259218189614
5158,-0.3001116420447235
5159,0.5911022808864974
5160,1.2611531114616463
5161,-0.08691166535444261
5162,0.3038483217393527
5163,4.02645749857993
5164,0.0032574545241556008
5165,0.26615956420588316
5166,1.1214087069704421
5167,0.020085789058602033
5168,0.10023227832371595
5169,1.9477260246650325
5170,-0.2876137945904501
5171,0.44959741358189265
5172,1.8531092453498221
5173,0.011277666057257218
5174,0.5912864517816603
5175,1.3105247886380147
5176,0.01815570533026134
5177,0.537468929479276
5178,1.929143221795769
5179,-0.21438931649027926
5180,0.3297359857492119
5181,1.8535263758311538
5182,-10.0
5183,-10.0
5184,3.2566374203550454
5185,0.020085789058602033
5186,0.1686716925415095
5187,1.9937082632776133
5188,0.011277666057257218
5189,0.1039239175661637
5190,1.4976147727867914
5191,-10.0
5192,0.9726448485233382
5193,2.870592486221501
5194,-0.20799659742620424
5195,0.35979657570075785
5196,1.9281141826487596
5197,-0.25661711515750774
5198,0.5234626285130204
5199,1.2461132781127788
5200,-0.18109782784784845
5201,0.22905870715764165
5202,2.236733220833444
5203,-0.2902523925216365
5204,0.38898000300424573
5205,3.087115241810303
5206,-0.30014042493439075
5207,0.3576994992653971
5208,3.7898504416421543
5209,-0.2924476823568408
5210,0.43682435600249037
5211,2.3093815222794936
5212,-0.2876137945904501
5213,0.4312883270242748
5214,2.0083917107150855
5215,-0.22771614835425835
5216,0.3819867199681348
5217,1.8447221330172796
5218,-0.25661711515750774
5219,0.9176638466408245
5220,2.7509390758813974
5221,-0.2924476823568408
5222,0.09069742142994386
5223,1.5255376255586826
5224,0.3901906940347867
5225,0.08514871837256877
5226,5.643833040781212
5227,-0.25577032821782797
5228,0.8076349796000086
5229,-10.0
5230,-0.1274079626794764
5231,0.8298195523287063
5232,2.0802412459366204
5233,-0.3569460632591316
5234,0.24690416810909743
5235,2.710868624629671
5236,-0.1191877100460913
5237,0.3252892913866947
5238,1.668653411684728
5239,-0.13565193035796264
5240,0.05010684420443512
5241,1.5717556109574637
5242,-0.2155023475211456
5243,0.47823337578556335
5244,2.1091699745175347
5245,0.11107843861570099
5246,0.37882191457888537
5247,1.0859398533511637
5248,0.19623039968498246
5249,0.18106511065022834
5250,1.6337962082482045
5251,0.15136809022333864
5252,0.3872313901386337
5253,3.0265487055223437
5254,0.08781330024211964
5255,0.45036555374948883
5256,3.8912306152772453
5257,-0.3381437542543366
5258,0.1932788213186698
5259,1.590985034961659
5260,-0.32635444102453004
5261,0.6736455489754701
5262,0.22275767154784243
5263,0.37205415155767496
5264,4.061539935221317
5265,-0.02472021587935458
5266,0.2859391695927468
5267,2.861751021155042
5268,0.19623039968498246
5269,0.3225315089262084
5270,1.464110502629433
5271,-0.02472021587935458
5272,0.4940110294456278
5273,1.508192983495691
5274,-0.2875566529978749
5275,0.26732275414383877
5276,1.4742388280418142
5277,-0.21013034294983823
5278,0.10910377276572192
5279,2.1608739295535955
5280,-0.14063411999084885
5281,0.5714989803110854
5282,2.3147693525451407
5283,-0.24101202341637784
5284,-0.0316094743377634
5285,2.8633113714014695
5286,-0.23162872281625646
5287,0.20669298572185202
5288,1.2292534427579165
5289,-0.1983985236179756
5290,0.9238455116974522
5291,3.3030163667740897
5292,-0.08219265564946632
5293,0.697921573119001
5294,2.3200190495715405
5295,-0.1657400982377002
5296,0.5723157344546378
5297,2.0291893372287606
5298,0.06974430682094213
5299,0.42331716402195285
5300,1.7617516528929897
5301,-0.055280625897490165
5302,-0.052264071006386414
5303,1.4430516604285892
5304,-0.16189400043519053
5305,0.26805947888132364
5306,1.8841976769644029
5307,-0.19507094025927663
5308,0.9203110011602051
5309,2.3955164089184264
5310,0.029041619080667824
5311,0.6480524103753844
5312,3.870422873441612
5313,-0.10615374950880385
5314,0.15288301889552858
5315,0.9699709131037997
5316,-0.1657400982377002
5317,4.740857906377155
5318,0.006378721957351008
5319,-0.43581599228365864
5320,0.2079187376731214
5321,1.3428937161050878
5322,0.011928288398080356
5323,0.06704199465620198
5324,2.19210870142056
5325,0.46363638035651633
5326,0.2610861653679888
5327,3.759857013785472
5328,-0.20799659742620424
5329,0.020734640644921032
5330,1.3218701483346278
5331,-0.343005596364245
5332,1.6735555941060567
5333,6.611434308255822
5334,-0.1305301710815473
5335,0.31752384458544824
5336,2.1518432386438393
5337,1.0066668739979963
5338,0.22261044138871489
5339,1.6713273318300146
5340,-0.37773028562133504
5341,0.4137391316825457
5342,0.9666840271344894
5343,0.08781330024211964
5344,2.157020225025616
5345,3.227125578123466
5346,0.2611982559270164
5347,-0.010165208327453268
5348,0.9800529514075866
5349,-0.2924476823568408
5350,0.5932811689615608
5351,3.650243411286913
5352,-10.0
5353,0.919046789061103
5354,0.9791199888634803
5355,0.06974430682094213
5356,-0.2431515728394803
5357,1.9617708124565323
5358,0.45511003488514634
5359,-0.2944040964442409
5360,2.6661152272185014
5361,-0.055280625897490165
5362,0.14181445600059805
5363,1.3717562275996371
5364,0.11222079646221339
5365,0.10622081460904331
5366,2.919428239252897
5367,0.0021617393332461488
5368,0.7382369414338352
5369,1.9286755357130159
5370,-0.08219265564946632
5371,0.3812485338347552
5372,1.5332053532515337
5373,0.20128868213789908
5374,0.2838666605354139
5375,2.923729390591996
5376,0.06974430682094213
5377,0.021168887905947953
5378,1.1017186826745766
5379,-0.1657400982377002
5380,0.7880858577096789
5381,2.481610008519951
5382,0.0032574545241556008
5383,0.20539248642310226
5384,1.564439388527102
5385,-0.32635444102453004
5386,0.2670462677225448
5387,1.1799263587573159
5388,-0.1638342690034288
5389,0.21105269686546657
5390,1.7534666204223361
5391,0.19623039968498246
5392,0.2976948052058841
5393,2.1808634195038143
5394,-10.0
5395,1.1504297665415082
5396,-10.0
5397,-0.055280625897490165
5398,0.06267251216341796
5399,0.668255865708976
5400,0.3500401235064009
5401,0.9967894034018103
5402,2.657862283813945
5403,0.01815570533026134
5404,0.915262892417124
5405,2.0840391865122854
5406,-0.25754840896603604
5407,0.5200265803825933
5408,2.2439773964288374
5409,0.46363638035651633
5410,1.4636363703565165
5411,-0.3281325855807139
5412,0.2962608334359934
5413,1.4612610413730571
5414,0.22275767154784243
5415,0.012027743980971728
5416,1.345136898520521
5417,-0.33828735465081083
5418,0.3072850079858406
5419,2.3721505843431805
5420,-0.21438931649027926
5421,0.18613270349016797
5422,1.7475618322029907
5423,-0.2924476823568408
5424,0.40399713069115795
5425,2.048473084370558
5426,-0.2839877950601606
5427,0.7540897979998304
5428,2.7118055028280326
5429,-0.25661711515750774
5430,0.8552517496863425
5431,1.8729167947614909
5432,0.020085789058602033
5433,0.10472380991705865
5434,2.2217940172510993
5435,-0.1657400982377002
5436,1.8040580729765443
5437,-10.0
5438,0.19293849977677302
5439,-10.0
5440,2.610783843080113
5441,0.06974430682094213
5442,0.13256003328930976
5443,1.4069961653169352
5444,-10.0
5445,1.6925617475603016
5446,2.336763849321591
5447,1.0066668739979963
5448,1.7741456886070184
5449,3.4764634553993665
5450,0.011928288398080356
5451,0.41247109113962765
5452,1.7854702611425657
5453,-0.1274079626794764
5454,0.39264002708081913
5455,2.2939089037249807
5456,-0.10260744895723317
5457,0.664323198997335
5458,-10.0
5459,0.01815570533026134
5460,0.2867600983206733
5461,0.8915443007912136
5462,0.30320138876883485
5463,-10.0
5464,5.721480625408047
5465,-0.2660839942989509
5466,0.9308464026060956
5467,2.7613435456125597
5468,-0.25754840896603604
5469,0.7274871624126943
5470,0.7031448035256815
5471,0.2183531181327364
5472,0.06937774919340778
5473,1.4392263644349388
5474,-0.14063411999084885
5475,-10.0
5476,2.1964864195327722
5477,0.11107843861570099
5478,0.24381773315582245
5479,2.041660287039253
5480,-0.01020389161134383
5481,0.054159240985778956
5482,1.69500873445129
5483,-10.0
5484,2.218005677387462
5485,4.981267424119489
5486,-0.060686764501322266
5487,0.4373834382712356
5488,1.8044760998532123
5489,-0.1657400982377002
5490,0.2601279394573107
5491,1.600530572528384
5492,-0.1983985236179756
5493,2.6790192867752247
5494,10.36043121513412
5495,0.06974430682094213
5496,0.42331716402195285
5497,1.014769436278431
5498,-0.14063411999084885
5499,0.06084796043572538
5500,1.305663284716112
5501,0.06974430682094213
5502,0.043963040024682876
5503,3.050381187705894
5504,-0.32635444102453004
5505,0.5275975215108734
5506,2.257949752848865
5507,0.2088394064996778
5508,0.15242528594973348
5509,6.698726513270776
5510,-0.18109782784784845
5511,0.40488342259753074
5512,1.1324360278881591
5513,-0.33828735465081083
5514,0.12380480916973424
5515,1.1685044421654478
5516,-0.1983985236179756
5517,0.43313043550665364
5518,2.52250966405546
5519,0.30320138876883485
5520,0.8116070548786896
5521,2.136722887049163
5522,-0.43581599228365864
5523,0.23112238027945253
5524,1.5450405921894177
5525,-0.2155023475211456
5526,0.10854953299683978
5527,1.9103488095978447
5528,-0.2924476823568408
5529,1.2805389362255606
5530,0.46676628969043965
5531,-0.33828735465081083
5532,0.423708245580249
5533,2.3444208054279523
5534,-0.3001116420447235
5535,0.3830835414862508
5536,1.056104717028955
5537,-0.02472021587935458
5538,1.3332571626042644
5539,3.2327528067209816
5540,0.46363638035651633
5541,-0.12166634707484403
5542,1.843321845942858
5543,0.020085789058602033
5544,-0.0062892346382383835
5545,-10.0
5546,-0.1274079626794764
5547,0.23719759793418282
5548,2.208515504089482
5549,-0.13697295846410817
5550,0.18255615195570418
5551,1.2357163141714034
5552,-0.24101202341637784
5553,2.4027294171267837
5554,7.7687581612279395
5555,-0.02472021587935458
5556,0.2859391695927468
5557,2.0144020702483267
5558,-0.10615374950880385
5559,0.17192016462574333
5560,1.7707807706198126
5561,-0.3569460632591316
5562,0.3871526640871532
5563,1.6092744844905624
5564,-0.10615374950880385
5565,0.6113841456705138
5566,2.8757756141523014
5567,-0.19920386758137865
5568,0.8978804011729276
5569,2.41164549921705
5570,-0.25661711515750774
5571,0.4178854854885259
5572,-10.0
5573,0.06974430682094213
5574,0.13255551458721726
5575,1.2386030253681435
5576,1.0066668739979963
5577,1.1053586969202818
5578,2.942189746159915
5579,-0.14063411999084885
5580,0.0419962426978453
5581,2.189705781620162
5582,0.2611982559270164
5583,-0.24306549516163356
5584,2.2033854463869833
5585,-0.24101202341637784
5586,-10.0
5587,6.936060670391363
5588,-0.10260744895723317
5589,0.7594685281430777
5590,1.9642508980967797
5591,0.3901906940347867
5592,2.3160249433701603
5593,5.584665353687644
5594,-0.32635444102453004
5595,0.4644453209526559
5596,3.4355503934792666
5597,0.02512959004087889
5598,0.617031275664087
5599,2.421569659714517
5600,-0.1191877100460913
5601,0.5547822497733934
5602,-10.0
5603,-0.3281325855807139
5604,0.8021040791213121
5605,2.9168099984073166
5606,0.043670680904227654
5607,0.45620608372078775
5608,1.5908080664879387
5609,-10.0
5610,1.4993269582380284
5611,1.8371987339671396
5612,-0.24101202341637784
5613,-0.09365259298978634
5614,0.9085525010585356
5615,-0.1638342690034288
5616,0.83374513438287
5617,1.8760125168365152
5618,0.043670680904227654
5619,0.33397639992271144
5620,2.74696870417638
5621,-0.1274079626794764
5622,0.36811337462641835
5623,1.3918279238122062
5624,0.1477974330311812
5625,0.756457906775672
5626,2.6162128299700846
5627,-0.2155023475211456
5628,0.3838817633604349
5629,2.1557397742943936
5630,-0.3281325855807139
5631,0.22832470084863898
5632,1.6708253969158862
5633,-0.24101202341637784
5634,1.9134045177887065
5635,2.680059029489335
5636,-0.10615374950880385
5637,0.1884242614327487
5638,0.9427226010952334
5639,0.3901906940347867
5640,-0.05003109608604128
5641,1.5630931864890958
5642,-0.2875566529978749
5643,0.12952294570027556
5644,1.3300584926386954
5645,0.043670680904227654
5646,0.7336847999090443
5647,3.4008385676095467
5648,-10.0
5649,0.9637472489815644
5650,1.4142026977510436
5651,-0.01020389161134383
5652,0.3057749632073772
5653,-10.0
5654,-0.01020389161134383
5655,0.7631124178309454
5656,6.73665776395675
5657,-0.02472021587935458
5658,1.3332571626042644
5659,2.6977882767589794
5660,-0.10260744895723317
5661,0.8074914450003348
5662,1.3995314064723847
5663,-0.2875566529978749
5664,0.29343359882517295
5665,2.3070323519757165
5666,-0.08219265564946632
5667,0.07861295886415565
5668,1.3794215838282553
5669,-10.0
5670,0.9173060236551152
5671,1.1554389710248585
5672,-0.343005596364245
5673,0.26383076650458503
5674,1.7210028487203628
5675,0.13558154529620003
5676,0.5352857486107936
5677,2.548500543399099
5678,-0.43581599228365864
5679,0.7715125784601798
5680,4.426567585503782
5681,0.2611982559270164
5682,-0.13138054408944644
5683,2.211185240621628
5684,-0.33828735465081083
5685,0.41319370211510065
5686,1.2882364043104382
5687,-0.2176484484735849
5688,0.12762202851941473
5689,2.0478448583858717
5690,0.12310287807714915
5691,0.14813032480241084
5692,1.1556433651931246
5693,0.01815570533026134
5694,0.22201669184109973
5695,1.4197918415353377
5696,-0.26011443440093684
5697,0.5717571899978318
5698,2.5353394373680804
5699,0.011277666057257218
5700,0.5562525420346314
5701,1.5512312334246978
5702,-0.25577032821782797
5703,0.5272900334721327
5704,1.6307130440603914
5705,-0.25754840896603604
5706,0.6788236578426611
5707,2.435615792099915
5708,0.020085789058602033
5709,-10.0
5710,3.5191586450403305
5711,0.15136809022333864
5712,0.42547111939506554
5713,1.5152945218512073
5714,0.01815570533026134
5715,0.46280262993446875
5716,3.536836580822239
5717,-0.060686764501322266
5718,0.18787140040744177
5719,1.3203448663789898
5720,-0.2660839942989509
5721,0.37728132842247786
5722,2.393482744599204
5723,0.06974430682094213
5724,-0.060348288773095504
5725,3.5899941135514735
5726,0.07840954477587292
5727,0.4225703712592481
5728,1.5929694399294978
5729,-0.25577032821782797
5730,0.2698678309042506
5731,2.52335012000861
5732,-0.01020389161134383
5733,0.19958604932915125
5734,2.038620201229375
5735,0.0032574545241556008
5736,0.005097230799711472
5737,1.3644200276183123
5738,-0.18109782784784845
5739,0.509021631724864
5740,1.6917699782409952
5741,0.029041619080667824
5742,-10.0
5743,6.885130483056385
5744,-0.18109782784784845
5745,0.5182021484354596
5746,1.8086367066989444
5747,-0.1983985236179756
5748,0.5413464691834413
5749,2.1042148840192256
5750,-0.43581599228365864
5751,0.593296262602352
5752,1.9566964474503337
5753,0.15136809022333864
5754,0.3024962529420572
5755,2.553819259543247
5756,-0.16189400043519053
5757,1.0890181325990538
5758,2.5769645231236753
5759,-0.1274079626794764
5760,0.6500683407634454
5761,3.2090819308695577
5762,0.08781330024211964
5763,0.37418434291472136
5764,1.9467528181113551
5765,-0.1638342690034288
5766,0.7823289663909138
5767,1.5993725406939312
5768,0.0
5769,-10.0
5770,0.999715825157359
5771,1.2114696762108406
5772,0.08781330024211964
5773,0.20788241673165242
5774,1.3059908492513401
5775,-10.0
5776,1.3045552590836096
5777,1.523647992997822
5778,0.45511003488514634
5779,0.055249501950217716
5780,1.751610337111778
5781,0.22275767154784243
5782,0.9321807429990561
5783,3.2013937924369333
5784,-0.3001116420447235
5785,0.2488704837778486
5786,2.0188573085647663
5787,-0.2660839942989509
5788,0.41637687684536395
5789,1.3939998026098241
5790,-0.1983985236179756
5791,1.0232153763732854
5792,2.228149972382313
5793,-0.26070307485567623
5794,0.14818285756720473
5795,1.755981918375285
5796,-0.14063411999084885
5797,-10.0
5798,2.4657381663425175
5799,-0.3569460632591316
5800,0.16706819308317244
5801,3.156207383004928
5802,-0.19507094025927663
5803,0.3147927599467537
5804,3.1379977993294936
5805,-0.25577032821782797
5806,1.0183504666910823
5807,4.555683527502275
5808,0.2611982559270164
5809,-0.21082674661827472
5810,0.7046885008897883
5811,-0.24101202341637784
5812,0.37853087719348466
5813,3.142411444804469
5814,0.029041619080667824
5815,0.6302334115329471
5816,2.03165044456652
5817,-0.3613339149998035
5818,0.7204090235821955
5819,3.027637266501305
5820,-0.01020389161134383
5821,0.3596879175612837
5822,1.51173652016285
5823,-0.2902523925216365
5824,0.1832487542966429
5825,1.6408173945633124
5826,-0.18109782784784845
5827,0.2725373408436914
5828,2.037007889285432
5829,0.46363638035651633
5830,0.27210094040022903
5831,2.54581686236585
5832,-10.0
5833,1.3011792339016057
5834,1.5543361413408041
5835,-0.24101202341637784
5836,0.13787138911675778
5837,2.0656192069075265
5838,-0.25754840896603604
5839,0.33049421335319085
5840,5.133710957522196
5841,-0.2839877950601606
5842,0.31892712316292116
5843,1.5107498320805979
5844,-0.2902523925216365
5845,0.38898000300424573
5846,3.356975132018548
5847,-0.26011443440093684
5848,0.7693737889107728
5849,6.546978570832507
5850,0.11107843861570099
5851,-0.03438084743801073
5852,1.967604345728783
5853,-0.1638342690034288
5854,0.22313382400020398
5855,0.8250632583836728
5856,0.22275767154784243
5857,0.6447440906321218
5858,2.6881950781773285
5859,-0.1983985236179756
5860,0.30815758236231705
5861,3.4061223728764567
5862,-0.13565193035796264
5863,0.5050818264648365
5864,2.0603817685345063
5865,0.029041619080667824
5866,0.16202979901080838
5867,6.364483930571656
5868,0.043670680904227654
5869,1.0003973137509496
5870,2.9471573425088824
5871,-0.30014042493439075
5872,0.22805856125651103
5873,3.0653619790523083
5874,-0.30014042493439075
5875,0.38226291721425365
5876,-10.0
5877,-0.30014042493439075
5878,1.051792679772794
5879,2.5825903375438113
5880,0.19623039968498246
5881,0.16479887701980545
5882,2.205172348946908
5883,0.19293849977677302
5884,-0.11822493099379927
5885,0.9601304742572612
5886,0.11222079646221339
5887,1.8192011257812137
5888,2.22756938844497
5889,0.19623039968498246
5890,0.2763647781129075
5891,2.232144807442143
5892,-0.25661711515750774
5893,0.3014267697088142
5894,2.3136034677021247
5895,-0.33828735465081083
5896,2.950847315808332
5897,-0.21563172403088737
5898,-0.08219265564946632
5899,0.1357998898924665
5900,1.1425759128140978
5901,0.19123410101592075
5902,0.36872056553749477
5903,1.4415471558746906
5904,-0.13565193035796264
5905,1.707372792199751
5906,4.468735608411617
5907,0.053151156030451285
5908,0.3580406758990018
5909,1.9407102837385892
5910,-10.0
5911,1.2551782469050834
5912,1.9554781884406744
5913,-0.2660839942989509
5914,0.1415932633749032
5915,1.7506842216315022
5916,-0.13565193035796264
5917,0.5050326567627803
5918,1.75768600049065
5919,0.06974430682094213
5920,0.2454217907712093
5921,1.2012732097783132
5922,-0.24024559180627436
5923,0.9042061097501227
5924,2.191737072617868
5925,0.08781330024211964
5926,0.35427942258763356
5927,1.9340745514429367
5928,-0.2660839942989509
5929,0.1957153216910169
5930,2.010991936428699
5931,0.2183531181327364
5932,0.3817202511920921
5933,1.669278587178231
5934,0.2088394064996778
5935,0.5031804373294537
5936,2.7038810911181694
5937,-0.2875566529978749
5938,0.29343359882517295
5939,1.012376772675057
5940,0.22275767154784243
5941,0.22751083090847013
5942,2.795534962836512
5943,-0.055280625897490165
5944,0.32526212694633627
5945,1.478865817026275
5946,-0.19920386758137865
5947,0.5297130678499005
5948,2.4501124992718797
5949,1.0066668739979963
5950,0.9695042470811361
5951,3.602449449906843
5952,-0.30014042493439075
5953,0.038898357765743574
5954,0.8967338696232497
5955,-0.10615374950880385
5956,0.29141612408556683
5957,1.511402435356235
5958,-0.343005596364245
5959,0.11193014808432822
5960,1.5668695796446304
5961,-0.1638342690034288
5962,0.5449983478276684
5963,2.258322836827902
5964,0.22275767154784243
5965,0.6731541014168114
5966,4.690173882941789
5967,0.2183531181327364
5968,0.14869584168655403
5969,3.1802713061054204
5970,-0.060686764501322266
5971,0.38598717468287425
5972,1.7443519053621384
5973,-0.3569460632591316
5974,2.4522191355882277
5975,4.738563355059355
5976,0.2183531181327364
5977,0.45204999575295
5978,5.138971268575523
5979,0.22275767154784243
5980,1.4937747202281246
5981,3.2882970237265674
5982,-0.2176484484735849
5983,0.3945878533868792
5984,1.9113723599923902
5985,-0.33828735465081083
5986,0.4312143150287926
5987,1.4458523074424785
5988,0.11222079646221339
5989,0.2781411163569041
5990,3.292993260743506
5991,0.46363638035651633
5992,0.24643502605696943
5993,1.4242166596684922
5994,-0.32635444102453004
5995,0.21446409730962535
5996,1.574047636503439
5997,0.45511003488514634
5998,-0.013130449461384197
5999,-10.0
6000,-0.09803803003042932
6001,1.5493472113245148
6002,-10.0
6003,-0.343005596364245
6004,-0.01188237406872783
6005,1.1005020490285697
6006,-0.29133154022062646
6007,0.66746199664637
6008,2.0608279844402495
6009,-10.0
6010,1.5342294342493246
6011,2.0958553020621933
6012,0.19293849977677302
6013,-10.0
6014,2.9046598008694273
6015,-0.16189400043519053
6016,1.0582561352496733
6017,2.5061512619662256
6018,0.20128868213789908
6019,0.2965138872587987
6020,2.0084720701700887
6021,0.46363638035651633
6022,0.008521920657202475
6023,-10.0
6024,-0.26011443440093684
6025,0.29702900362476115
6026,1.474746188419744
6027,0.01815570533026134
6028,0.7545772954030474
6029,4.9044011625103
6030,-0.1518370775355976
6031,0.6156707039796702
6032,2.0075156937672447
6033,0.46363638035651633
6034,-0.04068172266433456
6035,2.1361511563412607
6036,-0.2875566529978749
6037,0.311397747389243
6038,1.113749070960739
6039,-10.0
6040,0.9242337581170479
6041,2.8534100880948103
6042,0.029041619080667824
6043,0.6505912197513382
6044,1.6900271885196896
6045,-0.37773028562133504
6046,0.17747706116635098
6047,2.040479146266052
6048,0.22275767154784243
6049,0.42257974118672625
6050,2.099756851484872
6051,0.07840954477587292
6052,0.12592892198300576
6053,2.3054250393650175
6054,-0.20799659742620424
6055,0.3343549780643734
6056,2.0505955935251587
6057,-10.0
6058,1.3541916499591928
6059,4.5341564239188035
6060,-0.23162872281625646
6061,0.1367169606592571
6062,1.1641761047064358
6063,-10.0
6064,-10.0
6065,1.7089328831117627
6066,0.0
6067,0.07840954477587292
6068,0.21644718566916854
6069,1.498913281061429
6070,-0.2845928200976152
6071,1.017329531179219
6072,1.9839286025209095
6073,-0.19507094025927663
6074,0.2578095541443719
6075,1.6330883417727349
6076,-0.2155023475211456
6077,0.5958721139541313
6078,1.6391754902946574
6079,-0.1638342690034288
6080,0.35400018049331405
6081,1.238937968892783
6082,-0.05632878255592677
6083,0.24138413000309933
6084,7.316106912338607
6085,-0.055280625897490165
6086,1.0432294033017735
6087,1.9412869166378002
6088,0.011277666057257218
6089,0.27590207664180766
6090,2.743402255928343
6091,-0.08691166535444261
6092,0.9130883246455576
6093,-0.1638342690034288
6094,0.7823289663909138
6095,1.4641005181144877
6096,-0.24101202341637784
6097,0.19089657512164282
6098,2.0771103454562443
6099,-10.0
6100,0.8168326321726296
6101,1.2794989294944181
6102,0.0021617393332461488
6103,0.6541655655772496
6104,1.4979664668600712
6105,-0.2176484484735849
6106,0.06614198209326783
6107,0.9500698812316841
6108,-0.08691166535444261
6109,0.15642216835765888
6110,2.073185691218688
6111,-0.43581599228365864
6112,0.20236115915014563
6113,1.123456465277168
6114,-0.2155023475211456
6115,0.8290459168902752
6116,-10.0
6117,-0.01020389161134383
6118,0.16372996720861255
6119,1.594090821200677
6120,-0.2875566529978749
6121,0.507020800107897
6122,1.5409984242443613
6123,-0.1638342690034288
6124,0.6945242141172657
6125,1.6138319034070814
6126,-0.2875566529978749
6127,0.5367045918686376
6128,4.338228340938081
6129,0.06974430682094213
6130,-0.1256552310892698
6131,2.587921625403863
6132,-0.1518370775355976
6133,0.32865155041896943
6134,1.8037458551304222
6135,0.3500401235064009
6136,4.604215547832451
6137,-10.0
6138,-0.2876137945904501
6139,0.4845221116841484
6140,1.2041041272493505
6141,-0.24101202341637784
6142,0.38064976120214056
6143,1.5137089605933352
6144,-0.25754840896603604
6145,0.6819684730045709
6146,5.442058414161041
6147,-0.2924476823568408
6148,0.3173232807642027
6149,4.194857893066238
6150,-0.19507094025927663
6151,0.9964245405347485
6152,2.099317674382328
6153,-0.30014042493439075
6154,0.3959537274987829
6155,0.6899709018281348
6156,-0.2660839942989509
6157,0.23795157537078548
6158,1.1159244101480412
6159,-0.13697295846410817
6160,0.15999071548534705
6161,-10.0
6162,-10.0
6163,1.2281009281351933
6164,1.72154520772532
6165,0.02512959004087889
6166,0.7476713648579827
6167,2.7015608887377605
6168,-0.060686764501322266
6169,0.6831227771761097
6170,1.7098593671730502
6171,0.06974430682094213
6172,0.5356220760145738
6173,2.755726286745787
6174,-0.2876137945904501
6175,0.4558033618963827
6176,1.7485458264849252
6177,1.0066668739979963
6178,0.176325595325455
6179,4.24356153654981
6180,-0.37773028562133504
6181,0.4462307871172809
6182,1.404092363414877
6183,-0.10615374950880385
6184,0.36129900808496096
6185,1.4610666212323764
6186,0.08781330024211964
6187,1.0443361021698905
6188,2.788442411551748
6189,0.08781330024211964
6190,1.7287538240859843
6191,8.224373816115964
6192,-0.23162872281625646
6193,0.029909269315146036
6194,1.5387697919525678
6195,0.011277666057257218
6196,0.32105386663488056
6197,3.988728780988886
6198,-0.1638342690034288
6199,0.45999557578172834
6200,-10.0
6201,-0.22771614835425835
6202,0.24551603154582824
6203,1.3232699807592214
6204,-0.26070307485567623
6205,0.028554309027992275
6206,1.477238755678918
6207,-0.2745967982632901
6208,0.20722040024104416
6209,1.5262605632569815
6210,-0.2924476823568408
6211,0.24610992095212758
6212,2.028266721302983
6213,0.11222079646221339
6214,0.662822291001018
6215,3.905700735297091
6216,-10.0
6217,0.9693405962217232
6218,1.5278967211045442
6219,0.01815570533026134
6220,0.35334383805241076
6221,1.970177074806082
6222,0.11107843861570099
6223,0.4930215092439796
6224,2.112300585070715
6225,-0.3569460632591316
6226,0.14217988660743353
6227,2.5268621744497173
6228,-0.30014042493439075
6229,0.4092212131136638
6230,4.32538707216591
6231,-0.25661711515750774
6232,0.4299094871371709
6233,2.2374292749365825
6234,-0.25661711515750774
6235,0.5264113712337266
6236,2.389083760645942
6237,-0.32635444102453004
6238,0.2885677441491832
6239,1.7916753864629786
6240,-0.3613339149998035
6241,0.46813720813691184
6242,1.4716310966438546
6243,0.08781330024211964
6244,0.13727965988399826
6245,-10.0
6246,-0.13565193035796264
6247,0.18867434230054414
6248,1.5840252932540593
6249,-0.2876137945904501
6250,0.34058960025382345
6251,2.3913242387492697
6252,-0.3372195417281796
6253,0.23254661758162432
6254,1.202836840628034
6255,0.020085789058602033
6256,0.21955011136236924
6257,4.45396896128142
6258,1.0066668739979963
6259,0.5434209003499206
6260,-10.0
6261,0.11222079646221339
6262,0.47383231253039115
6263,2.238189743056039
6264,-0.2745967982632901
6265,0.5307730221321596
6266,2.658665897546541
6267,-10.0
6268,1.9352612469205814
6269,2.459288350357416
6270,-0.3372195417281796
6271,0.512390042061529
6272,0.9124635990748162
6273,-10.0
6274,1.4359083694731172
6275,4.41827670056764
6276,-0.3569460632591316
6277,0.20038785748306398
6278,2.3175183825322607
6279,-0.30014042493439075
6280,0.3959537274987829
6281,1.0241554638893329
6282,0.0032574545241556008
6283,-0.007613197855677711
6284,1.3928447457483784
6285,-0.3569460632591316
6286,0.731538930446513
6287,1.6496200250687356
6288,-0.08219265564946632
6289,0.44823103795634844
6290,1.6274060503952794
6291,0.12310287807714915
6292,0.06328081003957431
6293,1.0517467603704407
6294,-0.08219265564946632
6295,0.5254098231336116
6296,2.1870387354637497
6297,-0.25577032821782797
6298,0.7177307267901152
6299,2.6336505987733227
6300,-0.2745967982632901
6301,0.5975570582126812
6302,-10.0
6303,-0.37773028562133504
6304,0.5371135617583994
6305,1.5304305303954835
6306,-0.43581599228365864
6307,0.6134480250674775
6308,1.980905854825077
6309,0.15136809022333864
6310,0.828795439723901
6311,3.3040568040300533
6312,-0.3001116420447235
6313,0.3670122350468028
6314,2.0124421478206616
6315,-0.02472021587935458
6316,0.3124865640877009
6317,1.7873400438845226
6318,0.0
6319,-0.10615374950880385
6320,0.443116403089737
6321,4.529427449659492
6322,0.043670680904227654
6323,0.19700615443807168
6324,1.6554251347680093
6325,-0.1274079626794764
6326,0.4158582576985407
6327,1.5750149238919213
6328,-10.0
6329,0.9356153244519453
6330,1.8196192320580118
6331,-0.18109782784784845
6332,0.33215519582308584
6333,1.5391370488571878
6334,0.029041619080667824
6335,1.3229177801236354
6336,4.202727144573082
6337,-10.0
6338,0.7398058034199853
6339,1.5591137308030325
6340,-0.2176484484735849
6341,0.16264352793290715
6342,0.8678724792661953
6343,-0.23162872281625646
6344,0.6511417020636637
6345,1.9825014645014085
6346,0.45511003488514634
6347,-0.26097381224178506
6348,1.4369313339169136
6349,0.46363638035651633
6350,0.1939726493672287
6351,1.5941688757226322
6352,-0.09803803003042932
6353,1.764014865010887
6354,5.5221760505591835
6355,0.3901906940347867
6356,-0.2798727294985124
6357,2.6529793385529628
6358,-0.060686764501322266
6359,-10.0
6360,2.265566228699396
6361,-0.2176484484735849
6362,-0.027769939104763663
6363,0.7776292392957862
6364,-0.2902523925216365
6365,1.3088909506298543
6366,1.1411495636639606
6367,-10.0
6368,1.1113538706416881
6369,1.140459474729584
6370,0.11222079646221339
6371,0.36835287577044906
6372,1.475700778749127
6373,-0.13697295846410817
6374,0.8283616538760374
6375,3.1799577841253814
6376,-0.26011443440093684
6377,0.5717571899978318
6378,2.9506548029526223
6379,-0.08691166535444261
6380,0.9130883246455576
6381,-0.08219265564946632
6382,0.6600839955268926
6383,1.17458242614082
6384,0.30320138876883485
6385,-0.10294191087095306
6386,5.177762515353434
6387,-0.3569460632591316
6388,0.20038785748306398
6389,1.7604272389339437
6390,-0.26070307485567623
6391,0.49176513164025815
6392,1.3333071041785072
6393,-0.3381437542543366
6394,0.64256508202818
6395,1.4617807838942518
6396,-0.1305301710815473
6397,0.8226783421168444
6398,1.4599468049924815
6399,-0.26070307485567623
6400,0.2328204443398647
6401,2.222988177330267
6402,0.15136809022333864
6403,0.2826546390617424
6404,2.9523002462006764
6405,-0.08219265564946632
6406,0.265620089419783
6407,1.588283579390959
6408,0.19293849977677302
6409,0.5008856326165021
6410,1.2516095965834693
6411,-0.19920386758137865
6412,0.3375289785812772
6413,2.207935391906088
6414,-0.3372195417281796
6415,0.39303265440613
6416,4.16710501557586
6417,-0.30014042493439075
6418,0.11534306038405251
6419,0.8222719139856782
6420,-0.2875566529978749
6421,0.07474543908605036
6422,1.6169983852537253
6423,0.029041619080667824
6424,0.2767388897050278
6425,5.329561176390123
6426,0.30320138876883485
6427,1.9301969001231356
6428,10.3847545353705
6429,-0.3613339149998035
6430,0.6081085309181596
6431,2.2131984870106134
6432,0.0021617393332461488
6433,0.35345177641670755
6434,1.989356215613566
6435,-0.25661711515750774
6436,0.6964169199090025
6437,2.2492265061744257
6438,-0.2875566529978749
6439,0.40857841198469036
6440,1.7472531406423912
6441,-0.2660839942989509
6442,0.43437391255805613
6443,1.3443967076758732
6444,-0.23162872281625646
6445,0.15746653821919698
6446,1.9326736251770693
6447,-0.3613339149998035
6448,0.3899868357790236
6449,1.6988912009544876
6450,-0.1305301710815473
6451,0.4195245891519761
6452,2.476464058994009
6453,-10.0
6454,0.678259330061802
6455,3.091995097588807
6456,0.043670680904227654
6457,0.08530021201109284
6458,1.38083859275179
6459,0.07840954477587292
6460,1.2970745254994314
6461,7.033587008188704
6462,0.3901906940347867
6463,1.4656127611764131
6464,2.737477643801658
6465,0.2611982559270164
6466,0.04716750605511355
6467,0.8585738447663478
6468,-0.10615374950880385
6469,0.443116403089737
6470,3.1264339781928117
6471,-0.2745967982632901
6472,0.7577215049563222
6473,1.8520815532615138
6474,-0.2924476823568408
6475,0.5484856724117163
6476,2.0059651521843396
6477,0.19623039968498246
6478,0.2976948052058841
6479,1.5142247509464215
6480,0.0032574545241556008
6481,0.8735436527470013
6482,0.7430459055484615
6483,-0.1518370775355976
6484,-10.0
6485,3.6244293429813874
6486,-0.2902523925216365
6487,1.056870621271829
6488,3.2665480297345244
6489,0.1477974330311812
6490,-10.0
6491,2.633421661684579
6492,-0.060686764501322266
6493,0.374025132125301
6494,1.901348364613765
6495,0.19623039968498246
6496,0.47467102823979124
6497,2.8029923406123767
6498,-0.16189400043519053
6499,0.5069280314950192
6500,-10.0
6501,-0.18109782784784845
6502,0.7006292846726195
6503,1.3414336559580424
6504,-0.25577032821782797
6505,0.23048967391097053
6506,1.5999453754165325
6507,0.06974430682094213
6508,0.18950129242852043
6509,2.8386935309376478
6510,0.3500401235064009
6511,0.44839657183416537
6512,4.44717313072234
6513,-0.2176484484735849
6514,0.43228289676029386
6515,0.9594339842501365
6516,0.3901906940347867
6517,0.2930215570170718
6518,6.79929839507066
6519,-0.3381437542543366
6520,0.6719437274454404
6521,2.415832512915227
6522,-0.01020389161134383
6523,0.2509407175929601
6524,0.5166025491035838
6525,-0.33828735465081083
6526,2.577187721193285
6527,10.438911290992692
6528,0.11222079646221339
6529,2.3276911733864765
6530,3.4298395497803247
6531,0.3500401235064009
6532,0.21153693575735666
6533,3.521727128854603
6534,0.15136809022333864
6535,0.3906405197987797
6536,1.9740256402839171
6537,0.22275767154784243
6538,0.6401662177517069
6539,1.6018457329054876
6540,-0.2902523925216365
6541,0.2505124358840667
6542,1.0323566382589489
6543,0.06974430682094213
6544,0.46897100197422237
6545,1.1260566180974652
6546,-0.3569460632591316
6547,0.02004678601928922
6548,2.476008712397262
6549,-0.060686764501322266
6550,0.4896444818989856
6551,1.2926451865986122
6552,-0.1518370775355976
6553,0.3703334996956188
6554,4.157028646226582
6555,-0.1657400982377002
6556,2.825938315909103
6557,-0.7406149836910023
6558,0.19293849977677302
6559,-0.03684132608891755
6560,1.0908275349353496
6561,-0.18109782784784845
6562,0.13807480067898126
6563,1.349364132644832
6564,0.11222079646221339
6565,0.21873276790717644
6566,2.063711183906322
6567,-0.13565193035796264
6568,0.27237869493103917
6569,1.4441535248925115
6570,0.22275767154784243
6571,0.3788459620525837
6572,4.843486238432779
6573,0.1477974330311812
6574,-10.0
6575,2.8236717026140647
6576,-0.1358378388739634
6577,0.6783501390102002
6578,5.4582711822072225
6579,-0.2155023475211456
6580,0.5363022703869115
6581,1.2066209131469618
6582,-0.2155023475211456
6583,0.9175992449537497
6584,2.250030335704393
6585,0.19623039968498246
6586,0.8949557040834015
6587,2.0505253500045137
6588,-0.08691166535444261
6589,0.2680081678471494
6590,-10.0
6591,0.1477974330311812
6592,1.1365241338743994
6593,0.9806803144097984
6594,-0.19920386758137865
6595,1.034096769390602
6596,1.5788862336966027
6597,0.11107843861570099
6598,0.072876126603864
6599,1.7374245798610455
6600,0.11222079646221339
6601,1.269263727654559
6602,4.101363910247213
6603,-0.2155023475211456
6604,0.9907339280519468
6605,3.4690994952138254
6606,-10.0
6607,1.1125829410028316
6608,1.6276327872314023
6609,-0.08691166535444261
6610,-10.0
6611,2.618400104958656
6612,0.1477974330311812
6613,-0.051249284899653524
6614,1.5034958796346771
6615,-0.2155023475211456
6616,0.6212945931138106
6617,2.1810381654937157
6618,0.011277666057257218
6619,0.24382870795650824
6620,3.9477046378148066
6621,-0.2924476823568408
6622,0.5849196675654283
6623,4.664918218265899
6624,0.19293849977677302
6625,0.07137289492341359
6626,2.489885544045879
6627,0.01815570533026134
6628,0.48451459882103975
6629,1.5651791190935744
6630,-0.25661711515750774
6631,0.5108411501382635
6632,3.0740560053608563
6633,0.029041619080667824
6634,0.5403557518712612
6635,-10.0
6636,-0.20799659742620424
6637,0.5263029582379651
6638,2.7353198040713314
6639,-0.09803803003042932
6640,1.2614066981817782
6641,3.4450184680902853
6642,-0.20799659742620424
6643,0.7330734297513485
6644,3.333191052219609
6645,0.20128868213789908
6646,0.2092395780713594
6647,4.1863883142348906
6648,-0.18109782784784845
6649,0.4459985466146231
6650,2.5184792873333333
6651,0.2183531181327364
6652,0.45911869106353875
6653,3.1562101547432224
6654,-0.18109782784784845
6655,0.4514944120564711
6656,4.629128495618936
6657,0.0
6658,-0.2876137945904501
6659,0.5348728175283647
6660,1.0282346034310983
6661,-10.0
6662,1.5014178151048134
6663,1.5978740289328164
6664,0.02512959004087889
6665,1.025129580040879
6666,-0.3381437542543366
6667,0.8483144239998116
6668,2.667158137876471
6669,-0.21013034294983823
6670,0.43879238479540816
6671,1.2313569327159966
6672,-0.21013034294983823
6673,0.6102596398374639
6674,2.0904659512926456
6675,-0.3381437542543366
6676,0.32001414694822505
6677,2.191221187768792
6678,-0.01020389161134383
6679,0.04414183972074803
6680,1.549057908285785
6681,0.11107843861570099
6682,0.2002952953341719
6683,1.4715431014776938
6684,-0.37773028562133504
6685,0.3725749352649349
6686,2.025303384698563
6687,-0.1638342690034288
6688,0.21105269686546657
6689,1.7534666204223361
6690,-0.2924476823568408
6691,0.27814253461322536
6692,1.1216334922237192
6693,-0.02472021587935458
6694,0.2984877458806966
6695,1.7827126561463544
6696,-0.3613339149998035
6697,0.04654387685967809
6698,1.4057802517203237
6699,0.19623039968498246
6700,0.20787192828224121
6701,2.124695638144204
6702,-0.3381437542543366
6703,0.4819317024707367
6704,1.4820308327125464
6705,-10.0
6706,1.317043495850006
6707,1.2959961531904494
6708,-0.24024559180627436
6709,0.3839401933090715
6710,2.782595780002399
6711,0.15136809022333864
6712,0.333173250755882
6713,3.1488658475626505
6714,0.2183531181327364
6715,9.155495235346756e-05
6716,1.6581977492700433
6717,0.029041619080667824
6718,-10.0
6719,3.588228662572924
6720,0.45511003488514634
6721,0.2226242929286193
6722,1.668320616316518
6723,-0.16189400043519053
6724,-10.0
6725,2.3238866797424658
6726,0.029041619080667824
6727,1.070026779181633
6728,3.026736394142509
6729,-0.055280625897490165
6730,0.09892969723300249
6731,2.0087971410448398
6732,0.11222079646221339
6733,0.7235063097848635
6734,1.780677260393608
6735,-10.0
6736,1.7571454311577304
6737,1.6847426014191271
6738,0.020085789058602033
6739,-10.0
6740,4.181821751820897
6741,-0.26011443440093684
6742,0.12038553531703389
6743,2.3915561213121483
6744,-0.060686764501322266
6745,0.6747956813107177
6746,1.4955331055810677
6747,-0.2745967982632901
6748,0.49596349718996047
6749,2.6151608358251126
6750,-0.24101202341637784
6751,-0.05629672398446728
6752,-10.0
6753,-0.01020389161134383
6754,0.1005062754589574
6755,1.5288596413103985
6756,0.11107843861570099
6757,0.13668552200588957
6758,1.6516636442023738
6759,-0.26011443440093684
6760,0.469398655137246
6761,5.4513190176888555
6762,-0.2845928200976152
6763,0.052685364827930625
6764,1.6886419385307532
6765,-0.2660839942989509
6766,0.0939299340632721
6767,1.1431877309930933
6768,0.04113060069041807
6769,1.0411305906904182
6770,-0.14063411999084885
6771,0.30903706545665643
6772,-10.0
6773,-0.19507094025927663
6774,0.6683305875734498
6775,1.5778421592101404
6776,-0.1657400982377002
6777,0.3604560068370687
6778,1.7954258565964125
6779,-0.22771614835425835
6780,0.33152541742766317
6781,1.5974866595114223
6782,-0.37773028562133504
6783,0.45382248653518975
6784,4.497448468351858
6785,-0.19507094025927663
6786,0.524839473753772
6787,1.7304869390644901
6788,-0.18109782784784845
6789,0.13807480067898126
6790,1.409777178830624
6791,-0.43581599228365864
6792,-10.0
6793,2.9421437998703333
6794,-0.1518370775355976
6795,0.5281678216827627
6796,1.9334329528083416
6797,-0.24101202341637784
6798,0.5616342701249989
6799,1.7705671310780775
6800,0.3901906940347867
6801,0.7871503613802839
6802,2.2637032999780926
6803,0.20128868213789908
6804,0.48335346872961704
6805,1.464433223333813
6806,0.2183531181327364
6807,-0.017959081820790646
6808,2.1764003098873985
6809,-0.43581599228365864
6810,0.33576975253513974
6811,1.2981786122702013
6812,-0.22771614835425835
6813,0.2699499469457438
6814,2.35664781241078
6815,0.11107843861570099
6816,-0.16093231501985983
6817,2.4612402885249054
6818,0.11107843861570099
6819,0.830183463766567
6820,2.114388201305383
6821,-0.22771614835425835
6822,0.6694740057091986
6823,2.0947291723825106
6824,-0.1983985236179756
6825,1.1071141186520765
6826,1.8663410657154451
6827,0.053151156030451285
6828,0.21171154915804613
6829,1.7839726622198455
6830,-0.3281325855807139
6831,0.6762977475738814
6832,1.3549516914317463
6833,-0.1983985236179756
6834,1.2318390095328988
6835,19.828819264355403
6836,-0.1657400982377002
6837,0.2378667223654375
6838,1.54106207973541
6839,-0.25661711515750774
6840,0.9176638466408245
6841,1.5873692601036347
6842,0.043670680904227654
6843,0.46594934358760787
6844,2.4880566510488555
6845,0.2088394064996778
6846,0.68284539396984
6847,1.4150192898987766
6848,-10.0
6849,1.5013290586160537
6850,5.580127414207874
6851,-0.2660839942989509
6852,0.5358045537357079
6853,1.0101304366113761
6854,0.04113060069041807
6855,0.39533067481205797
6856,1.4929280112863015
6857,-0.24101202341637784
6858,0.2238312393670009
6859,2.351211043550161
6860,0.2611982559270164
6861,-0.17212590339157097
6862,1.320222841212605
6863,-0.2845928200976152
6864,0.6084080749174153
6865,2.9071409944427176
6866,0.011277666057257218
6867,0.03391584391604474
6868,1.5778830546631457
6869,-0.32635444102453004
6870,0.7303897938882621
6871,2.7281738462365306
6872,-0.20799659742620424
6873,0.5263029582379651
6874,1.2210988563007157
6875,0.0032574545241556008
6876,-0.1092189013125966
6877,2.7182706324480916
6878,-0.060686764501322266
6879,-0.07263533676926037
6880,1.1662172802191457
6881,0.46363638035651633
6882,-0.12249416591610784
6883,1.9173141387052102
6884,0.06974430682094213
6885,0.16128426579503907
6886,1.890120952044576
6887,-0.13565193035796264
6888,0.18596975403693783
6889,1.7581795419905426
6890,-0.21438931649027926
6891,0.2591943598080939
6892,2.356982112488703
6893,0.15136809022333864
6894,-0.04438744382225912
6895,2.1188528831135436
6896,-0.2745967982632901
6897,0.6442207075998723
6898,1.3255004886863526
6899,-0.2876137945904501
6900,0.5998638858676727
6901,2.6450279336238065
6902,-0.08691166535444261
6903,0.37408070973943064
6904,1.370869867071164
6905,0.3500401235064009
6906,0.22695151959705084
6907,1.9859226776778525
6908,0.11222079646221339
6909,0.16773809348728097
6910,1.8835372224315134
6911,-0.2176484484735849
6912,0.0537794424223933
6913,1.518727100116522
6914,-0.3281325855807139
6915,0.6991157570713686
6916,2.184065676569193
6917,-0.13697295846410817
6918,-0.08206492541890986
6919,2.6487691942284513
6920,-0.2176484484735849
6921,0.058339738721155165
6922,2.1763092397838997
6923,0.22275767154784243
6924,0.20188725586763057
6925,1.3421229590113497
6926,-0.13565193035796264
6927,0.6814809219465627
6928,1.734602369204905
6929,-0.05632878255592677
6930,0.3220029747469556
6931,3.596316454140167
6932,0.19123410101592075
6933,0.41393913288642015
6934,4.135400242262771
6935,-0.1358378388739634
6936,0.4499047563353238
6937,0.7553603629423689
6938,-0.2876137945904501
6939,0.639017780782355
6940,-10.0
6941,-0.08219265564946632
6942,0.40371775005384614
6943,4.057569966754409
6944,-0.1983985236179756
6945,0.5247946112488897
6946,1.8509973147824597
6947,0.19623039968498246
6948,0.21319225884619497
6949,1.6778261501387826
6950,-0.2176484484735849
6951,0.15945513911890052
6952,1.5037789685718996
6953,0.0032574545241556008
6954,0.6199721850383315
6955,9.156074907406113
6956,0.029041619080667824
6957,-10.0
6958,3.026225683514455
6959,-0.2924476823568408
6960,0.1126334874125926
6961,1.4910052107992344
6962,0.1477974330311812
6963,0.10682144735178789
6964,1.3666416006213173
6965,-0.2745967982632901
6966,0.24940826961913287
6967,1.4986985427677884
6968,-0.10615374950880385
6969,0.014429513433737773
6970,3.7613446249630114
6971,0.07840954477587292
6972,0.5430291434966124
6973,1.3383306946864966
6974,-0.2876137945904501
6975,0.2478593569038301
6976,1.8975446543218601
6977,-0.1657400982377002
6978,0.9738583028319222
6979,2.6659711205527685
6980,-0.18109782784784845
6981,0.09909123394096653
6982,1.616061662905871
6983,-10.0
6984,1.6081795050061225
6985,2.2547503963750106
6986,-0.14063411999084885
6987,0.6713192397420452
6988,2.1613844255915016
6989,0.01815570533026134
6990,0.26054644648051006
6991,5.553016232704378
6992,0.1477974330311812
6993,-0.06798946903708902
6994,2.7871255515841398
6995,-0.1518370775355976
6996,-10.0
6997,2.8577943170460713
6998,-0.13697295846410817
6999,0.6910464529819607
7000,1.5953639373802218
7001,-0.25754840896603604
7002,0.30674255890641955
7003,1.8312044072913882
7004,-0.1274079626794764
7005,0.006011600708932474
7006,1.0591971452906581
7007,0.2611982559270164
7008,0.09664712635925898
7009,1.862466315639266
7010,0.20128868213789908
7011,0.2040484928492332
7012,2.2230838314415875
7013,-0.22771614835425835
7014,0.11558248235750535
7015,2.2699458171389484
7016,-0.13697295846410817
7017,0.6023974966430972
7018,2.2487913244138107
7019,-0.01020389161134383
7020,0.3886105312141248
7021,2.682380358708377
7022,0.15136809022333864
7023,-0.04438744382225912
7024,2.3172820830510434
7025,-0.2924476823568408
7026,0.43682435600249037
7027,1.4104182312542006
7028,0.11222079646221339
7029,0.420908828100097
7030,3.7756832486477916
7031,-10.0
7032,1.3900563043372256
7033,2.5355188697175626
7034,-0.1638342690034288
7035,0.26263539008114856
7036,2.6927143242005025
7037,-0.25754840896603604
7038,-0.017742796925839133
7039,2.3408399619411298
7040,-0.3001116420447235
7041,1.010848393890944
7042,1.7079758014397537
7043,0.46363638035651633
7044,1.4636363703565165
7045,0.19293849977677302
7046,0.13521902711360556
7047,1.3402074006254976
7048,-0.10260744895723317
7049,0.882506169869419
7050,-10.0
7051,0.06974430682094213
7052,0.03288526161769134
7053,1.1681544648880298
7054,-0.2845928200976152
7055,0.052685364827930625
7056,1.4311917663289118
7057,-0.2155023475211456
7058,-0.020177875963503955
7059,4.439043016532189
7060,-0.43581599228365864
7061,0.07933485931684392
7062,0.8703545092648405
7063,-0.08691166535444261
7064,0.7986119135135151
7065,3.9881432398569143
7066,-0.02472021587935458
7067,0.20744320336666877
7068,2.8195524124359883
7069,1.0066668739979963
7070,-0.16408089629539258
7071,2.5862170976439405
7072,0.2183531181327364
7073,0.14869584168655403
7074,3.2310466851004795
7075,0.12310287807714915
7076,0.24758367379837054
7077,2.657556607418686
7078,0.04113060069041807
7079,0.06830101155966006
7080,1.8831820435618782
7081,-0.1358378388739634
7082,0.4482993968531228
7083,2.2367821903663057
7084,-0.3281325855807139
7085,0.3913102507902664
7086,2.585343762027539
7087,-0.24024559180627436
7088,0.2697663799143032
7089,1.0371950649584707
7090,-0.24101202341637784
7091,0.14957127542396664
7092,7.481023083741411
7093,-0.26011443440093684
7094,0.09998233573259419
7095,1.9686460139759654
7096,-0.25754840896603604
7097,0.2726504311788135
7098,1.0226015231323127
7099,-0.3613339149998035
7100,0.5562576197486299
7101,1.6440250782677608
7102,-0.16189400043519053
7103,0.9774051721211382
7104,1.8723914756187312
7105,-0.2839877950601606
7106,0.8786177448237487
7107,2.534328150444824
7108,-0.21438931649027926
7109,0.3092235333911735
7110,1.4998015146193122
7111,-0.2875566529978749
7112,0.41994887951413007
7113,1.9947078747042757
7114,-0.25661711515750774
7115,0.33495137522522533
7116,3.3393792587254083
7117,-0.1191877100460913
7118,0.8170944098111685
7119,2.1340290882875452
7120,-0.2660839942989509
7121,0.13585321525745586
7122,-10.0
7123,0.04113060069041807
7124,1.4707999639095026
7125,3.872899879874751
7126,-0.22771614835425835
7127,0.31475793930028395
7128,1.3381115260191387
7129,-0.22771614835425835
7130,0.2574168233258214
7131,2.5180425109740217
7132,0.11222079646221339
7133,0.32219736003257604
7134,2.569696497254565
7135,0.2611982559270164
7136,-0.12313848649425885
7137,0.652238825426715
7138,-10.0
7139,2.722315108006483
7140,6.179429162149521
7141,-0.26011443440093684
7142,0.09998233573259419
7143,2.2492038435749757
7144,-0.10260744895723317
7145,0.6367360520222689
7146,2.5439866377644456
7147,-0.1638342690034288
7148,0.29255536026888274
7149,1.9333972406079287
7150,-0.2845928200976152
7151,0.47193625210175616
7152,1.4522395891394608
7153,0.3901906940347867
7154,0.21599675089694714
7155,5.160177065190756
7156,0.3500401235064009
7157,1.9143129360317195
7158,1.1398997179373285
7159,-0.3381437542543366
7160,0.6491557208902711
7161,1.3092044323441228
7162,0.04113060069041807
7163,0.03526345126934749
7164,1.2531101178021171
7165,0.30320138876883485
7166,1.3954912963575827
7167,5.454445672004521
7168,-10.0
7169,-10.0
7170,3.1545905265081595
7171,-0.10615374950880385
7172,0.11022862137185108
7173,1.449381657252416
7174,0.46363638035651633
7175,0.6159494637564911
7176,4.914325328574716
7177,-0.25577032821782797
7178,0.23673747899018682
7179,1.5471400448465675
7180,-0.08691166535444261
7181,0.3936132583328168
7182,1.9310414801758629
7183,-0.2845928200976152
7184,0.052685364827930625
7185,2.0745744736193847
7186,-0.21438931649027926
7187,0.2885289584865305
7188,1.9528866252749728
7189,-0.05632878255592677
7190,0.29329989636024034
7191,1.9118944214162783
7192,-0.26011443440093684
7193,0.539322172513828
7194,2.549391366010681
7195,-0.43581599228365864
7196,0.03858540626286122
7197,0.6084682322389637
7198,0.19623039968498246
7199,0.41668664064026784
7200,1.809638963403101
7201,-0.21013034294983823
7202,1.1883110124424654
7203,3.7494114423768705
7204,-0.1191877100460913
7205,0.3214296898423421
7206,1.821826661173414
7207,-0.3001116420447235
7208,0.37792995738158064
7209,2.401958138616904
7210,-0.10260744895723317
7211,0.5782211908828223
7212,2.7498978625928148
7213,-0.2924476823568408
7214,0.341338555654335
7215,4.021759095955813
7216,-0.29133154022062646
7217,0.7010579791760196
7218,1.661587085114734
7219,-0.18109782784784845
7220,0.04057078122300517
7221,1.1846221058288557
7222,-0.09803803003042932
7223,-10.0
7224,5.896491792739002
7225,-0.2902523925216365
7226,0.32251972912546123
7227,3.558574410297701
7228,-0.2876137945904501
7229,0.2310206833277656
7230,2.8215423923876806
7231,-0.2155023475211456
7232,0.7057162353086192
7233,2.4604421232973728
7234,-0.2660839942989509
7235,0.5358045537357079
7236,1.061555512565026
7237,-0.25661711515750774
7238,0.28345255831645866
7239,1.2861412016265827
7240,0.3901906940347867
7241,3.6015962902591885
7242,0.11594889236247985
7243,0.46363638035651633
7244,0.15921224101873177
7245,1.592657955807836
7246,-0.2660839942989509
7247,0.48579317126377797
7248,1.4782091517639917
7249,-10.0
7250,0.7595211386967488
7251,1.5663539630662817
7252,0.06974430682094213
7253,0.13309977292334607
7254,1.3058967343592345
7255,-0.26070307485567623
7256,0.5831393272038171
7257,4.236897955732821
7258,0.19623039968498246
7259,0.047540446135807324
7260,1.5292592263053686
7261,-0.2924476823568408
7262,0.10924322233818695
7263,0.8158079892391294
7264,-0.3001116420447235
7265,0.8367718042283776
7266,1.7161354641121291
7267,-10.0
7268,0.944764825397788
7269,2.1731929241420196
7270,-0.055280625897490165
7271,0.3627449607504025
7272,2.7991713849485773
7273,-0.29133154022062646
7274,0.15518322872728485
7275,1.98609091034667
7276,-0.20799659742620424
7277,0.31075906215728566
7278,1.7114442785891073
7279,0.19293849977677302
7280,0.038024859705780845
7281,1.1914918356356514
7282,-0.1305301710815473
7283,0.47793092248764024
7284,2.4487879896473705
7285,-0.2902523925216365
7286,4.175034929650237
7287,12.213466713519951
7288,-0.1983985236179756
7289,1.4134912341016665
7290,4.5018869292528745
7291,-0.2660839942989509
7292,0.04322719912244677
7293,0.9011522702796082
7294,0.0032574545241556008
7295,-0.10395171064991471
7296,0.9094396474552932
7297,-0.43581599228365864
7298,0.591829006059856
7299,2.4450961560334443
7300,-0.19507094025927663
7301,0.11419098449579734
7302,1.722980324344197
7303,-0.30014042493439075
7304,0.7208564525991566
7305,2.3250168376255864
7306,0.19293849977677302
7307,0.29968974572030516
7308,1.4999245840186275
7309,-0.25754840896603604
7310,0.3689664529363549
7311,-10.0
7312,-0.25661711515750774
7313,0.28345255831645866
7314,1.149186519528434
7315,-0.1657400982377002
7316,0.19484612007115343
7317,1.4215087137686102
7318,-0.25577032821782797
7319,0.2515581873721331
7320,1.1952168111090122
7321,0.2088394064996778
7322,0.0879864796671821
7323,2.409100444794757
7324,-0.37773028562133504
7325,1.1479688685923244
7326,2.6431973166213876
7327,0.053151156030451285
7328,0.49318481173521245
7329,2.2259026331460188
7330,0.45511003488514634
7331,0.37847241589889635
7332,2.062655934105788
7333,-0.25754840896603604
7334,0.27154028551085807
7335,1.310315702907196
7336,-0.18109782784784845
7337,0.14985426643008737
7338,1.9390378669567792
7339,0.0021617393332461488
7340,0.07549309388688918
7341,1.7280401971354151
7342,-0.24024559180627436
7343,0.4768811696685721
7344,1.6963102104090881
7345,0.0
7346,-0.1638342690034288
7347,0.5180896333672268
7348,1.8631872413316797
7349,-0.1305301710815473
7350,-0.042685875717395017
7351,1.0858992323067655
7352,-0.055280625897490165
7353,0.6744341885183691
7354,2.7318583164693466
7355,-0.33828735465081083
7356,0.3597999988570071
7357,1.130511250392464
7358,-0.13697295846410817
7359,0.02783034738593515
7360,1.139611190210199
7361,-0.1518370775355976
7362,-10.0
7363,3.1938717544286983
7364,0.011928288398080356
7365,0.3624747585832706
7366,4.244589001935844
7367,0.11222079646221339
7368,0.11836200830735177
7369,4.0462142655169755
7370,0.2088394064996778
7371,1.826885183856011
7372,7.60863171319891
7373,-10.0
7374,-10.0
7375,-0.13697295846410817
7376,0.431183642600935
7377,1.5278108681262528
7378,-0.2876137945904501
7379,0.5875229019427116
7380,2.521597170049862
7381,-0.2924476823568408
7382,0.5657561794189142
7383,1.6458754430249654
7384,-0.2924476823568408
7385,0.24058816422060514
7386,2.1895636798226596
7387,0.2183531181327364
7388,0.07097655747087828
7389,1.9248840466178236
7390,-0.2875566529978749
7391,0.48952958779985944
7392,2.5220047677182027
7393,0.19123410101592075
7394,1.6238208079989114
7395,7.63997073683355
7396,0.0021617393332461488
7397,0.1393681884367053
7398,2.3461383473702764
7399,-0.21013034294983823
7400,0.4615468390214966
7401,1.3888628584054301
7402,0.0032574545241556008
7403,0.29142103297554733
7404,4.3400715158924354
7405,-0.2660839942989509
7406,0.41203405494401646
7407,1.3458057397115468
7408,-0.343005596364245
7409,1.9443304424896346
7410,0.7155825233347755
7411,0.011928288398080356
7412,0.40855486301611865
7413,2.435460322866372
7414,0.029041619080667824
7415,0.5273237265910395
7416,1.9277586729877048
7417,-0.3613339149998035
7418,1.0302410535601614
7419,-10.0
7420,-0.2176484484735849
7421,0.35688315477470023
7422,1.1471372371246147
7423,0.12310287807714915
7424,0.03816894437577356
7425,-10.0
7426,0.2183531181327364
7427,0.34301405610331437
7428,1.837016850078369
7429,0.2088394064996778
7430,0.25309207748775786
7431,3.9537355163128964
7432,0.1477974330311812
7433,0.2450428165944758
7434,2.5924383904379438
7435,-0.1983985236179756
7436,1.2857517451672411
7437,2.7909228344583967
7438,0.20128868213789908
7439,0.2684948298876664
7440,1.547708030072664
7441,-0.10615374950880385
7442,3.8971588319587633
7443,2.1512860396110356
7444,1.0066668739979963
7445,0.176325595325455
7446,1.6678719796944999
7447,0.011928288398080356
7448,0.2274754463764379
7449,1.7040162536851777
7450,-0.32635444102453004
7451,1.043847587219342
7452,-10.0
7453,-0.1657400982377002
7454,1.494204735661783
7455,4.326541519633337
7456,-0.19507094025927663
7457,0.4846357634880094
7458,1.1324215249857192
7459,-0.2875566529978749
7460,0.040331236284607885
7461,7.05998911102391
7462,-0.055280625897490165
7463,0.11362571556884937
7464,7.472302935409464
7465,0.07840954477587292
7466,0.3297386893893872
7467,0.9886357019382932
7468,0.19623039968498246
7469,0.519570077567687
7470,1.0607171611458428
7471,0.3500401235064009
7472,2.6008328055025896
7473,3.5146449238322095
7474,-0.10615374950880385
7475,0.2190122189313337
7476,2.8601767996655605
7477,-0.18109782784784845
7478,0.4514944120564711
7479,3.707015827890779
7480,-0.19507094025927663
7481,0.3399790246186183
7482,1.504897484117315
7483,-0.33828735465081083
7484,0.8584992774732809
7485,2.145909401825831
7486,-0.060686764501322266
7487,0.2694678683435754
7488,2.3684115110695823
7489,-0.1518370775355976
7490,0.3826684958540466
7491,3.1635691925227873
7492,0.1477974330311812
7493,-10.0
7494,3.6812325923224734
7495,-0.20799659742620424
7496,0.2767922214444244
7497,1.99859006773153
7498,0.020085789058602033
7499,-0.0062892346382383835
7500,-10.0
7501,-0.1358378388739634
7502,0.24696821099641975
7503,2.397791789434441
7504,0.043670680904227654
7505,0.7854842458352456
7506,1.952789893907926
7507,-0.05632878255592677
7508,1.6660033789725106
7509,4.419799800709534
7510,0.2088394064996778
7511,0.34970857900264707
7512,1.7121152377577422
7513,0.19293849977677302
7514,0.1705987020969797
7515,2.9936329443890988
7516,0.1477974330311812
7517,0.5090632341713353
7518,-10.0
7519,-10.0
7520,1.4461599594760928
7521,1.9029414421886783
7522,-0.01020389161134383
7523,0.054159240985778956
7524,1.3431056519643787
7525,-0.19920386758137865
7526,0.42125173785151926
7527,1.192164164001023
7528,-0.060686764501322266
7529,0.528118875248452
7530,2.417386648973852
7531,-10.0
7532,0.6492176852929464
7533,1.0316837181909297
7534,0.011928288398080356
7535,1.9570726064190944
7536,3.228937410750997
7537,0.13558154529620003
7538,0.10626337102275607
7539,1.2533154268775037
7540,-0.25661711515750774
7541,0.46245216782780063
7542,1.181678769434736
7543,0.30320138876883485
7544,-0.1881322451225007
7545,1.26587740148262
7546,0.043670680904227654
7547,1.0436706709042278
7548,-0.2902523925216365
7549,0.8370123775651966
7550,1.5285142919381551
7551,-0.2745967982632901
7552,0.5523458645653658
7553,1.7322611114420372
7554,0.029041619080667824
7555,0.26077449248058593
7556,2.0570281279843106
7557,0.13558154529620003
7558,0.40145519097341853
7559,1.5485072468281662
7560,-0.33828735465081083
7561,0.1654912717591187
7562,1.1625834849518966
7563,-0.2875566529978749
7564,0.12601878627380403
7565,2.676769811595541
7566,0.12310287807714915
7567,0.06393636921812185
7568,1.7132041743000934
7569,-0.3381437542543366
7570,0.6618562357456635
7571,-0.13697295846410817
7572,0.07909657853891217
7573,4.714368997000453
7574,-0.2660839942989509
7575,0.22954682388755754
7576,1.2289494559806302
7577,-10.0
7578,1.5723054790112823
7579,4.803971650587605
7580,-0.2745967982632901
7581,0.1974948697805874
7582,1.095313037191508
7583,0.02512959004087889
7584,0.8919548070251373
7585,2.248757343625979
7586,-0.37773028562133504
7587,0.7698366820321653
7588,1.5452454941381524
7589,-0.16189400043519053
7590,0.7268878287647381
7591,2.0057737453045608
7592,0.30320138876883485
7593,2.302691989302614
7594,5.462344602858208
7595,0.12310287807714915
7596,-0.055988091341492074
7597,0.8363941749967484
7598,-0.21438931649027926
7599,0.47260796191056165
7600,2.173583989630762
7601,0.13558154529620003
7602,0.4485912378377519
7603,2.8561748824302793
7604,-0.1191877100460913
7605,0.5848375135537993
7606,2.70591224029468
7607,-0.2660839942989509
7608,0.40548590017346986
7609,4.320492449814223
7610,-0.2176484484735849
7611,0.6867867315129355
7612,5.15154921947293
7613,-0.2902523925216365
7614,0.39835268842229865
7615,1.728859381119448
7616,-10.0
7617,1.541678705933103
7618,-10.0
7619,-0.1305301710815473
7620,0.11478935738366347
7621,1.2769614717968438
7622,0.07840954477587292
7623,0.17571102071315403
7624,-10.0
7625,0.12310287807714915
7626,0.17315449785762582
7627,1.8955931135559663
7628,-0.21013034294983823
7629,0.160234866194365
7630,1.622910266871831
7631,-0.09803803003042932
7632,-10.0
7633,4.202739485383831
7634,0.19123410101592075
7635,0.14231136351319873
7636,1.5548057402583746
7637,-0.19507094025927663
7638,0.9391334954171515
7639,1.8440695557532425
7640,-10.0
7641,1.1828265803177636
7642,1.1805101889096137
7643,1.0066668739979963
7644,0.611596909421432
7645,2.262974843518777
7646,0.1477974330311812
7647,0.10674422877401857
7648,2.2240822355175647
7649,0.08781330024211964
7650,0.38811643416538977
7651,1.6910207446425032
7652,-0.05632878255592677
7653,1.0853143115708583
7654,3.601841924015549
7655,-0.2176484484735849
7656,0.2831539543211563
7657,1.3905550561386402
7658,0.07840954477587292
7659,0.1796306471950635
7660,1.35505210516378
7661,-0.343005596364245
7662,1.8046307440962184
7663,0.5032507668698856
7664,-0.19507094025927663
7665,0.9005230565872147
7666,1.4947728337930306
7667,-0.1274079626794764
7668,0.8725920273205238
7669,-0.343005596364245
7670,0.40723283823349676
7671,1.6557700435804246
7672,-10.0
7673,1.0741426172751958
7674,1.3993518371504623
7675,-0.37773028562133504
7676,1.0277476416509574
7677,3.633779640658866
7678,-0.3613339149998035
7679,0.6108646425863734
7680,1.7820244437887132
7681,-10.0
7682,1.5387350934646673
7683,3.282427022643806
7684,0.30320138876883485
7685,0.6208190617286706
7686,6.815609345120439
7687,-0.43581599228365864
7688,0.2158677375112127
7689,-10.0
7690,0.3901906940347867
7691,0.08514871837256877
7692,2.1149547585993433
7693,-0.1358378388739634
7694,0.3465606772529535
7695,1.3205165292598733
7696,-0.08219265564946632
7697,0.14465246344984928
7698,1.8265038832347464
7699,0.029041619080667824
7700,0.4664649022220084
7701,2.92007327572583
7702,-0.2660839942989509
7703,0.15948427412089317
7704,1.5363259962959752
7705,-0.055280625897490165
7706,0.340349525500963
7707,1.6209443560536922
7708,-10.0
7709,1.864108714877259
7710,1.4815028135250448
7711,-0.09803803003042932
7712,1.1342422855174283
7713,2.784964076245056
7714,-0.20799659742620424
7715,0.27711986499369845
7716,1.068273853698409
7717,-0.21438931649027926
7718,0.2686869253327959
7719,0.6794550434689944
7720,-0.14063411999084885
7721,0.8593658700091513
7722,-0.1657400982377002
7723,0.8765660549987003
7724,1.862416245117718
7725,-0.43581599228365864
7726,0.2158677375112127
7727,0.8316926619910548
7728,-10.0
7729,1.3900563043372256
7730,1.4070912924741654
7731,-0.3569460632591316
7732,1.0404397648389638
7733,2.148844011370712
7734,-0.01020389161134383
7735,0.2401793566671766
7736,-10.0
7737,-0.060686764501322266
7738,0.528118875248452
7739,2.9621574312275563
7740,0.011928288398080356
7741,0.3151610790487849
7742,1.6788585523781705
7743,-0.3281325855807139
7744,0.7313962392623297
7745,1.0741024410694755
7746,0.19293849977677302
7747,-0.20247726332453242
7748,1.318602953153824
7749,-0.1274079626794764
7750,0.4158582576985407
7751,-10.0
7752,-0.1274079626794764
7753,0.9727094806422004
7754,2.020463238940752
7755,0.11222079646221339
7756,0.3616006243808505
7757,2.170274447200761
7758,0.20128868213789908
7759,0.3031855297187336
7760,8.373816827649843
7761,-0.3372195417281796
7762,0.515287206335235
7763,3.101905760671961
7764,-0.13565193035796264
7765,0.01535369848921464
7766,1.140924407609738
7767,0.1477974330311812
7768,0.07557773762040165
7769,1.8685076335306192
7770,0.08781330024211964
7771,0.5350293075610582
7772,2.2230449543923427
7773,-10.0
7774,1.1405429172074515
7775,1.2811803947045988
7776,0.07840954477587292
7777,0.5272587815441447
7778,4.274261211459253
7779,0.45511003488514634
7780,-0.03960326894764421
7781,1.6079177341891864
7782,-0.23162872281625646
7783,0.5648910091270553
7784,1.6200496803497635
7785,-10.0
7786,1.8631238451744583
7787,3.1143964885553506
7788,-0.060686764501322266
7789,0.051344403632896496
7790,1.9912199781405011
7791,-0.2176484484735849
7792,0.15945513911890052
7793,1.7062831300083185
7794,0.3901906940347867
7795,0.7871503613802839
7796,2.5126513409147004
7797,-10.0
7798,1.1936525482093199
7799,-10.0
7800,-0.3281325855807139
7801,0.6776412824641442
7802,2.119549225598275
7803,-0.3372195417281796
7804,0.4561642382984681
7805,2.0873122717968418
7806,-0.37773028562133504
7807,0.35192964629594026
7808,1.2618731548445083
7809,0.12310287807714915
7810,0.17315449785762582
7811,1.8955931135559663
7812,-0.14063411999084885
7813,0.27955449239558805
7814,1.551469193868153
7815,-0.1657400982377002
7816,1.0442482514963505
7817,1.5808922645823718
7818,0.2088394064996778
7819,0.12538285540295924
7820,2.3653366488928214
7821,-0.3569460632591316
7822,0.27048365956447273
7823,1.1651376946031158
7824,0.2183531181327364
7825,1.2183531081327366
7826,-0.2155023475211456
7827,0.6711064347644026
7828,2.8174148114588875
7829,-0.2845928200976152
7830,0.5208503302557411
7831,0.9721028770718632
7832,-0.343005596364245
7833,0.10620798891975392
7834,1.6853940551389648
7835,-0.2845928200976152
7836,0.23875576694501388
7837,2.020325984439183
7838,0.020085789058602033
7839,0.10023227832371595
7840,1.6808357380116548
7841,0.06974430682094213
7842,0.23316720842266858
7843,2.1631656328512294
7844,-0.3372195417281796
7845,0.4560652280838531
7846,1.271475368034069
7847,0.3500401235064009
7848,0.7620999187750561
7849,1.7265938686541498
7850,-0.30014042493439075
7851,0.12335485703113602
7852,2.066536094593662
7853,-0.26011443440093684
7854,0.11414689765117603
7855,1.2007805783746013
7856,-0.01020389161134383
7857,0.20199894580043343
7858,1.038237871867631
7859,-10.0
7860,0.9925318988375202
7861,1.942581885054964
7862,-10.0
7863,1.1175810438247753
7864,1.8959362706133938
7865,0.06974430682094213
7866,0.31356421199774953
7867,0.8638228203844145
7868,-0.13565193035796264
7869,0.39757638875204515
7870,1.2923597521934258
7871,0.19123410101592075
7872,0.7711199763023653
7873,1.7406346919584723
7874,0.04113060069041807
7875,1.730585813733719
7876,7.297981992461564
7877,0.06974430682094213
7878,-0.012121889485102066
7879,3.0556131132585937
7880,-0.10615374950880385
7881,0.50419401920035
7882,1.4070690095954979
7883,-0.3281325855807139
7884,0.12416218900969722
7885,2.6802533814152203
7886,-0.1305301710815473
7887,0.56521277810779
7888,5.933428161929515
7889,-0.10615374950880385
7890,0.026543141020668792
7891,0.6892257315017986
7892,0.06974430682094213
7893,0.2703778757475337
7894,2.4640748828680232
7895,0.020085789058602033
7896,0.19725530471249408
7897,-10.0
7898,-0.2745967982632901
7899,0.37519896552291576
7900,0.9656728834151522
7901,-0.2876137945904501
7902,0.24703171997142825
7903,1.8441773238263865
7904,0.0
7905,-0.3381437542543366
7906,0.17256148759160028
7907,1.3388522323547962
7908,0.0032574545241556008
7909,0.20539248642310226
7910,-10.0
7911,-0.13697295846410817
7912,0.8771132051488522
7913,2.795041669294564
7914,0.06974430682094213
7915,0.2997007435082544
7916,-10.0
7917,0.12310287807714915
7918,0.6697128738795362
7919,1.0964116564727018
7920,-0.33828735465081083
7921,0.2312967283039039
7922,1.535354409641348
7923,-0.2876137945904501
7924,0.30278019349044116
7925,3.630771863554136
7926,-0.24024559180627436
7927,0.21615350953103163
7928,1.5314105208892477
7929,0.19293849977677302
7930,-0.1282518502119796
7931,1.098328207957104
7932,-0.1358378388739634
7933,0.9338915442282243
7934,2.943043354681871
7935,0.19293849977677302
7936,0.29968974572030516
7937,1.5841001346953338
7938,-0.1638342690034288
7939,0.33097128407571186
7940,1.394050373282012
7941,-0.2839877950601606
7942,0.18018509559071283
7943,1.1862944887580071
7944,-0.3569460632591316
7945,0.14217988660743353
7946,2.032691868166658
7947,-0.1657400982377002
7948,0.48083362461258716
7949,2.511646432445186
7950,-0.060686764501322266
7951,0.4574088654225188
7952,2.301841273856115
7953,-0.1657400982377002
7954,0.4367364244878059
7955,-10.0
7956,-0.060686764501322266
7957,0.16069291362719618
7958,0.8993750121309356
7959,-0.3569460632591316
7960,2.2505271697317215
7961,5.118703740105115
7962,0.043670680904227654
7963,0.5211722396921912
7964,1.5753850385853505
7965,-0.25577032821782797
7966,0.8076349796000086
7967,2.050033005952561
7968,-0.30014042493439075
7969,0.38226291721425365
7970,0.90293863721948
7971,-0.21013034294983823
7972,0.2577330141551478
7973,1.6002306149707943
7974,0.01815570533026134
7975,0.6345783764451856
7976,1.6800530903770075
7977,0.0021617393332461488
7978,0.5483860695464351
7979,10.913637787119983
7980,0.11107843861570099
7981,0.12344161665370401
7982,2.6670720268779307
7983,0.3500401235064009
7984,0.2699388795439688
7985,1.8544252853002785
7986,0.19123410101592075
7987,0.30195462124798533
7988,1.4925502576146903
7989,-0.343005596364245
7990,0.10252684911130172
7991,1.54673601774495
7992,0.19623039968498246
7993,1.2754981161710621
7994,2.2502617161139264
7995,-0.10615374950880385
7996,0.15284067550600722
7997,1.815909708075372
7998,-0.2875566529978749
7999,0.5347983291586188
8000,1.5087358807813047
8001,-0.21438931649027926
8002,0.4633439975447755
8003,1.6080069647535857
8004,0.020085789058602033
8005,0.30795219564456233
8006,8.84609967537935
8007,0.02512959004087889
8008,1.1314940328595997
8009,1.881667972761666
8010,0.19123410101592075
8011,0.4457366692105542
8012,-10.0
8013,0.011277666057257218
8014,0.4132545645607164
8015,3.286866567384412
8016,-0.08691166535444261
8017,0.36194755887116525
8018,2.3757072836899233
8019,-0.18109782784784845
8020,0.06341824022512554
8021,1.6062057084652697
8022,0.3500401235064009
8023,0.22596564890454496
8024,1.3641259613824117
8025,-0.14063411999084885
8026,1.1166187186569663
8027,2.2506646806572466
8028,-0.18109782784784845
8029,0.10795090547745678
8030,1.887506033455639
8031,-10.0
8032,1.0675828042894049
8033,1.293179311485937
8034,0.19123410101592075
8035,0.30195462124798533
8036,2.160981093239502
8037,-0.43581599228365864
8038,0.2923609734132515
8039,1.7605286621346377
8040,0.46363638035651633
8041,0.17197101134394188
8042,3.4851657888680467
8043,-0.43581599228365864
8044,0.827473583739366
8045,1.2054810264604323
8046,0.2611982559270164
8047,0.28647672901547994
8048,1.6232510671301583
8049,-10.0
8050,1.4455765787402168
8051,1.9085745713191584
8052,-10.0
8053,1.007439023088642
8054,2.8036899948556866
8055,-0.3372195417281796
8056,0.21247828497256893
8057,1.5639312030251835
8058,-0.1191877100460913
8059,0.8170944098111685
8060,2.528756802466339
8061,0.02512959004087889
8062,0.2451647597776212
8063,1.300485410689425
8064,0.04113060069041807
8065,1.3852319786131917
8066,6.032568082993594
8067,0.1477974330311812
8068,0.03307849493378345
8069,-10.0
8070,0.011277666057257218
8071,0.03272774518386057
8072,2.995040172136007
8073,-0.1358378388739634
8074,0.35267029953445195
8075,0.9333939307098535
8076,0.46363638035651633
8077,0.1155294250127501
8078,1.9450900603429466
8079,0.22275767154784243
8080,0.38699957684159636
8081,2.2495310557875485
8082,-0.19507094025927663
8083,0.792843193959528
8084,2.9845325993011773
8085,-0.22771614835425835
8086,0.33152541742766317
8087,1.9157830155699545
8088,-0.2660839942989509
8089,0.43437391255805613
8090,1.498625801369501
8091,0.053151156030451285
8092,0.12778279204503806
8093,1.4824110301588638
8094,-0.13697295846410817
8095,0.3525502690523601
8096,1.110543247454386
8097,0.043670680904227654
8098,0.6256488145244579
8099,2.9579063490083213
8100,-0.055280625897490165
8101,0.6023370059354358
8102,1.5565989898773651
8103,-0.21438931649027926
8104,0.5566836243463715
8105,1.269721477933891
8106,-0.2155023475211456
8107,0.6840357266934384
8108,8.475764508845344
8109,-0.2176484484735849
8110,0.2372574023847609
8111,2.705371621875071
8112,-0.1191877100460913
8113,0.8170944098111685
8114,1.4578804152337157
8115,-0.25661711515750774
8116,0.40890820977278164
8117,2.0584061096130783
8118,0.20128868213789908
8119,0.2040484928492332
8120,2.234640821596434
8121,-0.055280625897490165
8122,0.011021273594991166
8123,2.383262245020663
8124,-0.01020389161134383
8125,0.1005062754589574
8126,1.273781716924314
8127,0.0021617393332461488
8128,1.597728105683228
8129,9.010620345503469
8130,-0.2745967982632901
8131,0.7577215049563222
8132,2.2821568639424177
8133,-0.43581599228365864
8134,0.4370442685488233
8135,1.3705790080673774
8136,0.30320138876883485
8137,0.0014221487918644193
8138,2.722601944778639
8139,-0.3372195417281796
8140,0.3762156984133642
8141,1.8495480420206019
8142,0.20128868213789908
8143,0.40442695098136827
8144,2.0187618634494875
8145,-0.3372195417281796
8146,0.3310478885563113
8147,1.6980860478927395
8148,-0.08691166535444261
8149,0.5243141781997717
8150,1.9814146286594776
8151,-0.32635444102453004
8152,0.2565691864580898
8153,0.9511286775406209
8154,-0.343005596364245
8155,0.3578254346882651
8156,1.8933054433957632
8157,0.11107843861570099
8158,0.23373688624024314
8159,5.571933420162843
8160,0.11107843861570099
8161,1.1528853084148485
8162,2.7123735146533416
8163,0.01815570533026134
8164,0.7832512932866929
8165,0.8539754352012712
8166,-0.21013034294983823
8167,0.2944977598615689
8168,1.1095107715334815
8169,0.15136809022333864
8170,-10.0
8171,4.360133592045371
8172,-0.2845928200976152
8173,0.8904058416468873
8174,2.348895005887956
8175,-0.16189400043519053
8176,0.5517186350940154
8177,1.4723898054327342
8178,-0.2660839942989509
8179,0.43273696299049824
8180,1.402605001043946
8181,-0.25754840896603604
8182,0.6819684730045709
8183,2.372865482358862
8184,-0.25577032821782797
8185,0.1795276281453776
8186,2.3034270215769115
8187,-0.02472021587935458
8188,0.30378163795219326
8189,5.898596572756764
8190,0.01815570533026134
8191,0.2873683643173013
8192,4.398718235329039
8193,-0.10260744895723317
8194,0.46064920878130744
8195,1.3671063209457186
8196,-10.0
8197,0.9437993646987181
8198,1.5327957898919933
8199,-0.3372195417281796
8200,0.45903078648839046
8201,2.2818328144990643
8202,-10.0
8203,1.4062568932237858
8204,2.1514498716890085
8205,-0.37773028562133504
8206,0.5909946160810401
8207,1.776563854794257
8208,-0.3281325855807139
8209,0.1301054771811353
8210,1.579255805351265
8211,0.01815570533026134
8212,0.678823340460879
8213,0.9190867057507459
8214,-0.2155023475211456
8215,1.4941272326858859
8216,5.680735476628289
8217,0.19623039968498246
8218,0.47004344883902016
8219,2.018176214403192
8220,-0.2845928200976152
8221,0.6185609729034262
8222,1.9948463683948923
8223,-0.33828735465081083
8224,0.3434809403098471
8225,2.240389609335616
8226,-0.33828735465081083
8227,0.07427747235387461
8228,1.6289514433315877
8229,-0.2924476823568408
8230,0.39883757472419845
8231,2.89775982516879
8232,0.029041619080667824
8233,1.291631869952237
8234,2.9154059057486825
8235,-0.2876137945904501
8236,0.7176100755188964
8237,2.8914996770436794
8238,-0.18109782784784845
8239,0.14670770561349122
8240,0.9609956667506676
8241,0.01815570533026134
8242,0.15225349108276354
8243,1.0521733042446388
8244,0.0
8245,0.46363638035651633
8246,0.5013407822766698
8247,1.9080463820896458
8248,-10.0
8249,0.9543309852455735
8250,6.472425186507763
8251,0.19293849977677302
8252,-0.03675061868529572
8253,1.6549588361467231
8254,-0.26011443440093684
8255,0.08476797236498279
8256,1.3770469066469788
8257,0.11107843861570099
8258,0.3619556194957858
8259,1.7578402763642966
8260,0.13558154529620003
8261,1.043902346154778
8262,1.6580328267706725
8263,0.07840954477587292
8264,1.0626001013022548
8265,-10.0
8266,-0.060686764501322266
8267,-10.0
8268,2.5331811968769875
8269,-0.14063411999084885
8270,0.22408975102772655
8271,0.7180915722537243
8272,-0.21013034294983823
8273,0.18693212993666874
8274,1.2639406403243176
8275,-0.3372195417281796
8276,0.864311067591236
8277,4.078471121607715
8278,-0.09803803003042932
8279,0.3660269823074358
8280,2.457259949232255
8281,0.19293849977677302
8282,-0.20247726332453242
8283,0.7082929449572921
8284,-0.3372195417281796
8285,0.3334844250957696
8286,1.6318947042688632
8287,-0.24024559180627436
8288,0.8637327836804812
8289,-10.0
8290,-0.19507094025927663
8291,0.08582941143401057
8292,0.8682282352351737
8293,1.0066668739979963
8294,1.2684241212955563
8295,4.15389130380962
8296,0.020085789058602033
8297,-10.0
8298,2.5726243384893137
8299,-0.32635444102453004
8300,0.3960226893799964
8301,0.7903356701776123
8302,0.1477974330311812
8303,2.113660443477177
8304,2.8962274965805626
8305,-0.2176484484735849
8306,0.5403641660891845
8307,1.3099281020078082
8308,0.19123410101592075
8309,0.07982434034353614
8310,1.763942490376426
8311,0.30320138876883485
8312,-0.005782496236306223
8313,2.33918773276375
8314,-0.19920386758137865
8315,0.5458957460911831
8316,5.290677589520565
8317,-0.3372195417281796
8318,0.7774553918809541
8319,1.893266925377936
8320,-0.24024559180627436
8321,0.28903691416136945
8322,1.1358171371396186
8323,0.12310287807714915
8324,0.35985415795142206
8325,-10.0
8326,-0.09803803003042932
8327,-10.0
8328,6.777038925796083
8329,-0.060686764501322266
8330,0.06717475012638174
8331,3.828395439428994
8332,-0.3281325855807139
8333,2.1898239009414504
8334,2.8526317644568255
8335,0.053151156030451285
8336,0.3062329391435379
8337,1.507023335317145
8338,-10.0
8339,0.9582030454247419
8340,3.522570475803611
8341,-0.25577032821782797
8342,0.7032352970913596
8343,0.9232543761243595
8344,-0.1274079626794764
8345,0.6117840345743583
8346,2.5880421640048037
8347,-0.343005596364245
8348,0.3317793925668011
8349,2.1626077719960977
8350,1.0066668739979963
8351,0.1935286254462536
8352,2.6725255962732524
8353,-0.26070307485567623
8354,0.456505374199481
8355,1.2032699349513234
8356,0.08781330024211964
8357,0.841961898434318
8358,3.4050406805961355
8359,-0.01020389161134383
8360,0.5676888388504999
8361,-10.0
8362,0.2183531181327364
8363,0.14796802776708096
8364,1.4096814417886185
8365,-0.2155023475211456
8366,0.6342387231534324
8367,1.9909465440939216
8368,-0.2876137945904501
8369,0.3697822752830967
8370,2.474865044150572
8371,0.053151156030451285
8372,0.11418802925993643
8373,1.1933698204596221
8374,-0.343005596364245
8375,0.2049031564374476
8376,1.6243330458982101
8377,-0.24101202341637784
8378,1.9134045177887065
8379,2.4555133094406023
8380,-0.10615374950880385
8381,0.07648163127923102
8382,2.4135434609992754
8383,0.19123410101592075
8384,-10.0
8385,-10.0
8386,-0.01020389161134383
8387,0.576104286626852
8388,2.199726059212623
8389,0.07840954477587292
8390,0.15314116005024747
8391,1.507591045215552
8392,0.02512959004087889
8393,0.5617460883251328
8394,2.8753226031034647
8395,-0.25661711515750774
8396,0.44119376006857736
8397,1.7623261024175472
8398,-0.26011443440093684
8399,0.45551359452195594
8400,1.7344859375764619
8401,0.1477974330311812
8402,0.2653651559826815
8403,1.3608426156904847
8404,0.19123410101592075
8405,0.6463345203370097
8406,1.8856840503764158
8407,0.20128868213789908
8408,0.17486179075512953
8409,2.038634665031581
8410,0.15136809022333864
8411,0.6425477635303194
8412,1.9605808728320484
8413,-0.25661711515750774
8414,0.9913778772003206
8415,2.1419109360108872
8416,-0.32635444102453004
8417,0.027621129081321305
8418,1.5049147342633342
8419,0.11222079646221339
8420,0.4826882025957151
8421,1.2115249918683537
8422,0.13558154529620003
8423,0.13549926624232822
8424,1.4446940273774003
8425,-0.32635444102453004
8426,0.005001326298700204
8427,2.5881771308938197
8428,-0.3569460632591316
8429,0.20840333376730769
8430,1.275677902312073
8431,0.11107843861570099
8432,-0.00412609890447313
8433,4.1966611431306795
8434,0.2088394064996778
8435,1.0408868626391967
8436,1.2496901622837442
8437,0.30320138876883485
8438,2.244558823160946
8439,3.753786930163372
8440,0.04113060069041807
8441,0.20665260669372865
8442,1.6330454328147268
8443,-0.2845928200976152
8444,0.1977284019815344
8445,1.841984684607508
8446,-0.26070307485567623
8447,0.4320627671428713
8448,3.554952155841211
8449,-0.3281325855807139
8450,0.11282017470124173
8451,7.909091439107918
8452,-0.1638342690034288
8453,0.6506536627727869
8454,1.723815744360966
8455,0.08781330024211964
8456,0.24286184405940348
8457,2.289414367420145
8458,-0.2902523925216365
8459,0.7296607231849436
8460,2.0263786074233905
8461,1.0066668739979963
8462,1.0730136932032668
8463,3.1059246362395885
8464,-0.2176484484735849
8465,0.3892364985671859
8466,1.9785259015819245
8467,0.11222079646221339
8468,0.6394456904926897
8469,2.345560577119238
8470,0.19293849977677302
8471,0.4727801416796087
8472,0.6510216951773633
8473,0.011928288398080356
8474,0.10400643046811564
8475,4.396044421217347
8476,-0.09803803003042932
8477,0.07411715835053634
8478,1.3462692502491989
8479,-0.3613339149998035
8480,0.6596537332810996
8481,1.3601894616172348
8482,0.30320138876883485
8483,0.4324926523883037
8484,2.152440358607859
8485,-0.30014042493439075
8486,0.3682329542595385
8487,1.2603147443236018
8488,-0.14063411999084885
8489,0.4360939774773339
8490,1.635977025049005
8491,-0.26070307485567623
8492,0.5870903090669727
8493,4.771047755487504
8494,-0.13565193035796264
8495,0.486403108214434
8496,1.8916010600912128
8497,0.20128868213789908
8498,0.059749546629019656
8499,1.4044069550133158
8500,-10.0
8501,1.1101657259403686
8502,2.020285478818102
8503,-0.21013034294983823
8504,0.35943204853776656
8505,1.7122785656204578
8506,-0.26011443440093684
8507,0.5708904206818397
8508,1.5127744006463018
8509,-0.2660839942989509
8510,0.6653498071818684
8511,1.833682457539331
8512,0.46363638035651633
8513,0.15304387054545066
8514,2.1764038740454072
8515,-0.2176484484735849
8516,0.4789050457406836
8517,1.6125996210017686
8518,0.1477974330311812
8519,0.2231239792041011
8520,3.5418579212985457
8521,-0.24024559180627436
8522,0.23466973903092725
8523,1.7070126648853128
8524,0.08781330024211964
8525,0.7560679618969657
8526,2.9933532138160146
8527,-0.02472021587935458
8528,0.11718935771017491
8529,2.79706504076132
8530,0.19293849977677302
8531,0.8782824751321117
8532,0.5963166250540077
8533,0.04113060069041807
8534,0.10847446464927946
8535,1.462971875478393
8536,0.45511003488514634
8537,-0.10125430622709808
8538,1.6317037486174664
8539,-0.1191877100460913
8540,0.15834252309527042
8541,1.8218176835317716
8542,-0.43581599228365864
8543,0.591829006059856
8544,1.453351835347438
8545,-0.24024559180627436
8546,0.5346470642446203
8547,2.2265612829632806
8548,-0.22771614835425835
8549,0.7682405314586664
8550,1.9484600127962868
8551,0.19123410101592075
8552,0.16438012163395554
8553,1.7745293724621711
8554,0.029041619080667824
8555,0.47496841280514324
8556,-10.0
8557,0.02512959004087889
8558,0.5063147793311968
8559,2.7845588376154575
8560,-0.1274079626794764
8561,0.21530738233980407
8562,2.000340084999589
8563,-0.18109782784784845
8564,0.46096971807994935
8565,1.6471902254321953
8566,-0.23162872281625646
8567,0.32426146552439505
8568,1.514993473308507
8569,-0.32635444102453004
8570,0.23793876093484867
8571,1.5322866430328554
8572,0.12310287807714915
8573,0.6845673913584291
8574,2.9010852516380403
8575,-0.08691166535444261
8576,0.36071781221020516
8577,1.9240145010282377
8578,0.043670680904227654
8579,1.0074843442950914
8580,1.3580789425330242
8581,-0.2176484484735849
8582,0.5732793633674904
8583,2.166284577651141
8584,0.45511003488514634
8585,-0.05109084851354573
8586,2.7043831364257906
8587,-0.29133154022062646
8588,0.3746496557891308
8589,1.7135710805337523
8590,-0.37773028562133504
8591,0.4228863750146584
8592,1.1522481630842916
8593,-0.30014042493439075
8594,0.29555992909119844
8595,2.1081189200952375
8596,-0.16189400043519053
8597,-10.0
8598,7.759950311381185
8599,0.2611982559270164
8600,-0.0675571710761711
8601,2.685563380941449
8602,-0.30014042493439075
8603,0.4394850971196732
8604,2.5521976247103275
8605,-0.3281325855807139
8606,0.3913102507902664
8607,1.634556455812422
8608,1.0066668739979963
8609,-0.18339256014912286
8610,10.310327233565214
8611,0.01815570533026134
8612,0.15225349108276354
8613,2.001923372263053
8614,0.020085789058602033
8615,-10.0
8616,6.873056453304904
8617,-0.24024559180627436
8618,0.7606386088072988
8619,1.5280672938514663
8620,-0.2176484484735849
8621,0.8291122346105095
8622,1.9471795611092253
8623,-0.2660839942989509
8624,0.3419374274767566
8625,1.3202682429726704
8626,0.2183531181327364
8627,1.067951436610508
8628,2.7330123789929845
8629,-0.29133154022062646
8630,0.5013863840288708
8631,2.0000990772112313
8632,-0.24024559180627436
8633,0.22438998040212754
8634,-10.0
8635,-0.09803803003042932
8636,0.6197016623840823
8637,2.785947387186911
8638,-0.05632878255592677
8639,0.4857822179104102
8640,1.8667337889040516
8641,0.07840954477587292
8642,0.1600735678680434
8643,2.8475064833468844
8644,-0.19507094025927663
8645,0.8184302807314969
8646,1.1968935057733243
8647,-0.02472021587935458
8648,0.7201737049813556
8649,2.336495328124463
8650,-0.24101202341637784
8651,0.048519626479621714
8652,0.8730275237644143
8653,-0.1274079626794764
8654,0.17482369905979878
8655,2.076749963648404
8656,-0.21438931649027926
8657,1.0539693885225967
8658,1.9765415070772678
8659,0.0032574545241556008
8660,-0.01964952835894085
8661,1.8839872179812347
8662,0.20128868213789908
8663,0.17486179075512953
8664,1.019928204283736
8665,-0.13565193035796264
8666,0.7986851645190045
8667,1.8047967823395505
8668,-0.10260744895723317
8669,0.22545721125637486
8670,1.7851264519185421
8671,0.029041619080667824
8672,0.6031639955320833
8673,1.4916626379922995
8674,-0.3372195417281796
8675,0.541811808428889
8676,2.6386061398279015
8677,-0.2902523925216365
8678,0.9756905178733252
8679,0.9713518786952668
8680,0.0021617393332461488
8681,0.1393681884367053
8682,2.3461383473702764
8683,-0.13565193035796264
8684,0.4201312617266062
8685,1.6205286199117286
8686,-0.19507094025927663
8687,0.877439365558196
8688,3.0920867486692742
8689,-0.3281325855807139
8690,0.445148865070528
8691,1.966636785496742
8692,-10.0
8693,1.1481055794394601
8694,3.154895385145325
8695,0.19623039968498246
8696,0.2543765106778948
8697,2.0831226826477542
8698,0.3500401235064009
8699,0.19088288774013495
8700,1.3940747526527595
8701,-0.1305301710815473
8702,0.3063162303408604
8703,1.383377502158657
8704,-0.22771614835425835
8705,0.4060048248087027
8706,1.0788957043462033
8707,0.11107843861570099
8708,0.8843502688735312
8709,2.2402647511531577
8710,-0.05632878255592677
8711,0.6212762166686264
8712,2.4132750664264666
8713,0.02512959004087889
8714,0.5019070100828371
8715,5.2845466325805255
8716,-0.2155023475211456
8717,0.3054268818684488
8718,2.2178040945259654
8719,0.13558154529620003
8720,0.26161987005799725
8721,1.408671925912745
8722,0.011277666057257218
8723,0.3708945531421244
8724,1.8001115697059842
8725,-0.2745967982632901
8726,0.7628508702928869
8727,1.6252855813274678
8728,0.053151156030451285
8729,0.10419150430274837
8730,-10.0
8731,0.029041619080667824
8732,0.6480524103753844
8733,3.695676884514211
8734,0.30320138876883485
8735,1.0667580831279189
8736,7.818893529841521
8737,-0.30014042493439075
8738,0.3879793794219576
8739,1.2892241957540977
8740,-0.37773028562133504
8741,0.6186001521379395
8742,1.4749406142470338
8743,-0.21013034294983823
8744,0.14157198866705067
8745,3.2448185917953416
8746,-0.1305301710815473
8747,0.9917700509709364
8748,1.3541905805581818
8749,-0.25577032821782797
8750,0.11539366094267711
8751,1.2500233233697258
8752,-0.19920386758137865
8753,0.5809126517226781
8754,2.1958247837136264
8755,0.19123410101592075
8756,0.7711199763023653
8757,1.6502526852406636
8758,-0.13697295846410817
8759,0.26142419866913347
8760,0.8710075111057531
8761,-0.26070307485567623
8762,0.341013108219134
8763,1.7746394823316984
8764,-0.37773028562133504
8765,0.9907941667175172
8766,2.8998865468105315
8767,0.13558154529620003
8768,0.0036807448725364456
8769,2.759425125086504
8770,-0.1274079626794764
8771,0.1930635329642868
8772,1.0894876203267667
8773,-0.1638342690034288
8774,0.3810026069022011
8775,1.4604255456219992
8776,0.043670680904227654
8777,0.43537129548284526
8778,1.0861347535142154
8779,-0.1305301710815473
8780,0.4309713109234754
8781,3.5206625368213658
8782,-0.1358378388739634
8783,0.2679830851544611
8784,1.4818660872670297
8785,-0.25661711515750774
8786,0.25816068133857684
8787,1.2766628668844024
8788,0.08781330024211964
8789,0.6830416282903471
8790,1.8257309811756537
8791,-0.05632878255592677
8792,1.8768740378610822
8793,3.169012699174507
8794,-0.26011443440093684
8795,0.3095416704860876
8796,2.2233407673721484
8797,0.15136809022333864
8798,0.36228040448116894
8799,1.3006485896245081
8800,0.13558154529620003
8801,0.6892773659159428
8802,2.294377871469707
8803,-0.14063411999084885
8804,0.8297724387379356
8805,1.6823529030956514
8806,-0.1305301710815473
8807,0.9972301391893426
8808,2.0728525971854803
8809,-0.22771614835425835
8810,0.5598566308184894
8811,1.3461709808426867
8812,-0.1518370775355976
8813,-10.0
8814,3.2130714648333223
8815,-0.21013034294983823
8816,0.08834419621143785
8817,1.486924698035942
8818,0.020085789058602033
8819,1.4358366177887547
8820,4.364095597240758
8821,-0.08691166535444261
8822,0.7402950247520242
8823,2.358438212082992
8824,-0.1518370775355976
8825,0.5762273077401613
8826,1.7205044970396532
8827,-0.1518370775355976
8828,0.5281678216827627
8829,2.3632127353446175
8830,-0.30014042493439075
8831,0.038898357765743574
8832,1.8392312666593864
8833,0.15136809022333864
8834,0.42547111939506554
8835,4.612693683987694
8836,-10.0
8837,1.5387350934646673
8838,1.825003639608799
8839,-0.2660839942989509
8840,0.12211157221388569
8841,1.2048951341975442
8842,0.19293849977677302
8843,-0.07476356077044022
8844,1.1302248127414518
8845,-0.1191877100460913
8846,1.6116318359454043
8847,5.196622776762775
8848,0.011928288398080356
8849,-10.0
8850,2.4005553277494753
8851,-0.3281325855807139
8852,0.6762977475738814
8853,2.1589529272647985
8854,0.13558154529620003
8855,0.20644768227139232
8856,1.597128057205487
8857,-0.3372195417281796
8858,0.39801428954444873
8859,2.1673287077190126
8860,0.45511003488514634
8861,0.04712000765710034
8862,1.5169281136016928
8863,0.06974430682094213
8864,1.0529895112685526
8865,-10.0
8866,-0.3001116420447235
8867,0.8338695314687758
8868,1.6563752302654127
8869,-0.1305301710815473
8870,0.302148652238732
8871,1.5501205024664513
8872,-0.2902523925216365
8873,0.3646586069546126
8874,1.0911420853499854
8875,-0.3613339149998035
8876,0.1336604530115968
8877,1.5964905870020367
8878,0.15136809022333864
8879,-10.0
8880,3.103972694136688
8881,-0.13697295846410817
8882,1.1692858469285685
8883,4.5183957372678165
8884,0.11222079646221339
8885,0.2505865923628079
8886,1.962109763989778
8887,-0.23162872281625646
8888,0.24422609794235084
8889,1.6320432586593945
8890,-0.23162872281625646
8891,0.1634687424852348
8892,1.6786732438513006
8893,-0.055280625897490165
8894,0.6995256065144191
8895,9.556176824274644
8896,-0.1358378388739634
8897,0.5978147114753554
8898,5.510207240443609
8899,-0.24101202341637784
8900,0.593633431164836
8901,5.528053942280215
8902,0.08781330024211964
8903,1.3008288779775203
8904,6.69956173829801
8905,0.20128868213789908
8906,-0.01457175524344434
8907,2.6831652446589356
8908,-0.2176484484735849
8909,0.3047008513485112
8910,1.3210703392228442
8911,-0.2839877950601606
8912,0.4507059324028264
8913,1.9728960701633613
8914,-0.25661711515750774
8915,0.10437183325661081
8916,2.6578258916459894
8917,-0.2875566529978749
8918,0.2861766144691641
8919,1.705225507081588
8920,0.011277666057257218
8921,0.3185071127765797
8922,1.4654058581115885
8923,0.043670680904227654
8924,0.6207535376922935
8925,1.545315540180178
8926,-0.1358378388739634
8927,0.8309956694003786
8928,2.282052755315652
8929,-0.1638342690034288
8930,0.5546367873871735
8931,2.5712568528194595
8932,0.11222079646221339
8933,3.7557775465667618
8934,7.701932659267421
8935,0.0
8936,-0.2660839942989509
8937,0.18406111470655961
8938,0.8931948569348321
8939,-0.1358378388739634
8940,0.3736897236271126
8941,3.5183976850435332
8942,-0.30014042493439075
8943,0.611233984790004
8944,1.6966779192530606
8945,0.19123410101592075
8946,0.2939712440323443
8947,1.2611039338630072
8948,0.04113060069041807
8949,0.27110282619368875
8950,1.3815941104075498
8951,-0.1274079626794764
8952,0.231869633465131
8953,1.6934370872254796
8954,-0.21438931649027926
8955,0.5790507575076906
8956,1.7644962012639114
8957,-0.2155023475211456
8958,0.6884749194029426
8959,2.6621397742639212
8960,-0.2876137945904501
8961,0.5228181179662322
8962,1.6930685232145295
8963,-0.2902523925216365
8964,0.7296607231849436
8965,1.2417585983170367
8966,-0.1305301710815473
8967,0.8988935387084533
8968,2.7222192771371074
8969,-0.10615374950880385
8970,0.20437223907647684
8971,3.3030196980999116
8972,0.020085789058602033
8973,0.5850441934846273
8974,-10.0
8975,-0.3613339149998035
8976,0.27066883572491607
8977,0.8859426190300546
8978,-0.26011443440093684
8979,0.08476797236498279
8980,1.6289967686600368
8981,-0.13565193035796264
8982,0.30694879159492117
8983,1.6424151956731272
8984,-0.22771614835425835
8985,0.15906973219798626
8986,2.115640469670238
8987,-0.24024559180627436
8988,0.4107549391681814
8989,1.7916009654569665
8990,0.2611982559270164
8991,-0.2829868584348112
8992,1.4959198594476453
8993,-0.1518370775355976
8994,0.5578953061113604
8995,2.1984452110140724
8996,-0.1518370775355976
8997,0.15993792739233015
8998,1.4725393234922952
8999,-0.32635444102453004
9000,0.03839399498651885
9001,1.4207651329958977
9002,0.30320138876883485
9003,0.3724604847798556
9004,1.6054169768061723
9005,-0.05632878255592677
9006,0.5138724900225847
9007,1.4867332685147907
9008,-0.2902523925216365
9009,1.1225078811508347
9010,6.553860279370683
9011,-0.08691166535444261
9012,0.4025670320144611
9013,1.749746346546395
9014,0.0021617393332461488
9015,-0.00878758379443445
9016,1.519998860209249
9017,0.07840954477587292
9018,1.0626001013022548
9019,3.7304240003504776
9020,-0.10615374950880385
9021,0.5472841043455552
9022,2.3512903296996264
9023,0.3500401235064009
9024,0.8108957609004936
9025,1.330305829287613
9026,-0.13697295846410817
9027,0.42747751491013064
9028,1.1383703045836941
9029,-0.16189400043519053
9030,0.9356392726922443
9031,1.8284355441984488
9032,0.020085789058602033
9033,-0.010303896758167674
9034,1.7346598293274633
9035,-0.3001116420447235
9036,0.533498130171266
9037,7.088170402477896
9038,-0.22771614835425835
9039,0.9284797496873534
9040,2.581629239449346
9041,-0.060686764501322266
9042,-10.0
9043,5.605046103914979
9044,-0.22771614835425835
9045,0.3298687094923036
9046,1.7097408332384794
9047,-0.3613339149998035
9048,0.2712304624762484
9049,2.2184786943999564
9050,0.011277666057257218
9051,0.4287332406650952
9052,2.3972667588852365
9053,-10.0
9054,1.0328200068799904
9055,1.740959561834778
9056,0.020085789058602033
9057,-0.010303896758167674
9058,-10.0
9059,-0.13697295846410817
9060,0.6563724446277135
9061,2.3570730824027004
9062,0.011928288398080356
9063,0.18222789814603702
9064,1.8738719487833868
9065,-0.1305301710815473
9066,0.45951326582708174
9067,3.0391814429395128
9068,-0.2155023475211456
9069,0.2718076401896995
9070,4.24468822873978
9071,-0.25577032821782797
9072,-10.0
9073,2.9122705083002414
9074,-10.0
9075,1.1515268500412132
9076,1.484116363650713
9077,-0.2902523925216365
9078,1.2380590813419756
9079,8.422252278983573
9080,0.02512959004087889
9081,1.0211826128201877
9082,2.1783972888504626
9083,0.45511003488514634
9084,-0.20035603410256475
9085,2.7400472854034525
9086,-0.19507094025927663
9087,0.26080656975484984
9088,1.071811189052618
9089,0.06974430682094213
9090,0.19074276322981842
9091,2.6461395805088244
9092,0.2088394064996778
9093,0.25309207748775786
9094,3.7329783847022346
9095,-0.1638342690034288
9096,0.4100758246600179
9097,2.156582769738235
9098,0.11222079646221339
9099,0.2781411163569041
9100,-10.0
9101,-10.0
9102,1.4095497524520955
9103,1.2854933690522996
9104,0.0032574545241556008
9105,0.1435615344954937
9106,5.7436730523743815
9107,-0.13565193035796264
9108,0.39014243969119744
9109,1.478035711863263
9110,-10.0
9111,1.3748148663557658
9112,10.077649313479968
9113,-0.343005596364245
9114,0.40256408966457424
9115,5.761513996573793
9116,-0.060686764501322266
9117,0.4574088654225188
9118,1.9746349609839382
9119,0.19623039968498246
9120,0.3225315089262084
9121,0.9035045483166122
9122,-0.1518370775355976
9123,0.5861677356345057
9124,2.2245856906356263
9125,-0.37773028562133504
9126,1.1625121114941686
9127,1.6984782707693251
9128,-0.32635444102453004
9129,0.46801856377556084
9130,1.8804198115296686
9131,0.06974430682094213
9132,1.0529895112685526
9133,2.890663365874652
9134,-0.055280625897490165
9135,0.6023370059354358
9136,1.5565989898773651
9137,0.020085789058602033
9138,0.7348786846613111
9139,5.326894711266476
9140,-0.19507094025927663
9141,0.4129913205684408
9142,1.3723058545430813
9143,0.11222079646221339
9144,0.10622081460904331
9145,-10.0
9146,-0.19507094025927663
9147,0.4846357634880094
9148,2.452250266595988
9149,0.08781330024211964
9150,0.4572642371912661
9151,2.639412139540446
9152,-0.43581599228365864
9153,0.8312203629465861
9154,1.7025023693435244
9155,0.20128868213789908
9156,-0.06791993382377082
9157,3.8834913535208546
9158,-0.343005596364245
9159,0.22162830473032513
9160,1.6901887923661447
9161,0.22275767154784243
9162,0.5735516090533668
9163,1.8796198284352783
9164,-0.19507094025927663
9165,0.5452909331811135
9166,1.5452056565890508
9167,0.2183531181327364
9168,0.5171578223152515
9169,0.9370762100359351
9170,-0.060686764501322266
9171,0.559085937790526
9172,-10.0
9173,-0.1638342690034288
9174,1.0960141747744627
9175,1.0441976530412969
9176,-0.055280625897490165
9177,0.3087282892704495
9178,2.041792743263745
9179,-10.0
9180,1.5308450338605344
9181,3.0457976201147745
9182,0.01815570533026134
9183,0.5905006802051598
9184,-10.0
9185,-0.37773028562133504
9186,0.7062332628800855
9187,2.786057388152111
9188,-0.25661711515750774
9189,1.2864642778819866
9190,0.93726436006598
9191,-0.14063411999084885
9192,0.3744005470240327
9193,2.1827062086229443
9194,-10.0
9195,0.9342967515450735
9196,1.9115208986730667
9197,-0.3281325855807139
9198,0.7187527833163851
9199,1.2177064058202394
9200,-0.2155023475211456
9201,0.7057162353086192
9202,1.8601930775958737
9203,0.11222079646221339
9204,0.35322067397033274
9205,1.315269715914203
9206,0.3500401235064009
9207,-0.05538753854145129
9208,2.373000752533958
9209,0.2611982559270164
9210,-0.0685053721950204
9211,1.4702040949125303
9212,-0.3001116420447235
9213,0.41407500537686803
9214,1.4757364459385345
9215,-0.24024559180627436
9216,0.2193247123558404
9217,5.176334302191705
9218,0.19123410101592075
9219,-10.0
9220,-10.0
9221,-0.3281325855807139
9222,0.3688247714161055
9223,2.1431284140106133
9224,-0.1358378388739634
9225,0.4994436287479582
9226,3.2781806721655506
9227,-0.01020389161134383
9228,0.15085425977986233
9229,1.423041168355032
9230,-0.1305301710815473
9231,0.7426354994951763
9232,2.8402700442605617
9233,0.011277666057257218
9234,0.397591829554782
9235,3.330211852102062
9236,-0.343005596364245
9237,0.4037076680663939
9238,1.7195142143543802
9239,-0.08219265564946632
9240,-10.0
9241,3.532380618120003
9242,0.3500401235064009
9243,0.7881047876838427
9244,9.036230661632768
9245,-0.3569460632591316
9246,0.18048176851585807
9247,1.5962177652687897
9248,0.2088394064996778
9249,0.784115964371418
9250,1.2142556345517412
9251,0.01815570533026134
9252,0.4802614873317206
9253,1.5234006060605936
9254,-10.0
9255,-10.0
9256,2.4579778769883704
9257,0.19123410101592075
9258,0.14639839081723416
9259,1.6647069010340685
9260,-0.02472021587935458
9261,0.3407647123780576
9262,2.679369573839027
9263,0.19123410101592075
9264,0.14639839081723416
9265,1.7429788344464885
9266,-0.060686764501322266
9267,0.4504473889001972
9268,2.1877976152481184
9269,-0.2176484484735849
9270,0.5262762121872662
9271,-10.0
9272,-0.3613339149998035
9273,0.6278283366419596
9274,1.3433895334306785
9275,-0.19507094025927663
9276,0.27253824597179954
9277,1.3885358785140303
9278,0.3500401235064009
9279,1.5054054665736114
9280,2.909802319904105
9281,0.30320138876883485
9282,-10.0
9283,5.012687843377471
9284,0.02512959004087889
9285,0.6332525998749381
9286,2.0261296721986053
9287,0.15136809022333864
9288,0.5238798498019368
9289,4.004041262248062
9290,-0.2876137945904501
9291,0.40150880196904126
9292,1.841391923103216
9293,-0.2876137945904501
9294,0.07184330231734293
9295,4.342504867619637
9296,-0.10615374950880385
9297,0.09808874349615748
9298,2.313178485971372
9299,-0.3372195417281796
9300,0.9044889100503342
9301,4.601693167634254
9302,0.020085789058602033
9303,-10.0
9304,4.140921658147859
9305,-0.2839877950601606
9306,0.28882761402023105
9307,4.166179409338101
9308,0.011928288398080356
9309,1.1688046258498483
9310,1.5188226223569632
9311,-0.26011443440093684
9312,0.1766137336672723
9313,1.4164028290993662
9314,-0.1274079626794764
9315,0.31016574023688415
9316,-10.0
9317,0.011928288398080356
9318,-10.0
9319,9.262421035547057
9320,-0.43581599228365864
9321,0.742379105842376
9322,3.5290598844371397
9323,0.08781330024211964
9324,0.38906173406484745
9325,-10.0
9326,0.20128868213789908
9327,0.6518549977404313
9328,0.9289646312962392
9329,-0.3381437542543366
9330,0.19522798836250688
9331,1.492172034271011
9332,-0.25754840896603604
9333,0.3689664529363549
9334,1.2604907584964828
9335,-0.08691166535444261
9336,-10.0
9337,2.5363667294201013
9338,-10.0
9339,1.2716239684768251
9340,1.1595897802818917
9341,-0.18109782784784845
9342,0.5695852068905166
9343,2.2442073955016513
9344,0.1477974330311812
9345,0.19794365523683122
9346,1.7755358562255519
9347,0.0032574545241556008
9348,0.3553062302175276
9349,-10.0
9350,0.45511003488514634
9351,-0.060283473356495865
9352,2.908686630328787
9353,0.22275767154784243
9354,0.1564862722301057
9355,1.3915950212683306
9356,-0.19920386758137865
9357,0.5336365175932463
9358,2.185864060561543
9359,-0.32635444102453004
9360,0.44592198007513784
9361,1.331595940413762
9362,0.13558154529620003
9363,2.045709820780073
9364,9.202242392150874
9365,-0.26070307485567623
9366,0.3611835995534908
9367,0.983029369605176
9368,-0.2902523925216365
9369,0.40936223505381475
9370,1.7017295043871534
9371,-0.10615374950880385
9372,0.5472841043455552
9373,2.4330154367903454
9374,-0.1305301710815473
9375,0.17662983067769167
9376,1.7398302199417006
9377,-0.25661711515750774
9378,0.3014267697088142
9379,1.452283431113364
9380,-0.32635444102453004
9381,0.21446409730962535
9382,1.7736843015824089
9383,0.11222079646221339
9384,0.27261473879815834
9385,5.059855742891282
9386,-0.21438931649027926
9387,0.18613270349016797
9388,1.911702379420416
9389,0.02512959004087889
9390,2.350496101073915
9391,1.0751219962502447
9392,0.07840954477587292
9393,-0.08867205938605083
9394,2.215108274443382
9395,-0.23162872281625646
9396,0.1131566482773464
9397,1.6627937368923433
9398,-0.3381437542543366
9399,-10.0
9400,3.5898386795517756
9401,-0.26011443440093684
9402,0.469398655137246
9403,4.187136734912431
9404,-10.0
9405,1.5954474119005286
9406,2.7926686224811323
9407,-0.33828735465081083
9408,0.6671241015849794
9409,0.9215181580889493
9410,-0.29133154022062646
9411,0.696811091335962
9412,1.8838887736113752
9413,-0.23162872281625646
9414,0.24069226945947675
9415,1.1118098251516186
9416,-0.060686764501322266
9417,0.28515208673721104
9418,3.0594405903826574
9419,0.043670680904227654
9420,0.9947665409714657
9421,3.0084235002279742
9422,-0.3569460632591316
9423,3.1514733429948145
9424,-0.4519704213596605
9425,0.06974430682094213
9426,0.17425332180127073
9427,1.2213718085665806
9428,-10.0
9429,0.9826138187192935
9430,2.2994268868803203
9431,-0.01020389161134383
9432,0.04414183972074803
9433,2.129849669071286
9434,-10.0
9435,1.1101657259403686
9436,1.430314996611502
9437,0.12310287807714915
9438,0.3645643325546175
9439,2.4556262670419997
9440,-0.18109782784784845
9441,-0.01370508521917968
9442,1.5173354893267135
9443,-0.33828735465081083
9444,0.3046130279916386
9445,0.9086817701369613
9446,-0.2902523925216365
9447,1.2889451737442332
9448,4.5041104938472465
9449,-10.0
9450,0.7438868109062611
9451,1.1645980417793393
9452,-10.0
9453,1.1211807212759428
9454,1.8419923491874488
9455,-0.2876137945904501
9456,0.3647184561888409
9457,2.0557005436140336
9458,-0.10260744895723317
9459,0.46063818140831114
9460,1.1230427870560182
9461,-0.02472021587935458
9462,0.5015546736045186
9463,2.7496761532668015
9464,-10.0
9465,0.9925318988375202
9466,1.9808867609949588
9467,-0.26070307485567623
9468,0.09334867973730643
9469,1.6197288111473611
9470,-0.25661711515750774
9471,0.2768167177753158
9472,0.8417441357723003
9473,-0.33828735465081083
9474,0.06228333723391544
9475,1.76368983888934
9476,0.2088394064996778
9477,0.32118952803673584
9478,2.1458425484966965
9479,0.08781330024211964
9480,0.45899468376499786
9481,3.076202975649582
9482,0.053151156030451285
9483,0.30853919104275485
9484,1.5929905815441279
9485,-0.3372195417281796
9486,-0.03184149203040365
9487,0.7363215007875971
9488,-0.20799659742620424
9489,0.32317348989953343
9490,1.5834732462766588
9491,0.22275767154784243
9492,0.4703888312884208
9493,2.5150990308712378
9494,0.04113060069041807
9495,1.3852319786131917
9496,2.9060394247453862
9497,-0.30014042493439075
9498,0.5114357833570004
9499,1.6067017019061545
9500,-0.3281325855807139
9501,0.25183010914434256
9502,1.8975798755338689
9503,0.13558154529620003
9504,-0.0030616334574162796
9505,1.9800029589761785
9506,-10.0
9507,1.5429705287524214
9508,2.7108674151197096
9509,0.45511003488514634
9510,-0.04717755240780708
9511,5.899637399152281
9512,-0.3381437542543366
9513,0.8318748007125175
9514,1.6881620799191326
9515,-0.1358378388739634
9516,0.4114955496060366
9517,2.3576417424813774
9518,0.0032574545241556008
9519,-0.07487002891207784
9520,1.589664758639982
9521,0.2611982559270164
9522,0.04716750605511355
9523,2.0505824409733933
9524,-0.18109782784784845
9525,0.41388452862764236
9526,1.5966563107263214
9527,-0.43581599228365864
9528,0.6326150969670684
9529,1.7984451880954218
9530,-0.02472021587935458
9531,0.22216281629395696
9532,1.8953846962064915
9533,0.11107843861570099
9534,0.2717663443325129
9535,1.9248821582538576
9536,0.020085789058602033
9537,0.13774389815730625
9538,1.8014878651382098
9539,-0.3569460632591316
9540,1.074722260153034
9541,5.4763110276531535
9542,0.020085789058602033
9543,0.08423111245641346
9544,1.1146207882731833
9545,0.11222079646221339
9546,1.0692478061235071
9547,16.253783497180656
9548,-0.14063411999084885
9549,0.38485604168454957
9550,1.5830993320066478
9551,-0.2660839942989509
9552,0.31960985617959214
9553,2.353309413254409
9554,-0.09803803003042932
9555,0.2669675419490718
9556,4.005565520465137
9557,-0.29133154022062646
9558,-0.03774266509576618
9559,0.7869861829672914
9560,-0.22771614835425835
9561,0.9284797496873534
9562,1.13606606037078
9563,0.08781330024211964
9564,0.7080113742161183
9565,1.637621798922879
9566,-0.37773028562133504
9567,0.4424726960967843
9568,1.5726794532165478
9569,-10.0
9570,-10.0
9571,1.9352924801415186
9572,0.0021617393332461488
9573,0.16225491491003363
9574,2.0058735183521743
9575,0.08781330024211964
9576,0.46687154830433486
9577,2.085061161404706
9578,1.0066668739979963
9579,0.8130880786514427
9580,-10.0
9581,-0.1274079626794764
9582,0.36394672929935024
9583,1.0200153184173752
9584,0.02512959004087889
9585,0.7281294152412341
9586,1.328395818818597
9587,0.0
9588,-0.2839877950601606
9589,0.44519462632852735
9590,1.4632909571027444
9591,-0.09803803003042932
9592,1.7052271396799212
9593,1.8721580416838361
9594,-0.2876137945904501
9595,0.4425444381754754
9596,1.8779430670869783
9597,1.0066668739979963
9598,-0.2397013906759251
9599,4.479345590164055
9600,-0.2876137945904501
9601,0.32524742869629397
9602,1.463856382570571
9603,-0.1358378388739634
9604,0.19962588859942976
9605,2.407537380026324
9606,0.053151156030451285
9607,0.2026640539022686
9608,1.4205180890568725
9609,-0.09803803003042932
9610,0.2769693050709072
9611,3.74544058485856
9612,-0.2155023475211456
9613,0.4472462215540377
9614,2.3255590184963304
9615,-10.0
9616,1.742875905344076
9617,2.6107512815301694
9618,0.053151156030451285
9619,0.14583194825836276
9620,2.0052998469309626
9621,-0.1657400982377002
9622,0.6672912099246272
9623,1.4231070530708207
9624,-0.14063411999084885
9625,0.3056435924840596
9626,1.3372361218420656
9627,-0.25661711515750774
9628,0.9327051920548577
9629,1.2744800948215524
9630,-0.19507094025927663
9631,0.4898198234011035
9632,1.346608638130768
9633,-0.16189400043519053
9634,0.8979515354631006
9635,2.4714057232962254
9636,0.46363638035651633
9637,0.3660443479524511
9638,1.8385550388826668
9639,-0.1274079626794764
9640,0.12317745028047933
9641,1.8865970455704255
9642,-0.21013034294983823
9643,0.11016750119226015
9644,2.080906628211794
9645,-0.23162872281625646
9646,1.660486371267274
9647,4.348539610479344
9648,0.2611982559270164
9649,0.35901819828399684
9650,1.6329558204324985
9651,-0.37773028562133504
9652,0.7183148812864463
9653,1.506485719713816
9654,-0.21013034294983823
9655,0.24053570380679712
9656,1.2094046610081775
9657,0.011277666057257218
9658,0.4469816500142554
9659,1.9420875644477071
9660,-0.3381437542543366
9661,0.2296687071698026
9662,2.0770104112986063
9663,0.043670680904227654
9664,0.3651893437549403
9665,2.1808778429693887
9666,-0.2155023475211456
9667,0.7348890541752845
9668,1.634838773976651
9669,-0.21013034294983823
9670,0.08705299711826409
9671,2.157681628667343
9672,-0.22771614835425835
9673,0.2002131830082834
9674,1.7236201379937186
9675,-10.0
9676,1.5429705287524214
9677,1.604546272988174
9678,-0.2745967982632901
9679,0.35766748609493204
9680,1.9311244222854564
9681,-0.02472021587935458
9682,0.2859391695927468
9683,3.6423475081856385
9684,-0.25577032821782797
9685,-10.0
9686,3.2582767479273005
9687,0.3901906940347867
9688,0.7061390096037701
9689,4.824246829185516
9690,0.12310287807714915
9691,0.2127555586014067
9692,1.9841621991688076
9693,-0.1191877100460913
9694,0.23714416408940697
9695,1.6431517649651104
9696,-10.0
9697,1.3403040853315942
9698,1.1842748264936134
9699,0.19293849977677302
9700,0.038024859705780845
9701,1.2653991066161778
9702,-0.2902523925216365
9703,0.36394758950704864
9704,1.1801030311424328
9705,-0.10260744895723317
9706,0.5965745334428008
9707,4.4211533951379245
9708,-10.0
9709,1.4919822883541365
9710,1.882992639537137
9711,0.02512959004087889
9712,0.5019070100828371
9713,1.8071739541221634
9714,0.06974430682094213
9715,0.18391581304006754
9716,1.2711337811975978
9717,0.0
9718,-0.25577032821782797
9719,0.3821661367352054
9720,2.1579289486197037
9721,-0.2176484484735849
9722,0.6289768073259727
9723,1.637084649360133
9724,-0.30014042493439075
9725,0.11534306038405251
9726,1.6697070301273724
9727,-0.32635444102453004
9728,0.11583407510360022
9729,1.4981611415490133
9730,0.19623039968498246
9731,0.47004344883902016
9732,3.752550231236832
9733,-0.343005596364245
9734,0.10620798891975392
9735,1.2908233976953503
9736,-0.26011443440093684
9737,0.22008222539927125
9738,1.7512547812567882
9739,-0.19920386758137865
9740,0.5153157963236488
9741,2.272634284495936
9742,0.19123410101592075
9743,0.5602311727631115
9744,2.745808061700272
9745,-0.24101202341637784
9746,0.773387322245947
9747,2.497496500335055
9748,-0.3381437542543366
9749,0.17256148759160028
9750,2.3234359546322207
9751,-0.24101202341637784
9752,0.773387322245947
9753,1.6164505678712568
9754,0.0021617393332461488
9755,0.025677141397073333
9756,1.2377735873362632
9757,-0.19920386758137865
9758,0.7922139883813166
9759,2.8329083562171924
9760,-0.2845928200976152
9761,0.057675941519367724
9762,1.424809839318355
9763,0.1477974330311812
9764,0.2653651559826815
9765,1.3608426156904847
9766,0.020085789058602033
9767,-10.0
9768,3.2758784766297078
9769,0.22275767154784243
9770,0.44848823578682717
9771,1.8950317811086763
9772,-0.43581599228365864
9773,0.7047930609870469
9774,2.4534716501765264
9775,-0.3281325855807139
9776,0.26315215269467795
9777,1.118709589241918
9778,-0.05632878255592677
9779,2.0727926544889765
9780,2.956388036841911
9781,-0.25754840896603604
9782,0.49917200181456056
9783,2.077693165017285
9784,-0.08691166535444261
9785,0.15320376098025157
9786,1.037602259647232
9787,-0.29133154022062646
9788,0.5037671245337336
9789,1.8206843027397184
9790,-0.25754840896603604
9791,0.5636058086839982
9792,1.4537871829095457
9793,-0.26070307485567623
9794,0.6896483512262103
9795,7.910644500225889
9796,-0.13697295846410817
9797,1.1692858469285685
9798,2.598225475694809
9799,0.01815570533026134
9800,0.20903746537755086
9801,3.583443902671007
9802,0.01815570533026134
9803,0.7249723947587929
9804,2.321421315111989
9805,-0.08691166535444261
9806,0.3210441248371997
9807,1.6013547515775355
9808,-0.10260744895723317
9809,0.60841785181813
9810,3.0505946538787843
9811,0.13558154529620003
9812,0.6892773659159428
9813,1.788303816906675
9814,-0.33828735465081083
9815,0.28492903700268446
9816,2.0793165096453774
9817,0.01815570533026134
9818,0.30080785284613953
9819,5.141071834186459
9820,-0.2176484484735849
9821,0.6136437456658286
9822,2.8754243622645355
9823,0.12310287807714915
9824,1.0173343285214709
9825,5.527282703618592
9826,-0.25754840896603604
9827,0.35886533897139705
9828,1.4508159571443562
9829,-0.1305301710815473
9830,0.262352842018871
9831,2.327876671496015
9832,-0.33828735465081083
9833,0.06228333723391544
9834,2.1393193801020693
9835,-0.3281325855807139
9836,0.5256860918011677
9837,1.460748553496177
9838,-0.2745967982632901
9839,1.2664957256197633
9840,-10.0
9841,-0.3001116420447235
9842,0.43234146378296345
9843,2.426241592472024
9844,0.0
9845,-0.16189400043519053
9846,0.7546660184589541
9847,2.806373716134501
9848,-0.10615374950880385
9849,1.0254814975141353
9850,2.7343688012704597
9851,-0.26011443440093684
9852,0.4199394335333453
9853,1.2107749565271853
9854,-0.37773028562133504
9855,1.001518598030776
9856,2.3374531627048176
9857,-0.343005596364245
9858,0.22219750881572864
9859,1.0063500907415492
9860,-0.13565193035796264
9861,0.8721591034679923
9862,2.6391418563804097
9863,0.3901906940347867
9864,0.25272883422161563
9865,5.74241007872314
9866,-0.20799659742620424
9867,0.2663460631641116
9868,1.5110925529604666
9869,-0.2745967982632901
9870,0.5872263714898118
9871,5.833883877765233
9872,-0.2902523925216365
9873,3.820608427374566
9874,2.137728585136947
9875,-0.13697295846410817
9876,0.5974700340388364
9877,1.786390357880717
9878,-0.23162872281625646
9879,0.5308490014123829
9880,1.739575670700349
9881,-10.0
9882,0.8932237427867172
9883,1.7645031635033277
9884,0.3500401235064009
9885,0.4190358427169276
9886,1.9654469928380598
9887,0.2183531181327364
9888,1.1022642570087466
9889,3.009969987207248
9890,-0.2876137945904501
9891,0.3276814560169
9892,2.461741162117237
9893,-0.2845928200976152
9894,0.3360905274656151
9895,1.0587240324175191
9896,-0.29133154022062646
9897,0.11916519577107965
9898,1.379812185128923
9899,-0.1638342690034288
9900,0.14791258634123394
9901,1.509406530276245
9902,-0.26011443440093684
9903,0.290150660158379
9904,1.748002638257354
9905,-10.0
9906,-10.0
9907,0.3500401235064009
9908,1.283067950002705
9909,3.3929069501210445
9910,0.30320138876883485
9911,0.0014221487918644193
9912,1.637591553689709
9913,0.020085789058602033
9914,2.119309947603841
9915,5.856446522999159
9916,-0.1358378388739634
9917,0.7385668723760797
9918,1.8062953882642114
9919,0.08781330024211964
9920,2.1224134436670266
9921,5.068125627998754
9922,-0.08691166535444261
9923,0.26835349542689946
9924,1.4491470222716436
9925,1.0066668739979963
9926,-0.39806787101367225
9927,4.931140402623292
9928,0.043670680904227654
9929,0.08530021201109284
9930,1.9486912758590536
9931,0.06974430682094213
9932,0.30260402716040624
9933,1.383153821929035
9934,-0.2660839942989509
9935,0.21844315041214957
9936,2.554727205144352
9937,-0.05632878255592677
9938,0.5502336984386812
9939,1.5814450791905346
9940,-0.23162872281625646
9941,0.44026966033818804
9942,2.8008856512544575
9943,-0.2155023475211456
9944,0.3133300157546298
9945,1.5744798753351146
9946,-10.0
9947,1.1952635780818628
9948,1.287111950199069
9949,0.12310287807714915
9950,0.5057056160247673
9951,2.301761677702007
9952,0.13558154529620003
9953,0.0428944606954913
9954,5.8523950600144605
9955,-0.21013034294983823
9956,0.018846981990971456
9957,0.8810204375127204
9958,-0.22771614835425835
9959,0.21385903365398284
9960,2.2740489320797135
9961,0.2183531181327364
9962,1.067951436610508
9963,6.652940598439839
9964,-0.02472021587935458
9965,0.2859391695927468
9966,2.072172294116423
9967,-0.2155023475211456
9968,0.7057162353086192
9969,1.5744101985160934
9970,0.1477974330311812
9971,0.35295900544935344
9972,2.747821110142908
9973,-0.21438931649027926
9974,0.662149123647116
9975,3.152531654300108
9976,0.11107843861570099
9977,0.3249732193435029
9978,1.797872623330065
9979,0.02512959004087889
9980,0.483869517194655
9981,3.096527983482346
9982,-0.24101202341637784
9983,0.49674915001349984
9984,2.2222578536449302
9985,-10.0
9986,0.9702686908993067
9987,1.9019739611088924
9988,0.02512959004087889
9989,0.535065666454325
9990,1.7664753227528254
9991,0.04113060069041807
9992,0.4585431623587677
9993,1.6843715337886862
9994,-0.13697295846410817
9995,0.44388284186098526
9996,3.0541528974315106
9997,-0.1983985236179756
9998,-10.0
9999,2.2040027790925087
10000,-0.1657400982377002
10001,0.32720517547459005
10002,1.840197630658283
10003,0.19623039968498246
10004,0.3186194115813943
10005,1.6716150460336778
10006,-0.26070307485567623
10007,0.34935151820615096
10008,-10.0
10009,-0.26070307485567623
10010,0.1303979307158193
10011,0.8084026657647089
10012,0.2183531181327364
10013,0.435094683240713
10014,2.9538755895983755
10015,0.0021617393332461488
10016,1.708367922402215
10017,3.2770685816128653
10018,-10.0
10019,2.31207445158405
10020,1.613350875845624
10021,-0.1305301710815473
10022,-0.10983386756063884
10023,0.8138416141365203
10024,-0.2176484484735849
10025,0.23233793406268477
10026,1.8640486362389115
10027,-0.2839877950601606
10028,0.7000534814848998
10029,3.3664004732112054
10030,-0.13697295846410817
10031,0.16520187138815623
10032,1.0692836820948453
10033,-0.2875566529978749
10034,0.48952958779985944
10035,2.719531347870152
10036,-10.0
10037,0.9726448485233382
10038,2.3104219008175866
10039,-0.055280625897490165
10040,-0.001546712972778197
10041,1.4160938919695587
10042,-0.3613339149998035
10043,0.6346725629523923
10044,1.2749294228846122
10045,-10.0
10046,0.8783588139588447
10047,2.9677644158990337
10048,-0.25577032821782797
10049,0.4179478123224185
10050,2.3428851625494183
10051,-10.0
10052,1.3908073020634255
10053,1.678657653764153
10054,-0.055280625897490165
10055,0.24577876813865562
10056,1.396715196977831
10057,-0.24024559180627436
10058,0.36120459624164736
10059,1.183683717447613
10060,-0.1274079626794764
10061,0.23083354146597712
10062,1.7564610485883314
10063,-0.055280625897490165
10064,0.011021273594991166
10065,1.3706254910750149
10066,-10.0
10067,1.6855452253949275
10068,1.1472783138793057
10069,-0.18109782784784845
10070,1.0578596593167573
10071,1.0815624737569596
10072,-0.01020389161134383
10073,0.17326664497158029
10074,1.6434573490540678
10075,0.043670680904227654
10076,0.19819925937212646
10077,4.140181611877371
10078,-0.21013034294983823
10079,0.22671024619168845
10080,1.2292193257549882
10081,-0.1274079626794764
10082,0.44859406849313277
10083,1.9210860054976073
10084,0.043670680904227654
10085,0.12025617930559052
10086,4.594776691926328
10087,0.029041619080667824
10088,0.5910608169984004
10089,1.5743973813916938
10090,-0.21013034294983823
10091,0.5638698689952516
10092,2.144152254961347
10093,-0.26011443440093684
10094,0.6910199280206484
10095,2.6105703815519004
10096,-0.29133154022062646
10097,1.0051674263217156
10098,3.706335085429484
10099,-0.3381437542543366
10100,0.6491557208902711
10101,1.3365581957039239
10102,-0.1657400982377002
10103,0.6568720782634533
10104,1.6203559511645964
10105,0.11222079646221339
10106,0.4716114815986636
10107,3.5775242073158715
10108,0.19293849977677302
10109,0.7376638641893429
10110,1.29178378666916
10111,-0.2660839942989509
10112,0.13605209154164688
10113,1.2280840184609905
10114,-0.30014042493439075
10115,0.1575141248706049
10116,1.7461014987836858
10117,0.19623039968498246
10118,0.2976948052058841
10119,1.821377959554767
10120,-0.22771614835425835
10121,0.24551603154582824
10122,1.2911883450374035
10123,-0.22771614835425835
10124,0.2902808061904363
10125,1.550324016644575
10126,0.06974430682094213
10127,0.33591923493258613
10128,1.3094494795328042
10129,-0.1983985236179756
10130,1.2857517451672411
10131,2.3947745671794767
10132,0.13558154529620003
10133,0.6892773659159428
10134,4.553933933799587
10135,0.08781330024211964
10136,0.6465200906356847
10137,1.650492997985137
10138,0.04113060069041807
10139,0.45420206545253294
10140,1.7392416026187638
10141,-10.0
10142,1.5397083394064524
10143,2.3905729171215517
10144,0.011277666057257218
10145,1.251256497902882
10146,1.83955650723719
10147,-0.1274079626794764
10148,0.17482369905979878
10149,1.5388752428931998
10150,-0.1983985236179756
10151,0.20948465777747183
10152,3.0447544084818925
10153,-0.1638342690034288
10154,0.2828749105563627
10155,2.183746809152738
10156,-10.0
10157,1.092206752178477
10158,1.531362868020224
10159,-0.20799659742620424
10160,0.07277301759718002
10161,2.452640697080063
10162,-0.16189400043519053
10163,-0.023984268898383898
10164,1.6153953390883715
10165,-0.2845928200976152
10166,0.09146831379661047
10167,1.8648063548280356
10168,-0.13565193035796264
10169,0.4201312617266062
10170,1.6226134892211437
10171,-0.3372195417281796
10172,0.6663117647175658
10173,3.5641691018861494
10174,-0.1518370775355976
10175,0.32865155041896943
10176,2.1115283411219874
10177,-0.09803803003042932
10178,0.4464376956648586
10179,3.3450197125356134
10180,-0.2155023475211456
10181,0.9175992449537497
10182,3.5679805941055447
10183,0.15136809022333864
10184,0.1393780610153612
10185,2.2549001267174615
10186,-0.22771614835425835
10187,0.41068498454060665
10188,1.4926555312224246
10189,-0.2876137945904501
10190,0.43705682602659823
10191,1.930720333481289
10192,-0.3281325855807139
10193,0.2500811014796852
10194,1.7714068716853069
10195,-0.2845928200976152
10196,0.6851526186272675
10197,1.7016526836174517
10198,0.06974430682094213
10199,-0.12277695822490642
10200,1.0664933203244695
10201,-0.25754840896603604
10202,0.2477925665968761
10203,1.3570768956064487
10204,-0.3372195417281796
10205,0.541811808428889
10206,1.4858269233517165
10207,-0.22771614835425835
10208,0.15816032231186494
10209,2.3293720106448155
10210,-0.13565193035796264
10211,0.4765863012959042
10212,1.6535061596422629
10213,-0.1305301710815473
10214,0.5362036782856634
10215,2.5682771160221627
10216,-0.2902523925216365
10217,0.19362380419580683
10218,1.3842572192446911
10219,-0.3372195417281796
10220,0.6066313003271182
10221,1.070663868266119
10222,-0.1657400982377002
10223,0.31611901854035296
10224,1.3364765226348396
10225,-0.2875566529978749
10226,0.40857841198469036
10227,1.312430507164356
10228,-0.14063411999084885
10229,0.020604962917742498
10230,2.259615888169942
10231,-0.1518370775355976
10232,0.526493872111096
10233,2.62885072444357
10234,-0.33828735465081083
10235,0.3046130279916386
10236,1.4710917711709266
10237,-0.09803803003042932
10238,0.5298758619627773
10239,1.521227828074651
10240,-0.25661711515750774
10241,0.10436901472145377
10242,1.867422033851304
10243,0.020085789058602033
10244,1.4358366177887547
10245,3.3175552004581004
10246,1.0066668739979963
10247,0.0671763576427109
10248,5.102500292386633
10249,0.19623039968498246
10250,0.27041719834236533
10251,1.95809232970996
10252,0.08781330024211964
10253,2.157020225025616
10254,5.082651506792424
10255,-0.2845928200976152
10256,0.5127578291633786
10257,1.3345869165511073
10258,-0.1274079626794764
10259,0.7212854015981135
10260,1.1557935153861172
10261,0.04113060069041807
10262,0.17574063942224605
10263,1.7122705495949213
10264,0.02512959004087889
10265,0.7334833631519158
10266,0.708033457102617
10267,0.06974430682094213
10268,0.1964321480371154
10269,1.7543779663843049
10270,-0.25661711515750774
10271,0.33470609940435625
10272,1.0972278535867068
10273,-0.08219265564946632
10274,0.6900611723343079
10275,2.4774359954815877
10276,-0.09803803003042932
10277,0.5655434634267709
10278,2.5129619769259355
10279,0.029041619080667824
10280,0.3472908003669568
10281,1.4855231258608927
10282,-0.2660839942989509
10283,-10.0
10284,2.6112363381803565
10285,0.053151156030451285
10286,0.5718324645250443
10287,-10.0
10288,-0.19920386758137865
10289,0.6628147032679801
10290,2.424024784863111
10291,0.029041619080667824
10292,0.47496841280514324
10293,-10.0
10294,-0.343005596364245
10295,0.11512961906749086
10296,2.3875886499918666
10297,0.19123410101592075
10298,0.17831327692351784
10299,1.6563768379774209
10300,0.19623039968498246
10301,0.1001813349721501
10302,1.9761684027019522
10303,-0.3001116420447235
10304,0.873732711620703
10305,1.5681476339468376
10306,-0.08691166535444261
10307,0.7392290778255087
10308,-10.0
10309,0.3901906940347867
10310,2.121258405818576
10311,4.467555565489981
10312,-0.33828735465081083
10313,0.8300203180727299
10314,2.4945107238987356
10315,0.3500401235064009
10316,0.359808804305938
10317,4.257849050421319
10318,0.07840954477587292
10319,1.027255182728453
10320,2.2966465757400645
10321,-0.3372195417281796
10322,0.421532444848715
10323,1.5139307696818531
10324,-0.3001116420447235
10325,0.46975946414557934
10326,6.449922152143206
10327,0.07840954477587292
10328,0.6659528986653398
10329,1.7283516793137181
10330,1.0066668739979963
10331,0.6788004675853285
10332,4.402412853127053
10333,0.3500401235064009
10334,1.9143129360317195
10335,2.551456276060226
10336,0.0021617393332461488
10337,-0.008920524552990416
10338,2.4823174702728634
10339,0.029041619080667824
10340,1.1423002738584889
10341,2.739495108454611
10342,0.04113060069041807
10343,0.9518804599404238
10344,2.0035275212438766
10345,-10.0
10346,2.2555971118119165
10347,2.575002013993656
10348,-10.0
10349,1.3352320054164517
10350,1.6176847021924683
10351,-10.0
10352,1.0247745647536914
10353,1.0247745647536914
10354,-0.25661711515750774
10355,0.6877241169700727
10356,1.6265365333505974
10357,-0.2902523925216365
10358,0.31655475064566596
10359,1.489767131835113
10360,0.22275767154784243
10361,0.3847441513205909
10362,1.3799051758166687
10363,0.0032574545241556008
10364,-0.03816495377417928
10365,4.009843099829302
10366,1.0066668739979963
10367,0.15413420229563535
10368,1.400203053702104
10369,-0.10260744895723317
10370,0.334937654783644
10371,2.827679829384663
10372,-0.3281325855807139
10373,1.0067144333146543
10374,5.213654395100493
10375,0.01815570533026134
10376,0.18661589809464219
10377,6.550686552933325
10378,-0.21438931649027926
10379,0.27701115240628416
10380,4.149038183023572
10381,-0.3381437542543366
10382,0.8076523089038515
10383,1.7028171573313848
10384,-0.13697295846410817
10385,0.8911565540546307
10386,3.622945284562434
10387,-0.08219265564946632
10388,0.13317728260196404
10389,-10.0
10390,0.01815570533026134
10391,0.35334383805241076
10392,0.9116210532292897
10393,-0.3372195417281796
10394,0.515287206335235
10395,2.1465117845642165
10396,-0.26011443440093684
10397,0.3075046022043675
10398,1.5782355934644197
10399,-0.22771614835425835
10400,0.15906973219798626
10401,1.8122108732550937
10402,-0.1191877100460913
10403,0.3912954818028338
10404,1.8608420698096308
10405,-0.2902523925216365
10406,0.7779665386425306
10407,1.2030065995698365
10408,-0.22771614835425835
10409,0.7722838416457418
10410,0.029041619080667824
10411,0.47451482007576407
10412,1.0362809681790528
10413,-0.2876137945904501
10414,0.5875229019427116
10415,2.1008460588017033
10416,-0.2924476823568408
10417,0.27814253461322536
10418,0.9270524036072769
10419,-0.2876137945904501
10420,0.4312883270242748
10421,3.0191648729849314
10422,0.30320138876883485
10423,1.0315716042246983
10424,2.2021499887780274
10425,-0.2660839942989509
10426,0.4041736787387038
10427,1.2903330808519466
10428,-0.2902523925216365
10429,0.9756905178733252
10430,0.8085516064464311
10431,0.30320138876883485
10432,-0.0914333735017947
10433,1.429284920974489
10434,-0.2924476823568408
10435,0.26008353595768685
10436,1.434173451137894
10437,-0.21438931649027926
10438,0.18288663723851994
10439,1.1798758910370526
10440,0.011928288398080356
10441,0.12676283931263677
10442,2.2634620698085532
10443,-10.0
10444,0.9928503220790801
10445,1.9963930783285788
10446,-0.10260744895723317
10447,1.3575902951358088
10448,2.6563499562044415
10449,-0.25577032821782797
10450,0.5055185221711929
10451,1.278791657987651
10452,0.13558154529620003
10453,0.14141762560336302
10454,1.3559630601761974
10455,-10.0
10456,1.3800323000250008
10457,1.4652670086936916
10458,-0.32635444102453004
10459,0.4729434086110912
10460,4.151027107560286
10461,-0.05632878255592677
10462,0.2576257419194884
10463,2.840271338521595
10464,-0.10615374950880385
10465,0.7658974100607958
10466,1.9682888352018832
10467,-0.37773028562133504
10468,0.916823800736191
10469,1.5455654888928454
10470,-0.30014042493439075
10471,0.1370219000146572
10472,1.807769654642831
10473,-0.1358378388739634
10474,0.7680904267219479
10475,1.352213760342068
10476,-0.3381437542543366
10477,0.6719437274454404
10478,0.9544296006643656
10479,-0.21438931649027926
10480,0.2591943598080939
10481,1.1039012171152878
10482,0.0
10483,-0.08219265564946632
10484,1.6531438294054608
10485,2.5531129690647028
10486,0.07840954477587292
10487,0.16707350676941846
10488,1.3878119788535286
10489,-0.25661711515750774
10490,0.44119376006857736
10491,2.2404143103715186
10492,0.0
10493,0.20128868213789908
10494,0.3298795255567861
10495,2.6005070679966935
10496,-0.1638342690034288
10497,0.5438080504920003
10498,2.7018330801971127
10499,-10.0
10500,1.6243342981689124
10501,7.459386769943372
10502,-0.01020389161134383
10503,0.2401793566671766
10504,1.725972706657459
10505,-0.08219265564946632
10506,0.6886162958557641
10507,1.5132005178272938
10508,-0.22771614835425835
10509,0.2806549164657557
10510,2.4596117929929218
10511,0.020085789058602033
10512,0.5176237007610918
10513,-10.0
10514,-0.2902523925216365
10515,0.41529068390291146
10516,1.4511174653378376
10517,0.0032574545241556008
10518,0.42140623184483506
10519,2.0629108395712485
10520,0.15136809022333864
10521,0.6425477635303194
10522,1.7138231185291226
10523,0.45511003488514634
10524,-0.03816772469567575
10525,1.9820044997042559
10526,-0.13697295846410817
10527,0.26142419866913347
10528,1.078340654919391
10529,-0.2902523925216365
10530,0.31251759394693746
10531,1.3425437736513597
10532,0.19293849977677302
10533,-0.22089346336103244
10534,1.1987898673774628
10535,-0.2845928200976152
10536,0.16270873907110117
10537,1.5875744374672103
10538,0.0021617393332461488
10539,-0.00878758379443445
10540,4.223546334562021
10541,0.1477974330311812
10542,0.10557638549560666
10543,3.236730629639876
10544,0.19623039968498246
10545,0.3076783599620525
10546,2.2258476726976824
10547,-0.01020389161134383
10548,0.4753696772427063
10549,1.4471431689411969
10550,-0.1518370775355976
10551,-10.0
10552,3.8208446730125623
10553,-0.2902523925216365
10554,0.485141931627742
10555,1.6945840737302076
10556,-0.26070307485567623
10557,0.3325521951409435
10558,2.219504444994296
10559,0.1477974330311812
10560,0.03225324345825453
10561,2.1466016404214097
10562,-0.1274079626794764
10563,0.22184724683640955
10564,1.5821633395578956
10565,0.08781330024211964
10566,0.5524206581135687
10567,1.5580159369262578
10568,-0.3613339149998035
10569,0.5426948374137829
10570,1.976063325984462
10571,0.06974430682094213
10572,0.21802657245566293
10573,-10.0
10574,0.30320138876883485
10575,0.0027513080081633667
10576,-10.0
10577,-0.3001116420447235
10578,0.3830835414862508
10579,1.9678884513713828
10580,-0.37773028562133504
10581,1.1771212951114096
10582,2.360633629128164
10583,0.053151156030451285
10584,0.20990350250877143
10585,1.9719141986844526
10586,-10.0
10587,1.434747146436734
10588,2.2248599026705382
10589,-0.43581599228365864
10590,0.591829006059856
10591,1.9090286697797432
10592,0.1477974330311812
10593,-0.042083342885367525
10594,1.5488769882169895
10595,0.01815570533026134
10596,0.5906141463137653
10597,2.5704111297255237
10598,0.3500401235064009
10599,0.36864520576350834
10600,1.83149361732582
10601,-0.3001116420447235
10602,0.8367718042283776
10603,1.8929421655923062
10604,-0.43581599228365864
10605,0.6326150969670684
10606,1.6003945013161027
10607,-0.2924476823568408
10608,0.7075523076431594
10609,-10.0
10610,1.787379274156311
10611,1.3461775784334504
10612,0.19123410101592075
10613,0.9083838644987423
10614,3.1066699076393323
10615,0.011928288398080356
10616,0.4119061434826117
10617,2.5664438127297466
10618,-10.0
10619,1.7646037050640322
10620,2.26143361004329
10621,-0.25577032821782797
10622,0.7032352970913596
10623,1.140935587815056
10624,0.12310287807714915
10625,-0.03362415828645471
10626,2.2751121368007228
10627,-0.20799659742620424
10628,0.27711986499369845
10629,2.263724621661826
10630,-0.24024559180627436
10631,0.3392304180437754
10632,2.377585954447177
10633,-0.1638342690034288
10634,0.49944753996217484
10635,1.2973946571999453
10636,-0.1274079626794764
10637,0.633676842864274
10638,1.656596570203923
10639,0.07840954477587292
10640,0.12592892198300576
10641,2.2541826435314984
10642,-0.14063411999084885
10643,0.26171145306184573
10644,2.6553187515687213
10645,-0.10260744895723317
10646,0.06542055031638971
10647,5.942651399542096
10648,0.13558154529620003
10649,0.14615805399512882
10650,3.528030931937498
10651,0.04113060069041807
10652,1.4707999639095026
10653,3.42719543207955
10654,0.11222079646221339
10655,0.2551143796513804
10656,1.6324861965739024
10657,-0.43581599228365864
10658,0.21126693842692001
10659,0.7811497644030225
10660,-0.30014042493439075
10661,0.026924364338954176
10662,0.975110576551123
10663,0.46363638035651633
10664,0.2726917016899322
10665,3.9772847535993288
10666,0.011928288398080356
10667,-0.07465345896696074
10668,2.2797395539133958
10669,-0.26011443440093684
10670,0.7815723713940039
10671,1.9669413919783023
10672,-10.0
10673,1.2768862263776044
10674,1.5484761564563656
10675,0.06974430682094213
10676,0.23316720842266858
10677,1.9988247942022128
10678,0.2088394064996778
10679,0.17535997556239336
10680,1.6716398082404638
10681,-0.19920386758137865
10682,0.14019247087463882
10683,1.09517902604544
10684,0.22275767154784243
10685,0.30791524649693813
10686,2.1267798959300834
10687,1.0066668739979963
10688,0.18558457926523753
10689,1.7903525842566341
10690,0.20128868213789908
10691,0.27513259064932605
10692,2.064662390384364
10693,-10.0
10694,1.7473664797213535
10695,3.6085532763999804
10696,-0.23162872281625646
10697,0.39478845515694305
10698,3.8337149712551657
10699,-0.343005596364245
10700,-0.07249301822067522
10701,1.8332818122850818
10702,-0.18109782784784845
10703,0.17654291670223443
10704,1.587587027004962
10705,-0.25754840896603604
10706,0.36782271611169215
10707,1.0456590371075285
10708,-0.24101202341637784
10709,0.773387322245947
10710,3.548991998080335
10711,0.020085789058602033
10712,0.2733285826643834
10713,2.9733755655856333
10714,-0.37773028562133504
10715,0.5654594907909
10716,1.1940147477390466
10717,-0.2902523925216365
10718,0.555369178538727
10719,1.4787445596631936
10720,0.19293849977677302
10721,0.5008856326165021
10722,1.0530795131283162
10723,0.1477974330311812
10724,1.1365241338743994
10725,-0.011917776199475982
10726,0.07840954477587292
10727,1.2011173038841099
10728,1.7943081564205952
10729,-0.37773028562133504
10730,1.1479688685923244
10731,2.444812486880879
10732,-10.0
10733,0.9582030454247419
10734,2.611886084939904
10735,-0.25577032821782797
10736,0.30354924151729845
10737,1.7140745531331312
10738,-0.2660839942989509
10739,0.14309442279323892
10740,1.740974691390719
10741,0.30320138876883485
10742,0.3724604847798556
10743,1.0108220712722316
10744,-0.2875566529978749
10745,0.1964480946866265
10746,5.962534962511421
10747,-10.0
10748,1.1875528877886292
10749,2.3716897956041807
10750,-0.1518370775355976
10751,0.7605243340746438
10752,3.4175178370367902
10753,-0.1274079626794764
10754,0.12317745028047933
10755,1.8679918480748072
10756,-0.2876137945904501
10757,0.5228181179662322
10758,2.2248137409478144
10759,0.3901906940347867
10760,1.2265966861807547
10761,2.0791696866540534
10762,0.20128868213789908
10763,0.1381996628363622
10764,1.1095970573667495
10765,-0.10260744895723317
10766,0.47136093401091994
10767,2.126662609522462
10768,0.04113060069041807
10769,0.30739661872638857
10770,2.9075815918819536
10771,-10.0
10772,1.5857558999737646
10773,3.1333964402324095
10774,0.2183531181327364
10775,0.10704147341481463
10776,3.4042959418591243
10777,-0.060686764501322266
10778,-0.034369900175188706
10779,2.0420831750608786
10780,-0.2660839942989509
10781,0.1415932633749032
10782,1.8067102739359986
10783,-0.25577032821782797
10784,0.75401544263516
10785,1.675676437876699
10786,-0.16189400043519053
10787,0.8637469837888828
10788,3.572362549879484
10789,0.0032574545241556008
10790,0.4387463455634222
10791,3.039026641155534
10792,-10.0
10793,0.8726299864828179
10794,1.6986918801219213
10795,-0.20799659742620424
10796,0.12733303875740232
10797,1.3778846997253398
10798,-0.33828735465081083
10799,0.07895552885625168
10800,1.3327411797369468
10801,-0.1657400982377002
10802,0.3651979329781564
10803,-10.0
10804,0.19293849977677302
10805,-0.02591091701526449
10806,1.8286538182205696
10807,-0.343005596364245
10808,0.8240400359308998
10809,1.6266481505361887
10810,0.15136809022333864
10811,0.22200275407270498
10812,2.4397794234841386
10813,0.3901906940347867
10814,1.263594738669076
10815,5.51790891383196
10816,0.45511003488514634
10817,-0.18199407841665272
10818,1.623496903978615
10819,0.19293849977677302
10820,-0.18949788498230768
10821,0.9165695813524981
10822,0.07840954477587292
10823,0.43408409612384813
10824,1.7471430245304402
10825,-0.19920386758137865
10826,0.40591792524291503
10827,1.5730378930090712
10828,-0.08691166535444261
10829,0.23850299253367824
10830,1.7704585178017571
10831,0.011277666057257218
10832,0.12555228348346237
10833,2.1999693883174056
10834,-0.30014042493439075
10835,0.5347114636445377
10836,1.453279248064068
10837,-0.3281325855807139
10838,0.6894989862054344
10839,2.4304783712395785
10840,0.13558154529620003
10841,0.5458918169428251
10842,2.046049874331966
10843,-0.25577032821782797
10844,0.18207266204053274
10845,2.1193629495412463
10846,0.020085789058602033
10847,0.28833370468982333
10848,-10.0
10849,-0.2875566529978749
10850,0.07926047395102243
10851,1.0835848174518565
10852,-0.24101202341637784
10853,0.024504507312475998
10854,7.243001529363276
10855,0.011928288398080356
10856,0.6494850186346128
10857,3.7409934173811923
10858,-10.0
10859,0.8726299864828179
10860,1.0891675239984873
10861,0.3500401235064009
10862,0.556530178401019
10863,2.2229955202112865
10864,-0.22771614835425835
10865,0.02700482222866396
10866,0.8097639747365047
10867,0.3500401235064009
10868,1.5054054665736114
10869,-10.0
10870,-0.3613339149998035
10871,0.7832504313566725
10872,3.196424645152426
10873,-0.22771614835425835
10874,0.2509592574503381
10875,2.011496875075951
10876,-0.01020389161134383
10877,0.16056536229906793
10878,1.2542557584216987
10879,-0.16189400043519053
10880,0.28193428013183597
10881,1.3651131476155598
10882,0.0032574545241556008
10883,0.5647388792687029
10884,2.3373576976429673
10885,-10.0
10886,1.787379274156311
10887,1.8023802803941944
10888,-0.2745967982632901
10889,0.30737174517050536
10890,1.9986547898142197
10891,0.0032574545241556008
10892,0.2970205660604541
10893,1.2978845952927913
10894,-0.29133154022062646
10895,0.6079161289746464
10896,-10.0
10897,0.1477974330311812
10898,0.07523707207493424
10899,1.6439725135949461
10900,-0.26070307485567623
10901,0.21125797754210807
10902,1.3217887269490163
10903,-0.13565193035796264
10904,0.7252340209730799
10905,-10.0
10906,0.1477974330311812
10907,0.07259616806693225
10908,1.432359031833071
10909,0.19293849977677302
10910,0.4544488817321579
10911,1.5632328349969695
10912,0.06974430682094213
10913,0.46897100197422237
10914,1.6874637794052079
10915,-10.0
10916,1.5704909869628176
10917,1.7367655081006912
10918,-0.21438931649027926
10919,0.2713714307301833
10920,1.0649175655884873
10921,-0.14063411999084885
10922,0.5479968913053607
10923,2.0638117294606486
10924,0.06974430682094213
10925,0.7026282012191802
10926,1.8201117404785496
10927,-0.10260744895723317
10928,0.6548279237435122
10929,1.5612850359079233
10930,0.020085789058602033
10931,0.35403012097701136
10932,1.558484104319958
10933,0.20128868213789908
10934,0.44962670945132377
10935,1.438920922058375
10936,-0.1518370775355976
10937,0.5861677356345057
10938,1.566843969424314
10939,0.011277666057257218
10940,0.2677739129781911
10941,2.4297640780631746
10942,0.011277666057257218
10943,0.2751341570134964
10944,1.9673770201389493
10945,-0.10260744895723317
10946,0.4696452137193283
10947,2.1924897800962926
10948,-0.3381437542543366
10949,0.2035889861285486
10950,1.2527140424323555
10951,-0.13565193035796264
10952,0.4952475453494807
10953,1.7050423373590569
10954,-0.3569460632591316
10955,0.8741486000900145
10956,-10.0
10957,0.2088394064996778
10958,0.40924747902943515
10959,1.3156935546392736
10960,-0.2924476823568408
10961,0.24610992095212758
10962,2.5708662034296013
10963,-0.16189400043519053
10964,0.4546432051561161
10965,2.151316084899477
10966,-0.2902523925216365
10967,0.555369178538727
10968,2.881740061858222
10969,0.45511003488514634
10970,-0.09973990955579604
10971,1.5024986857715534
10972,-0.43581599228365864
10973,0.4370442685488233
10974,1.3672933919864823
10975,-10.0
10976,0.9962919825230943
10977,-10.0
10978,-10.0
10979,1.6081795050061225
10980,3.900657350765573
10981,-0.16189400043519053
10982,0.6578334304371599
10983,1.5300396518816293
10984,0.22275767154784243
10985,0.38699957684159636
10986,2.731589544084987
10987,-0.3001116420447235
10988,0.7889251573553984
10989,1.4375606889199672
10990,0.020085789058602033
10991,0.44679038211538
10992,1.6600219094438036
10993,0.029041619080667824
10994,0.23967921008582493
10995,2.1674931787850547
10996,0.08781330024211964
10997,1.1451998407202655
10998,1.3650730522914765
10999,-0.055280625897490165
11000,0.5366977568089597
11001,2.929400615842458
11002,-0.08219265564946632
11003,0.38681222892523726
11004,3.666800854353802
11005,-0.3001116420447235
11006,0.040669579695949865
11007,1.8910556120794082
11008,-0.26070307485567623
11009,0.5790789520289962
11010,1.676567229341125
11011,0.19623039968498246
11012,1.471745504555009
11013,2.1822069923910052
11014,0.15136809022333864
11015,0.46309378160064596
11016,1.666596874357305
11017,-0.37773028562133504
11018,0.7879279062383598
11019,1.285269567590813
11020,0.029041619080667824
11021,0.5405912450362236
11022,3.8649651092110595
11023,-0.20799659742620424
11024,0.5352557359456106
11025,2.0699184535651236
11026,0.2611982559270164
11027,0.20924016647667565
11028,1.137420127522136
11029,0.0032574545241556008
11030,0.15813994620686733
11031,1.9287655735066218
11032,-0.3372195417281796
11033,0.793062984136703
11034,2.09330240707435
11035,-0.3569460632591316
11036,0.10262419875376805
11037,1.3562324842021614
11038,-0.23162872281625646
11039,0.40847991195197386
11040,3.8529879591273044
11041,-0.33828735465081083
11042,0.044782326939750816
11043,0.86749117847554
11044,0.46363638035651633
11045,-0.10632214439364218
11046,2.32392223755058
11047,0.020085789058602033
11048,0.17327152170602256
11049,2.7167701946762546
11050,-0.29133154022062646
11051,0.18679951276783013
11052,1.6028942801405348
11053,0.11222079646221339
11054,0.6394456904926897
11055,3.1848170032583116
11056,-0.3281325855807139
11057,0.22619067741478383
11058,2.3843038175653617
11059,-0.1358378388739634
11060,0.3257962154495553
11061,1.1986872771930268
11062,0.13558154529620003
11063,0.31859614627073696
11064,1.4368410434580543
11065,-0.16189400043519053
11066,0.642639096395269
11067,2.0086627094181795
11068,-0.10260744895723317
11069,0.47683160143082115
11070,3.2549515288513606
11071,0.1477974330311812
11072,0.09098882504715267
11073,2.0397774812279854
11074,0.13558154529620003
11075,0.1804442236570052
11076,2.874848875928723
11077,-0.2876137945904501
11078,0.24677459662250856
11079,3.0038920938483695
11080,0.20128868213789908
11081,0.3298795255567861
11082,1.9449877395309738
11083,-0.24024559180627436
11084,0.6570569071445335
11085,1.6486573286473325
11086,0.06974430682094213
11087,0.2454217907712093
11088,1.2343919160298065
11089,-0.3281325855807139
11090,0.3913102507902664
11091,1.5847853682003594
11092,-0.2845928200976152
11093,0.5208503302557411
11094,1.0060032933500853
11095,-0.21438931649027926
11096,0.5160629743564293
11097,2.3164297269572502
11098,-0.2660839942989509
11099,0.12211157221388569
11100,1.4881110651113822
11101,0.11222079646221339
11102,1.7166116995121568
11103,3.146584321929937
11104,0.01815570533026134
11105,0.05893564150342834
11106,1.829895573483855
11107,-0.20799659742620424
11108,0.6364990558125684
11109,1.5495315997980756
11110,-0.02472021587935458
11111,0.3137947293411968
11112,2.2789020827891218
11113,0.0021617393332461488
11114,0.5483860695464351
11115,2.1417522479913504
11116,0.20128868213789908
11117,0.17813516127570517
11118,1.72479352667682
11119,-10.0
11120,0.9950382217742075
11121,1.4852180745258414
11122,-10.0
11123,0.9749231320695324
11124,3.336598985100355
11125,-0.343005596364245
11126,0.05444050671795109
11127,1.3149446447841875
11128,-0.343005596364245
11129,0.2093734610903989
11130,5.734646448535232
11131,-0.1274079626794764
11132,0.21530738233980407
11133,1.5853718129629586
11134,0.2183531181327364
11135,-0.0686988592560751
11136,2.7734389654047518
11137,-0.02472021587935458
11138,0.5363355576787748
11139,1.6650444083820448
11140,-0.14063411999084885
11141,0.17589853426809088
11142,2.3556694678133256
11143,0.07840954477587292
11144,0.14828675486306575
11145,2.008883060646138
11146,0.30320138876883485
11147,2.975625745544503
11148,7.246797273938851
11149,-0.24024559180627436
11150,0.28903691416136945
11151,1.8148198016139685
11152,-0.43581599228365864
11153,0.07473291280937855
11154,0.8167071310677723
11155,-0.26011443440093684
11156,0.7029532914898942
11157,1.450312438559655
11158,-0.13697295846410817
11159,0.3422039318941825
11160,1.4149307983036037
11161,-0.3281325855807139
11162,1.0861237535262167
11163,2.782600346699519
11164,0.11107843861570099
11165,0.018352854921808603
11166,1.8373243045334264
11167,-0.1305301710815473
11168,0.958875917816264
11169,3.2872277688887426
11170,0.46363638035651633
11171,0.24459972040579303
11172,2.1122982339683576
11173,-10.0
11174,1.1489126154723142
11175,1.6810739059716535
11176,-0.19920386758137865
11177,0.5607377579777404
11178,-10.0
11179,-0.1518370775355976
11180,0.43273946671079233
11181,2.292449468267639
11182,-0.3281325855807139
11183,0.552761048547501
11184,1.7793192354324436
11185,1.0066668739979963
11186,-0.18339256014912286
11187,3.8285927394890242
11188,0.04113060069041807
11189,0.5233413582807658
11190,1.4567899780142288
11191,-10.0
11192,1.0726829118041483
11193,1.6113796291677192
11194,-0.1274079626794764
11195,0.43429313899925115
11196,2.1855647644486873
11197,0.19123410101592075
11198,0.3871679045334162
11199,1.8843841601350448
11200,-0.3569460632591316
11201,0.4612872070701821
11202,-10.0
11203,0.2183531181327364
11204,0.5027968718048885
11205,2.927005567259754
11206,0.020085789058602033
11207,-10.0
11208,-10.0
11209,0.11222079646221339
11210,0.39340073640733686
11211,3.555577407806286
11212,-0.30014042493439075
11213,0.14035073169647794
11214,1.9349809997562941
11215,0.45511003488514634
11216,-0.16804585412921336
11217,2.3917348219120242
11218,0.15136809022333864
11219,0.2297250906030759
11220,1.2913401466174126
11221,0.043670680904227654
11222,0.16373952776053446
11223,3.4733525002971986
11224,-0.343005596364245
11225,0.1584968894221639
11226,1.9902799636608668
11227,0.11222079646221339
11228,0.5729593504375101
11229,2.932711198519562
11230,-10.0
11231,1.1601758193486924
11232,1.1484252044363747
11233,0.30320138876883485
11234,2.049847898086104
11235,-0.8559844019224228
11236,-0.1638342690034288
11237,0.3428792382756901
11238,1.4258658767912056
11239,-0.24024559180627436
11240,0.556111632009482
11241,1.18976996125747
11242,0.22275767154784243
11243,0.38717940124179395
11244,2.3754763295648456
11245,-0.2845928200976152
11246,0.34465788293503297
11247,-10.0
11248,0.07840954477587292
11249,0.20181469249302397
11250,-10.0
11251,-10.0
11252,1.5050913925087765
11253,1.4161490376868875
11254,-10.0
11255,1.3437831776941829
11256,3.786218119352329
11257,0.3901906940347867
11258,4.121918658277551
11259,10.210226747097735
11260,0.08781330024211964
11261,0.6448798503709325
11262,2.937396537047908
11263,-0.2876137945904501
11264,0.38505147223622005
11265,1.901722625849854
11266,0.11222079646221339
11267,0.3589173633706384
11268,1.8639960495729166
11269,-0.2660839942989509
11270,0.3748747093133946
11271,1.5850330829667978
11272,-0.1358378388739634
11273,0.5142022421782972
11274,1.5205531244628703
11275,-10.0
11276,1.5704909869628176
11277,2.3163127659042106
11278,-0.26011443440093684
11279,0.15006762587953792
11280,1.376521040843964
11281,-0.3001116420447235
11282,0.5911022808864974
11283,1.1814931939902942
11284,-10.0
11285,1.6081795050061225
11286,2.7207660631686768
11287,-0.1657400982377002
11288,1.0775351750811306
11289,2.036673143943159
11290,-0.26011443440093684
11291,0.4621940094432604
11292,2.053917016239324
11293,-0.20799659742620424
11294,0.6437988462680998
11295,1.6651640214534105
11296,-0.30014042493439075
11297,0.08448530206616334
11298,1.9669309014956684
11299,-0.2924476823568408
11300,0.47596938940237477
11301,2.9537954238398507
11302,0.3901906940347867
11303,0.25272883422161563
11304,2.43211498845347
11305,-0.19920386758137865
11306,0.6025324947917592
11307,1.818223203972252
11308,-0.055280625897490165
11309,0.21436653241700254
11310,1.140840879142012
11311,0.20128868213789908
11312,2.0793569241516243
11313,7.563253190901925
11314,-0.1358378388739634
11315,1.7776902018499905
11316,2.6974582223089327
11317,-0.25661711515750774
11318,0.847810603744984
11319,-10.0
11320,-0.10260744895723317
11321,0.6424553376980668
11322,0.7935816461592311
11323,0.15136809022333864
11324,0.01447594684937914
11325,2.2449374583350545
11326,0.2088394064996778
11327,1.6956453465925783
11328,2.488772433579487
11329,-0.19920386758137865
11330,0.33678937586857893
11331,2.3483592236784183
11332,0.04113060069041807
11333,1.7437296196626282
11334,2.829411343671879
11335,-0.09803803003042932
11336,0.24936827071582757
11337,2.8862885048127342
11338,-0.01020389161134383
11339,0.5417769221182764
11340,4.204236700843111
11341,-0.060686764501322266
11342,-10.0
11343,2.582288370523907
11344,-10.0
11345,1.4850559642416723
11346,2.0311098722640835
11347,-0.29133154022062646
11348,0.25120674060432413
11349,2.2107104133707898
11350,0.08781330024211964
11351,1.3325699456067281
11352,3.418281835608924
11353,-0.2660839942989509
11354,0.1322343948890754
11355,2.064764543811856
11356,-0.3613339149998035
11357,0.13221109782287166
11358,2.03684376266909
11359,0.011277666057257218
11360,0.4132545645607164
11361,2.133427503852509
11362,0.1477974330311812
11363,0.19794365523683122
11364,4.255219098063202
11365,-0.25661711515750774
11366,0.22869321232151274
11367,1.3545992566752298
11368,-0.25754840896603604
11369,0.3203692242397683
11370,1.2584632097025954
11371,0.2611982559270164
11372,-0.0685053721950204
11373,0.85635035123928
11374,-0.30014042493439075
11375,0.6441184842035613
11376,1.5678881651730359
11377,-0.20799659742620424
11378,0.18276306860389668
11379,1.3505426361253225
11380,-0.3381437542543366
11381,0.15125635292802952
11382,1.6642013392596868
11383,-10.0
11384,0.8993748182162339
11385,2.196215550263563
11386,0.01815570533026134
11387,1.1012244687222303
11388,3.4516057255002526
11389,0.20128868213789908
11390,0.4887012851578705
11391,1.5486084332085763
11392,0.06974430682094213
11393,0.014235389867739645
11394,1.8471279101188558
11395,-0.055280625897490165
11396,0.09892969723300249
11397,1.209937606536967
11398,-10.0
11399,1.1850782196501444
11400,2.620976807134286
11401,0.2611982559270164
11402,0.35901819828399684
11403,1.5724572209572087
11404,-0.343005596364245
11405,0.19676153820708908
11406,1.3357291104048423
11407,0.2611982559270164
11408,0.8987158221280671
11409,1.5558037459585352
11410,-0.2902523925216365
11411,0.6945007018021206
11412,2.1373944947787367
11413,-0.01020389161134383
11414,-0.023068886436140912
11415,-10.0
11416,0.1477974330311812
11417,0.5178685651574686
11418,1.9360198157717405
11419,-0.055280625897490165
11420,0.18468381673646928
11421,2.2097281584605497
11422,-0.25577032821782797
11423,0.1950798630397914
11424,1.9784954229486589
11425,0.19293849977677302
11426,-0.20247726332453242
11427,0.7942613885791854
11428,-0.1305301710815473
11429,1.3343744225445806
11430,3.2840108622453266
11431,-0.3381437542543366
11432,0.295656079221424
11433,1.8199543635865965
11434,0.06974430682094213
11435,1.0697442968209423
11436,-0.3001116420447235
11437,0.44191701933868854
11438,4.602554189078564
11439,-0.05632878255592677
11440,2.2761624773184495
11441,2.676129279814453
11442,-10.0
11443,1.2596133963554423
11444,1.427112100958955
11445,-0.21013034294983823
11446,0.419660573057686
11447,1.7930219303698225
11448,-0.26011443440093684
11449,0.8865717566720446
11450,5.72799815857086
11451,-0.3001116420447235
11452,0.8367718042283776
11453,1.691992477548463
11454,0.053151156030451285
11455,0.2709993761659313
11456,1.4858149740232875
11457,-0.2845928200976152
11458,0.052685364827930625
11459,2.409050059022944
11460,0.30320138876883485
11461,-0.10684111557921905
11462,1.6164781200719258
11463,0.3901906940347867
11464,0.34565278603245875
11465,15.582869059505235
11466,0.01815570533026134
11467,0.43499986889281894
11468,1.5827459793981575
11469,-0.21013034294983823
11470,0.2138257778568441
11471,0.9280148998945074
11472,-0.3281325855807139
11473,0.5756673134204109
11474,1.5422272683740503
11475,0.029041619080667824
11476,0.5273237265910395
11477,2.3688453531308236
11478,0.011277666057257218
11479,0.20743032425487407
11480,3.338924518223609
11481,-0.08219265564946632
11482,0.38742126026147916
11483,1.0356010707161738
11484,-0.343005596364245
11485,0.08730513934923434
11486,2.5186015001581055
11487,-0.18109782784784845
11488,0.3554395214989178
11489,1.1826134226627074
11490,-10.0
11491,1.160440957553778
11492,2.343995484742125
11493,-0.1657400982377002
11494,0.5276801961280474
11495,1.7146797460107293
11496,-0.1638342690034288
11497,0.35719384103344065
11498,1.6600020997380112
11499,-0.3001116420447235
11500,0.4728008286776064
11501,1.415771741276659
11502,0.0
11503,-10.0
11504,1.2332085629789329
11505,1.8668491573623727
11506,-0.13565193035796264
11507,1.301166862339195
11508,6.629979706600341
11509,-0.1638342690034288
11510,0.546025334623731
11511,3.0813022699528014
11512,0.07840954477587292
11513,0.21614463950594853
11514,1.6654306770374392
11515,-0.1305301710815473
11516,0.20465135145609703
11517,1.5278547504608706
11518,0.11107843861570099
11519,0.3078500711320895
11520,2.009755048908767
11521,-0.24101202341637784
11522,0.18339140094076745
11523,2.212326784400391
11524,0.13558154529620003
11525,0.13549926624232822
11526,1.9050513186673674
11527,-0.3372195417281796
11528,0.8504027501701517
11529,1.6290583765695357
11530,-0.19920386758137865
11531,0.6025324947917592
11532,1.6302021479822686
11533,-0.3381437542543366
11534,0.7159681571345148
11535,1.731211046079054
11536,0.020085789058602033
11537,1.136899816220511
11538,-10.0
11539,-0.25577032821782797
11540,0.6614274476876068
11541,2.5977994620780853
11542,0.053151156030451285
11543,0.49318481173521245
11544,1.9084604906797913
11545,-0.29133154022062646
11546,0.8748016849778866
11547,1.8228867344340034
11548,0.45511003488514634
11549,-0.019366230603093504
11550,1.422128382456964
11551,-0.43581599228365864
11552,0.014566972008818624
11553,0.9138246645815649
11554,-0.32635444102453004
11555,0.03839399498651885
11556,1.722321325513264
11557,-0.3281325855807139
11558,0.40684050581096964
11559,1.2333185984096706
11560,0.20128868213789908
11561,0.4887012851578705
11562,2.2975756319505822
11563,-0.1305301710815473
11564,0.20465135145609703
11565,1.804058624044569
11566,0.46363638035651633
11567,-0.12358007190637355
11568,2.1276670753195814
11569,-0.2875566529978749
11570,0.2291704247648766
11571,2.222462231920822
11572,-0.30014042493439075
11573,0.4847362452953098
11574,1.5224242205863447
11575,0.12310287807714915
11576,0.09876845497230025
11577,2.896748093212471
11578,-0.1518370775355976
11579,0.39993729786985777
11580,2.43471732257491
11581,-0.14063411999084885
11582,-10.0
11583,6.394881354769652
11584,0.011277666057257218
11585,0.3919570334555911
11586,2.3584238079982853
11587,-0.2924476823568408
11588,0.16431457958336115
11589,1.5789998952848312
11590,-0.1358378388739634
11591,0.26441318145359904
11592,1.792096259649566
11593,-0.2839877950601606
11594,0.6770778571505558
11595,2.312447891690814
11596,0.0
11597,0.2088394064996778
11598,1.1064642402899334
11599,2.078151313607606
11600,0.3500401235064009
11601,-0.265339701773708
11602,3.2124370323526312
11603,1.0066668739979963
11604,0.04186930653004017
11605,3.1560060979450117
11606,-0.1191877100460913
11607,0.5815572346986086
11608,1.301190571179549
11609,-0.343005596364245
11610,0.2078445698175425
11611,0.8770122250151682
11612,0.13558154529620003
11613,0.1816720756219159
11614,2.8683191560763137
11615,-0.16189400043519053
11616,0.5442388563353276
11617,1.6133551217801891
11618,0.1477974330311812
11619,0.5178685651574686
11620,6.416809923364273
11621,-0.29133154022062646
11622,0.6336455464532331
11623,1.6783801969224763
11624,-0.2875566529978749
11625,0.3165846432688767
11626,1.2170814706876132
11627,-0.2924476823568408
11628,0.7229620228446249
11629,1.184347720064982
11630,-0.10260744895723317
11631,0.9945206619104707
11632,2.0649167996444495
11633,-0.26070307485567623
11634,0.7392969151443239
11635,-0.1274079626794764
11636,-10.0
11637,3.2912485813457057
11638,-0.055280625897490165
11639,-0.0023459735827763284
11640,1.205208384658268
11641,0.19293849977677302
11642,0.2613694260678012
11643,1.8504420792336136
11644,-0.09803803003042932
11645,1.3754293484219757
11646,2.801484465642901
11647,-0.26070307485567623
11648,0.4263312519106418
11649,1.799552951295892
11650,-0.30014042493439075
11651,0.30950753260489317
11652,2.575022866497208
11653,0.0
11654,0.07840954477587292
11655,0.6139970655211291
11656,2.1280452326735055
11657,-0.13697295846410817
11658,0.5982917212024388
11659,1.7488503712672272
11660,1.0066668739979963
11661,0.9351224437356569
11662,2.6997745029356714
11663,-0.32635444102453004
11664,-0.004768032145634815
11665,1.4850790482898957
11666,-0.1305301710815473
11667,0.9917700509709364
11668,1.6529360428030095
11669,0.19123410101592075
11670,0.4457366692105542
11671,1.838804570390925
11672,-0.2839877950601606
11673,0.17595158180612303
11674,1.481820149524188
11675,0.22275767154784243
11676,0.40383039109987484
11677,14.355467334146113
11678,0.46363638035651633
11679,-0.003494223446955491
11680,2.0833257434453163
11681,-0.08219265564946632
11682,0.1746405671689869
11683,1.1017186826745766
11684,-0.16189400043519053
11685,0.7640509987880787
11686,2.8291974402461246
11687,-0.33828735465081083
11688,-0.003799641561631373
11689,1.481968224499199
11690,-0.25661711515750774
11691,0.31249807614566616
11692,2.1887146938105504
11693,-0.32635444102453004
11694,0.24211179702726993
11695,1.2659846350438464
11696,0.0
11697,0.11222079646221339
11698,0.6264901947004282
11699,1.759943157082001
11700,0.0021617393332461488
11701,0.1393681884367053
11702,1.2369466371177555
11703,-10.0
11704,1.1598756486045068
11705,1.1286299483786635
11706,-0.3613339149998035
11707,0.6346725629523923
11708,0.9421281269683315
11709,-0.20799659742620424
11710,0.9827092982044076
11711,1.5286205212654158
11712,0.0032574545241556008
11713,0.13439059799457587
11714,1.507341491618395
11715,-10.0
11716,1.3158784087013007
11717,2.4142736348122376
11718,-0.2876137945904501
11719,0.6135634684948122
11720,2.992355713620741
11721,-0.3381437542543366
11722,0.9100547503268982
11723,1.1609139851707109
11724,-0.20799659742620424
11725,-0.017956671366985866
11726,2.0554604974146793
11727,0.020085789058602033
11728,-10.0
11729,2.614482314093208
11730,0.20128868213789908
11731,0.724420245071064
11732,3.3781141955887226
11733,0.043670680904227654
11734,0.9797890505982885
11735,2.838926025594331
11736,-0.19920386758137865
11737,0.20967138339322422
11738,1.640212347966059
11739,-0.16189400043519053
11740,0.9459436316266502
11741,3.6549677633909115
11742,0.020085789058602033
11743,1.1108576445703682
11744,-10.0
11745,0.11107843861570099
11746,-0.06101595759556799
11747,2.251247141445356
11748,0.12310287807714915
11749,-0.06486644510727135
11750,2.0752773972180623
11751,-0.1305301710815473
11752,0.276702415864718
11753,2.1981847896706332
11754,0.3500401235064009
11755,0.40075267728301944
11756,4.075925454015791
11757,0.19123410101592075
11758,0.6174456553933885
11759,1.3073455959613782
11760,-0.20799659742620424
11761,0.2663460631641116
11762,1.1082591267460709
11763,-0.2902523925216365
11764,1.2636512569279796
11765,3.3291284385091533
11766,-0.3381437542543366
11767,0.8440158262707816
11768,1.9663021056372358
11769,-0.1274079626794764
11770,0.17297813320598132
11771,1.6351686022509562
11772,-0.43581599228365864
11773,0.1646133991693437
11774,2.0038811852383405
11775,-0.37773028562133504
11776,0.4948061023964997
11777,1.9336126283847084
11778,0.45511003488514634
11779,-0.22510194653556082
11780,2.34219165670037
11781,0.011277666057257218
11782,0.2137120660972378
11783,2.010631853704619
11784,-0.09803803003042932
11785,0.5042559639565012
11786,1.9211248367663238
11787,0.020085789058602033
11788,-0.010303896758167674
11789,3.767851545370685
11790,0.011277666057257218
11791,0.6275108459364769
11792,1.2854053118746225
11793,0.029041619080667824
11794,0.3571576585397498
11795,2.2464637086917043
11796,-0.20799659742620424
11797,0.04958917947305019
11798,2.2054880543976725
11799,-0.1305301710815473
11800,0.4089225585069163
11801,1.3694494620320063
11802,-0.3381437542543366
11803,0.16421044142814434
11804,2.0897764740489677
11805,0.3500401235064009
11806,4.604215547832451
11807,-0.4514976517564908
11808,0.2088394064996778
11809,0.3661122155782621
11810,1.6569840675905025
11811,-0.1518370775355976
11812,0.38068714496200473
11813,2.136979478827749
11814,-0.25661711515750774
11815,0.5624643335499095
11816,1.615510042149275
11817,-0.14063411999084885
11818,0.47178495158121125
11819,2.5095896842490006
11820,0.1477974330311812
11821,0.08811674700720928
11822,1.696177617786995
11823,0.029041619080667824
11824,0.6505912197513382
11825,1.3476530725245301
11826,-10.0
11827,1.3478083232163407
11828,2.740364929903738
11829,-0.16189400043519053
11830,0.43979750610569746
11831,1.7576909635395657
11832,-0.3001116420447235
11833,0.21258097946922794
11834,1.4994736432956357
11835,-0.2745967982632901
11836,0.35766748609493204
11837,1.7492878357989026
11838,-10.0
11839,0.9014025603712875
11840,1.3984728482882334
11841,-0.05632878255592677
11842,0.17499505819330652
11843,2.063522822571298
11844,-0.24024559180627436
11845,1.3583481160605868
11846,3.8802020635825283
11847,0.0
11848,-0.08219265564946632
11849,0.4069550223278918
11850,0.6575065301366654
11851,0.3500401235064009
11852,0.6052273187571222
11853,11.743154759538832
11854,-0.05632878255592677
11855,0.1404195835806542
11856,1.7439758582461955
11857,0.0
11858,0.19293849977677302
11859,0.30675080518778586
11860,1.5646609616295655
11861,0.19293849977677302
11862,0.1699225447829018
11863,1.773664672772204
11864,0.02512959004087889
11865,0.8919548070251373
11866,2.5179867421116096
11867,-0.3372195417281796
11868,2.3761717631265196
11869,2.8206618728556787
11870,0.46363638035651633
11871,0.24459972040579303
11872,2.840256655468626
11873,0.2183531181327364
11874,0.2751952921104499
11875,1.5985059042474634
11876,-0.2845928200976152
11877,-0.020983786209113453
11878,1.7543219541310977
11879,-0.01020389161134383
11880,0.2148819054837503
11881,4.538895693617598
11882,-0.3372195417281796
11883,0.1896341934038197
11884,1.3377799778837232
11885,-0.2845928200976152
11886,0.5634148898911001
11887,1.5942474071824122
11888,0.07840954477587292
11889,0.17573038662682694
11890,1.6320975889706741
11891,0.0
11892,0.1477974330311812
11893,1.2523841906933046
11894,1.9032192594578694
11895,0.04113060069041807
11896,0.4520231655923237
11897,1.846513699153111
11898,-0.13565193035796264
11899,0.43123822644383103
11900,1.3815860950000558
11901,-0.2155023475211456
11902,0.48080699803349825
11903,2.0790368342623697
11904,-10.0
11905,1.4180099098476968
11906,2.293910881928287
11907,-0.1638342690034288
11908,0.26844984105249814
11909,1.5033910765847964
11910,-0.1358378388739634
11911,0.15956646632883698
11912,1.3761583899670358
11913,0.12310287807714915
11914,0.10536546603110097
11915,2.284618883293682
11916,-0.02472021587935458
11917,0.21608834463227777
11918,1.873337480985203
11919,-0.22771614835425835
11920,0.38421823164425817
11921,2.0194760720504754
11922,-0.09803803003042932
11923,1.6566120201647192
11924,3.042162325429545
11925,0.30320138876883485
11926,1.303201378768835
11927,0.46363638035651633
11928,-10.0
11929,3.8423344944002915
11930,0.45511003488514634
11931,-0.10125430622709808
11932,3.794410042266972
11933,-10.0
11934,0.7438868109062611
11935,2.458119470775947
11936,-0.19507094025927663
11937,1.4552650414791393
11938,3.2401381498954875
11939,-0.43581599228365864
11940,1.4973728801764974
11941,2.5699109050073927
11942,-0.08691166535444261
11943,0.9607931146434289
11944,2.501964386916579
11945,-0.3281325855807139
11946,0.4321085451416389
11947,1.592340517676267
11948,0.0021617393332461488
11949,0.5483860695464351
11950,3.4108325328934552
11951,-0.08219265564946632
11952,0.6886162958557641
11953,1.628272124380086
11954,-10.0
11955,1.1396035479980762
11956,1.580946280676346
11957,0.45511003488514634
11958,-0.04717755240780708
11959,2.6162612998342327
11960,-10.0
11961,1.2953560299381015
11962,1.7439480841426032
11963,-0.30014042493439075
11964,0.1575141248706049
11965,1.7893138898411023
11966,-0.08219265564946632
11967,1.1832939082747327
11968,2.4387306650108025
11969,0.08781330024211964
11970,0.6442573232353166
11971,2.231629045272556
11972,0.0021617393332461488
11973,0.2974631224908584
11974,3.0797664938414853
11975,-0.19920386758137865
11976,1.2414223800956359
11977,2.63419303173342
11978,-0.26011443440093684
11979,0.4621940094432604
11980,1.6257248416094074
11981,1.0066668739979963
11982,-0.16408089629539258
11983,1.7384468987257966
11984,-0.23162872281625646
11985,0.769060716091119
11986,2.1927397385216785
11987,-0.26011443440093684
11988,0.8543640573321492
11989,2.5210907525909416
11990,-0.01020389161134383
11991,-0.010428927829072676
11992,1.488099905300037
11993,-0.10260744895723317
11994,0.35486430094452004
11995,1.7781197112142912
11996,-0.3381437542543366
11997,0.31683557621708847
11998,1.4837991002101611
11999,-0.20799659742620424
12000,0.05831332590179228
12001,2.0128268323269505
12002,-0.060686764501322266
12003,0.5014245846636605
12004,2.146798440226133
12005,0.2088394064996778
12006,0.30981926579518526
12007,1.8262651460842014
12008,-0.2839877950601606
12009,0.8606852436329344
12010,1.341274804879704
12011,-0.1305301710815473
12012,0.15716540887149533
12013,1.8077189900676087
12014,0.04113060069041807
12015,0.07137554145575065
12016,1.6091151063594384
12017,-0.19920386758137865
12018,0.5458957460911831
12019,3.474618954086798
12020,-0.2176484484735849
12021,0.23849561399490038
12022,1.7417475344123694
12023,0.46363638035651633
12024,0.12028182039748492
12025,1.418492070296359
12026,-0.02472021587935458
12027,0.44214038931415056
12028,1.5853478320441068
12029,0.02512959004087889
12030,0.3649637008272688
12031,2.404531613455932
12032,-0.16189400043519053
12033,0.03731451800677443
12034,1.376003770350747
12035,0.053151156030451285
12036,0.5349727597319358
12037,1.5987887085743822
12038,-0.13697295846410817
12039,0.16283980536821718
12040,1.034584281667098
12041,0.45511003488514634
12042,-0.11627693261988159
12043,2.5112715441188627
12044,0.12310287807714915
12045,0.565858934233954
12046,1.8123136951746788
12047,-0.3569460632591316
12048,0.4773506006003654
12049,1.7092879019555247
12050,-0.2839877950601606
12051,0.6770778571505558
12052,1.9115247332458327
12053,-0.26011443440093684
12054,0.48691291588657704
12055,1.7058758622678152
12056,-0.3381437542543366
12057,0.3945535729327959
12058,1.1802578294167525
12059,-10.0
12060,1.1494106493357201
12061,8.680830694571913
12062,-0.08691166535444261
12063,0.3841802819896577
12064,1.4363312968100768
12065,0.1477974330311812
12066,0.10682144735178789
12067,2.106321345537517
12068,-0.21013034294983823
12069,0.11134390227193303
12070,2.2735417338677633
12071,0.19293849977677302
12072,-0.2930078375637175
12073,1.7507457945883151
12074,-0.1274079626794764
12075,0.45212354386428866
12076,1.4390518781687966
12077,0.3500401235064009
12078,0.8244190518184507
12079,1.8726359174661562
12080,-0.19507094025927663
12081,0.5127988953229847
12082,3.9960152948971297
12083,0.01815570533026134
12084,0.22201669184109973
12085,3.279947865311482
12086,-0.25661711515750774
12087,0.9176638466408245
12088,-10.0
12089,-0.2845928200976152
12090,0.4569495536580662
12091,1.3203032606159595
12092,0.30320138876883485
12093,1.4431726418486783
12094,1.6414122609134192
12095,-0.3281325855807139
12096,0.15382835291254926
12097,2.2834967013119556
12098,-0.25754840896603604
12099,0.3913779865409456
12100,2.347738496964902
12101,-0.2176484484735849
12102,0.20891946170239117
12103,2.1637094730666218
12104,-0.1274079626794764
12105,1.0813825773351753
12106,2.7219499657038924
12107,-0.23162872281625646
12108,0.34151319944297553
12109,1.9202051597556964
12110,-0.29133154022062646
12111,0.304901248631005
12112,1.5709528763349394
12113,0.043670680904227654
12114,0.35303896780517774
12115,1.6650234048516308
12116,0.11107843861570099
12117,0.0679844695021683
12118,1.1218085240611266
12119,-0.13697295846410817
12120,0.19022690026933065
12121,1.245214746334566
12122,-0.13697295846410817
12123,0.0015467490799513373
12124,1.5760499403566617
12125,-10.0
12126,1.2489429408306918
12127,-10.0
12128,-0.37773028562133504
12129,0.29991449562614436
12130,1.1913317180935366
12131,0.3901906940347867
12132,0.09934710083453324
12133,8.252534992912421
12134,0.3901906940347867
12135,0.08514871837256877
12136,2.66036181739379
12137,0.06974430682094213
12138,0.09712040784562626
12139,2.322027421593192
12140,-0.2660839942989509
12141,0.4996612651335466
12142,1.1205870025627482
12143,-0.1358378388739634
12144,0.14748988230875137
12145,1.6093175829696817
12146,-0.22771614835425835
12147,0.49896932080692036
12148,2.962164673860523
12149,-10.0
12150,1.2857406756324095
12151,-10.0
12152,-0.10260744895723317
12153,1.1956342271224227
12154,2.227894335524649
12155,0.011277666057257218
12156,0.5382403913751428
12157,1.111149692871659
12158,0.3901906940347867
12159,0.43338935822563074
12160,5.39676474929065
12161,-0.1983985236179756
12162,0.558627942581817
12163,1.6490246998989664
12164,0.053151156030451285
12165,0.0069115882212009705
12166,1.7382481687158686
12167,-0.23162872281625646
12168,0.39752590018872513
12169,1.7094162898121223
12170,-0.08691166535444261
12171,0.7059967368758066
12172,-10.0
12173,0.46363638035651633
12174,-0.10632214439364218
12175,1.5451185689219389
12176,-0.2176484484735849
12177,0.3945878533868792
12178,1.712082958115552
12179,-0.2839877950601606
12180,0.1769208780729299
12181,1.7537431680491526
12182,-0.1191877100460913
12183,1.4835576624232532
12184,5.482375781668795
12185,-0.14063411999084885
12186,0.8593658700091513
12187,0.06974430682094213
12188,0.062027482832353265
12189,2.561601229912759
12190,0.053151156030451285
12191,0.20990350250877143
12192,1.5894067668284952
12193,-0.20799659742620424
12194,0.57221063000625
12195,1.617260349399292
12196,-0.2155023475211456
12197,0.17913608085813337
12198,1.8449322890059485
12199,-0.29133154022062646
12200,0.18679951276783013
12201,1.6047301393454527
12202,-0.19507094025927663
12203,0.618250347912914
12204,1.5426337135762649
12205,-10.0
12206,0.9701031005465647
12207,2.146468547405246
12208,-0.3569460632591316
12209,0.20840333376730769
12210,2.1645861018765444
12211,-0.22771614835425835
12212,0.0806074293378577
12213,1.5858631574952118
12214,-0.3569460632591316
12215,3.316200530170316
12216,4.725782738457562
12217,-10.0
12218,1.3407576297241146
12219,1.0480424719006005
12220,-0.33828735465081083
12221,0.14683107089562586
12222,1.6244839062696994
12223,-0.24101202341637784
12224,0.08293809461463975
12225,1.057248077147741
12226,-0.08219265564946632
12227,0.9441301696918055
12228,3.4717248088377577
12229,-0.18109782784784845
12230,1.0578596593167573
12231,1.5560208953619845
12232,0.15136809022333864
12233,0.27739603572584937
12234,1.8073746902700467
12235,0.053151156030451285
12236,0.49433619553482355
12237,2.084987795387602
12238,-10.0
12239,1.0611729965401606
12240,1.5789853588153435
12241,-0.1305301710815473
12242,0.27328241141344845
12243,2.760520423567378
12244,-0.25754840896603604
12245,0.5592625511520813
12246,1.424684296486973
12247,0.053151156030451285
12248,0.1463668237116762
12249,1.0769838644609624
12250,-0.1983985236179756
12251,1.1742679721468852
12252,2.3210729348314336
12253,0.2088394064996778
12254,1.166096655894975
12255,3.073462214418601
12256,-0.060686764501322266
12257,0.6569117313241215
12258,2.270335552893922
12259,-0.19920386758137865
12260,0.6025324947917592
12261,1.5480291160067565
12262,-0.14063411999084885
12263,0.22309741852265852
12264,1.643269892672707
12265,-0.21013034294983823
12266,0.6243039553691191
12267,3.1619186877522227
12268,-0.18109782784784845
12269,0.07595245009009954
12270,1.9760358835254697
12271,-0.19920386758137865
12272,0.2805166159359467
12273,2.1301100500128576
12274,0.1477974330311812
12275,1.2523841906933046
12276,3.0403030619503078
12277,0.22275767154784243
12278,0.5837107761729494
12279,1.6351293206815332
12280,0.11107843861570099
12281,0.3557117374315686
12282,3.9702476011162755
12283,-0.32635444102453004
12284,0.16516825863829088
12285,2.0931600052089037
12286,-0.26011443440093684
12287,0.6149960536665691
12288,2.2690950723169876
12289,-0.1305301710815473
12290,0.15991613872140298
12291,2.3244915375734148
12292,0.20128868213789908
12293,0.4357139650480806
12294,-10.0
12295,-0.02472021587935458
12296,0.01716502070685688
12297,1.5663610335229705
12298,-10.0
12299,1.6903594842780347
12300,-10.0
12301,-0.25661711515750774
12302,0.6771703359812644
12303,6.275611811394001
12304,1.0066668739979963
12305,0.48102934826443855
12306,2.055010850437432
12307,-0.37773028562133504
12308,0.13443782085085954
12309,1.0031470865831533
12310,-0.25754840896603604
12311,0.2726504311788135
12312,-10.0
12313,-0.21013034294983823
12314,0.18693212993666874
12315,1.7666756325334332
12316,-0.26070307485567623
12317,0.1832602715731031
12318,1.5675006192499519
12319,-0.1983985236179756
12320,1.284127309199187
12321,3.805696186776193
12322,-0.21013034294983823
12323,0.458841252751787
12324,3.03292622906642
12325,-0.26011443440093684
12326,0.20399505048960742
12327,2.368162148806153
12328,0.011277666057257218
12329,1.251256497902882
12330,3.1809354936481222
12331,-0.343005596364245
12332,0.412940697999333
12333,1.2294776663395701
12334,-0.3001116420447235
12335,0.3854919230878173
12336,4.713024127285996
12337,-0.26011443440093684
12338,0.22008222539927125
12339,2.0580841387381934
12340,-0.2176484484735849
12341,0.7272439213932582
12342,0.8043680433086267
12343,0.2611982559270164
12344,0.13974237337317885
12345,1.3184084180010833
12346,-0.43581599228365864
12347,0.5117792525483708
12348,1.314966609114645
12349,0.07840954477587292
12350,0.10137125096856159
12351,2.279957349348974
12352,-0.3001116420447235
12353,0.5687356498183289
12354,1.8724460959580467
12355,-0.21013034294983823
12356,0.4134759827373068
12357,4.130255867201717
12358,-0.33828735465081083
12359,0.5700953192174048
12360,3.0505242649235846
12361,-0.2839877950601606
12362,0.5216128331417507
12363,2.0661401339169423
12364,0.11107843861570099
12365,0.830183463766567
12366,2.114388201305383
12367,-0.25661711515750774
12368,0.2671760953979865
12369,1.521295270485179
12370,-0.3281325855807139
12371,0.4353673491555954
12372,1.3706131658782594
12373,-0.3569460632591316
12374,0.30942605172955184
12375,1.1561208713096234
12376,0.029041619080667824
12377,0.5273237265910395
12378,1.581294365192024
12379,-0.3381437542543366
12380,1.392524982872465
12381,5.034381880342133
12382,0.19123410101592075
12383,0.7984599547474553
12384,-10.0
12385,0.19623039968498246
12386,1.764444617023113
12387,2.244485400754385
12388,0.0
12389,-0.2745967982632901
12390,0.5302448907319024
12391,1.5778532797938452
12392,0.06974430682094213
12393,0.2997007435082544
12394,-10.0
12395,-0.21013034294983823
12396,0.9042760579737666
12397,1.400932049183135
12398,0.011928288398080356
12399,0.12892714031461727
12400,1.5247279067765271
12401,0.01815570533026134
12402,0.46196308966491095
12403,2.643300239262399
12404,-0.3569460632591316
12405,2.4522191355882277
12406,3.176083785474641
12407,-0.2745967982632901
12408,0.8850356808750615
12409,1.737737290444534
12410,-0.10615374950880385
12411,0.11706627651395385
12412,1.6929044318729864
12413,-0.02472021587935458
12414,0.5895825820877071
12415,2.153958752089028
12416,-0.19920386758137865
12417,0.5291656874228174
12418,-10.0
12419,-0.25577032821782797
12420,0.19413173118514127
12421,1.8672850148769418
12422,-0.23162872281625646
12423,0.2458287233103319
12424,1.3333498966396387
12425,-0.21438931649027926
12426,0.530118962185365
12427,1.6349983165239081
12428,0.06974430682094213
12429,-0.12277695822490642
12430,2.007631823519578
12431,-0.2875566529978749
12432,0.4413391668800485
12433,1.657961824401112
12434,0.08781330024211964
12435,0.38906173406484745
12436,-10.0
12437,-0.1638342690034288
12438,0.8650164026351149
12439,2.23442567679864
12440,-0.01020389161134383
12441,0.2148819054837503
12442,1.7057058254455795
12443,0.06974430682094213
12444,0.5356220760145738
12445,1.9648073409544031
12446,-0.1518370775355976
12447,0.6590773852417288
12448,4.183490969474965
12449,0.11107843861570099
12450,1.0680600726765468
12451,1.6841379572082922
12452,-10.0
12453,1.558898108232102
12454,5.337760092040311
12455,-0.1518370775355976
12456,-10.0
12457,3.5888558302856968
12458,-0.25661711515750774
12459,0.3014267697088142
12460,1.2853412267713817
12461,0.011928288398080356
12462,0.1673366478749474
12463,1.3916963716852468
12464,-0.3569460632591316
12465,0.20491422318929187
12466,1.7582402009567002
12467,-0.1274079626794764
12468,0.1470661259841176
12469,1.4021375054563958
12470,-0.05632878255592677
12471,0.9110065300930082
12472,2.106148293257074
12473,-0.3372195417281796
12474,0.39544236531392096
12475,1.2154793786538725
12476,-0.055280625897490165
12477,0.19593292536651408
12478,2.6586543099421727
12479,-0.1983985236179756
12480,1.2857517451672411
12481,4.543795939495395
12482,-0.3613339149998035
12483,0.4937310146593342
12484,1.4944092628135097
12485,0.029041619080667824
12486,0.7047610003408229
12487,1.4336621142894341
12488,-0.25754840896603604
12489,0.3875107921522746
12490,1.0992617173988644
12491,0.043670680904227654
12492,-0.02607532596347384
12493,2.4034147741019734
12494,-0.2845928200976152
12495,0.17833788913468784
12496,1.917964397063971
12497,0.12310287807714915
12498,0.10350106796721015
12499,2.213899341319288
12500,0.46363638035651633
12501,0.1939726493672287
12502,6.505673942068995
12503,0.2183531181327364
12504,1.0505811854811613
12505,2.322417359579486
12506,0.11222079646221339
12507,0.4753064562655094
12508,2.2100686531666724
12509,0.46363638035651633
12510,0.5197366911975889
12511,-10.0
12512,0.01815570533026134
12513,0.4516712189067158
12514,1.300363171336451
12515,-0.02472021587935458
12516,0.3177483846335055
12517,2.123034653379559
12518,-0.1191877100460913
12519,1.6116318359454043
12520,2.7146416851640116
12521,0.19123410101592075
12522,0.6585985552691669
12523,-10.0
12524,-0.2924476823568408
12525,0.8661858700147073
12526,2.323448194197945
12527,-0.37773028562133504
12528,0.3479126466453093
12529,1.40292658527995
12530,-0.13697295846410817
12531,0.13829800957513116
12532,2.6675386663450587
12533,-0.20799659742620424
12534,0.16638916988093377
12535,2.3254535552712663
12536,0.46363638035651633
12537,-0.003494223446955491
12538,2.175316718819085
12539,0.01815570533026134
12540,0.3920239604593405
12541,7.596328785221304
12542,-0.21438931649027926
12543,0.1936100442083557
12544,1.3687065869119643
12545,-0.18109782784784845
12546,1.0104484712383934
12547,2.255058394680134
12548,-0.32635444102453004
12549,0.5395641148704026
12550,1.2860802361023689
12551,-0.343005596364245
12552,0.34042025604902515
12553,1.072956899083706
12554,0.19623039968498246
12555,0.19341825030310766
12556,2.7697369914539527
12557,-0.1358378388739634
12558,0.35320886899134085
12559,2.789152131170482
12560,-0.055280625897490165
12561,0.6744341885183691
12562,1.7207134263102029
12563,0.20128868213789908
12564,0.22923128913384372
12565,3.5604516213453414
12566,0.15136809022333864
12567,0.6643933230114629
12568,-10.0
12569,-0.2660839942989509
12570,0.31960985617959214
12571,1.6477995271175683
12572,-0.3001116420447235
12573,0.3492662179618371
12574,2.9283082740732524
12575,0.2088394064996778
12576,0.16572110235537907
12577,1.7287941208013062
12578,-0.22771614835425835
12579,0.2509592574503381
12580,2.2482930679097075
12581,-0.3372195417281796
12582,0.38947934529419537
12583,1.010130046720864
12584,-0.2660839942989509
12585,0.11548973858344025
12586,1.9132901411112415
12587,-0.1358378388739634
12588,0.6116617065292389
12589,5.355559041133651
12590,-0.3281325855807139
12591,-0.04671945821767831
12592,1.3245216145998921
12593,-0.1983985236179756
12594,0.32207287554453723
12595,2.429355491227599
12596,0.11222079646221339
12597,0.7456383934822612
12598,1.2641233214318894
12599,-0.19507094025927663
12600,0.2617263978626765
12601,1.8764791569197048
12602,0.19623039968498246
12603,0.2941979141580442
12604,2.373347936376804
12605,0.2611982559270164
12606,0.8987158221280671
12607,1.8649491377621983
12608,0.08781330024211964
12609,0.41123789238798825
12610,2.2073684445822135
12611,-0.18109782784784845
12612,0.22905870715764165
12613,1.397027204278859
12614,-10.0
12615,1.0861809584314284
12616,3.382785755887811
12617,0.22275767154784243
12618,0.33812842285289135
12619,1.906329009920561
12620,0.01815570533026134
12621,1.2363381910547944
12622,2.418571163055109
12623,0.11222079646221339
12624,0.40827401496980276
12625,1.9347496260541204
12626,0.02512959004087889
12627,0.8302598823354099
12628,4.184994080731012
12629,0.07840954477587292
12630,0.41288532503009634
12631,1.221578022810524
12632,-0.13565193035796264
12633,0.3474150279471946
12634,0.9626886221318127
12635,-0.33828735465081083
12636,0.8852966239648141
12637,2.116220553502362
12638,-0.2902523925216365
12639,0.31655475064566596
12640,2.1486313838197955
12641,0.2611982559270164
12642,-0.3319715021941264
12643,1.2086410459137111
12644,0.01815570533026134
12645,0.6012247983115027
12646,2.614357897444722
12647,0.01815570533026134
12648,1.1781040700519776
12649,1.7500058329797938
12650,-0.10615374950880385
12651,0.6883152466544025
12652,2.8002954340828086
12653,-0.1274079626794764
12654,0.6500683407634454
12655,1.3788924189101932
12656,-0.13697295846410817
12657,0.8283616538760374
12658,1.976176242736653
12659,-0.1638342690034288
12660,0.3810026069022011
12661,1.6536982728283658
12662,0.19293849977677302
12663,0.4727801416796087
12664,2.434307400713349
12665,0.07840954477587292
12666,0.6230638146607792
12667,1.8233603727046048
12668,-0.1518370775355976
12669,0.08956532624758118
12670,1.8906411571462516
12671,-0.08691166535444261
12672,0.4077335555356586
12673,2.723822604433184
12674,-0.10260744895723317
12675,0.33327842435503885
12676,5.992344070018632
12677,-0.18109782784784845
12678,0.21055720813279988
12679,1.1325741224665582
12680,-0.25661711515750774
12681,0.3758221638417092
12682,1.7473810601981004
12683,0.07840954477587292
12684,1.0626001013022548
12685,-10.0
12686,0.2088394064996778
12687,0.2067586081612378
12688,2.5271437101379286
12689,-0.01020389161134383
12690,-0.010428927829072676
12691,2.642839658975433
12692,-10.0
12693,1.2857406756324095
12694,1.6456841437777914
12695,-0.2745967982632901
12696,0.3540773897723821
12697,1.3958545697753193
12698,0.043670680904227654
12699,0.4707032530120525
12700,2.6747917467309774
12701,-0.19507094025927663
12702,0.9005230565872147
12703,7.204623406410812
12704,-10.0
12705,1.7646037050640322
12706,2.3260146390135947
12707,0.11222079646221339
12708,0.47383231253039115
12709,2.4250026618563165
12710,-0.14063411999084885
12711,0.020604962917742498
12712,2.0362209554418835
12713,0.011928288398080356
12714,0.5142144909210704
12715,2.9277861499083415
12716,0.0
12717,-0.2902523925216365
12718,1.6564998270667344
12719,6.54135478736994
12720,-0.2660839942989509
12721,0.23795157537078548
12722,1.286606455639236
12723,-0.25577032821782797
12724,0.1950798630397914
12725,1.558384742016342
12726,-0.1983985236179756
12727,0.5709036155408929
12728,2.7259683367367025
12729,0.3901906940347867
12730,-10.0
12731,4.421057209592745
12732,0.053151156030451285
12733,1.0380623615756939
12734,1.5209400116396317
12735,-0.20799659742620424
12736,0.2232160972796039
12737,6.314338831352461
12738,-0.1305301710815473
12739,0.510827552244346
12740,2.074711285399175
12741,-10.0
12742,1.7593668550901767
12743,2.223021014384373
12744,-0.3381437542543366
12745,0.0395295262831461
12746,1.211857836479843
12747,-0.19920386758137865
12748,0.8007961224186215
12749,-0.05632878255592677
12750,0.4857822179104102
12751,-10.0
12752,0.07840954477587292
12753,1.3721616267148953
12754,4.090628105132252
12755,0.2088394064996778
12756,0.40469799489297364
12757,2.899821140479294
12758,0.0032574545241556008
12759,0.7088190834705559
12760,2.505869523852172
12761,0.1477974330311812
12762,-10.0
12763,2.7818052709186625
12764,0.06974430682094213
12765,0.3005096179111253
12766,3.0148070075757563
12767,0.2183531181327364
12768,0.44110430745769236
12769,2.6743798881877705
12770,-10.0
12771,1.5305781312785731
12772,4.721730865216519
12773,0.04113060069041807
12774,0.03526345126934749
12775,3.367590290691206
12776,-0.08691166535444261
12777,0.603700361719039
12778,1.5260118007549557
12779,-0.2875566529978749
12780,0.682689933648133
12781,1.6184484784715085
12782,0.06974430682094213
12783,0.021683670152025103
12784,1.4419828440220002
12785,-0.22771614835425835
12786,0.37017107687893347
12787,2.3400313559348507
12788,-0.3372195417281796
12789,0.436579239166782
12790,1.1060544394413483
12791,-0.1358378388739634
12792,0.5073496124642793
12793,1.4317166833737027
12794,-0.343005596364245
12795,0.1584968894221639
12796,1.0915710331177628
12797,0.020085789058602033
12798,-0.0062892346382383835
12799,-10.0
12800,0.08781330024211964
12801,2.849246534984159
12802,6.189554393914062
12803,-0.2845928200976152
12804,0.34465788293503297
12805,1.7918889985574975
12806,0.07840954477587292
12807,0.1796306471950635
12808,1.4311005802200092
12809,0.06974430682094213
12810,0.13309977292334607
12811,1.4888180680125227
12812,0.11222079646221339
12813,0.8788057484324276
12814,2.6352471872964567
12815,-0.19920386758137865
12816,-10.0
12817,2.833691126347954
12818,-0.29133154022062646
12819,-0.03774266509576618
12820,2.1841260494342953
12821,0.46363638035651633
12822,-10.0
12823,3.907541429985315
12824,0.20128868213789908
12825,0.840216151775566
12826,1.4506810195848494
12827,-0.2924476823568408
12828,1.2805389362255606
12829,1.0723219693953954
12830,-0.3569460632591316
12831,1.074722260153034
12832,8.497193723042821
12833,-0.20799659742620424
12834,0.21308362416218352
12835,3.024257934841515
12836,0.0021617393332461488
12837,0.0625733175795562
12838,1.7064630127855245
12839,-0.24024559180627436
12840,0.735694775102471
12841,2.825675109545535
12842,-0.2660839942989509
12843,0.1415932633749032
12844,1.707762417439746
12845,0.053151156030451285
12846,0.22106653623927586
12847,-10.0
12848,-0.2876137945904501
12849,0.8661569281137028
12850,2.8989196152865575
12851,-0.10260744895723317
12852,1.0558684610525033
12853,2.342506878421478
12854,-10.0
12855,1.3534974219061087
12856,0.9054460246609886
12857,-10.0
12858,1.352428726051712
12859,1.769470113667938
12860,-10.0
12861,1.0965176941061325
12862,1.1983107698346362
12863,0.0
12864,-0.1358378388739634
12865,0.4482993968531228
12866,1.1958068470944168
12867,0.011928288398080356
12868,0.19946654293386845
12869,1.3485520111465248
12870,0.2088394064996778
12871,0.5291139622902274
12872,3.077755984242201
12873,-0.2924476823568408
12874,0.45949535178576795
12875,1.253169720241879
12876,-0.01020389161134383
12877,0.4118904600905513
12878,-10.0
12879,-0.3613339149998035
12880,0.3449712634351523
12881,2.929427750498027
12882,-0.2176484484735849
12883,0.6289768073259727
12884,2.706957875049878
12885,-0.3372195417281796
12886,0.3690238080081174
12887,1.4202239800083758
12888,-0.3569460632591316
12889,1.8232065020665384
12890,3.2871952065073056
12891,-10.0
12892,1.286800641803493
12893,2.5433244682462286
12894,-0.3001116420447235
12895,0.4867193269708461
12896,1.5364526801110732
12897,-0.1274079626794764
12898,0.505586906062505
12899,3.5153287327119025
12900,-0.1305301710815473
12901,-0.004544369133667958
12902,1.8543457492652462
12903,0.11222079646221339
12904,0.3462884350806772
12905,3.187564359463571
12906,-0.21013034294983823
12907,0.018846981990971456
12908,1.4764626589256467
12909,0.22275767154784243
12910,0.3847441513205909
12911,2.415553893181371
12912,-10.0
12913,1.146691043305445
12914,4.602977550785799
12915,-0.1358378388739634
12916,0.010848150356848607
12917,0.9601660173571694
12918,-0.2839877950601606
12919,1.9683939089696763
12920,2.785492652663006
12921,-0.14063411999084885
12922,-10.0
12923,3.787204208313735
12924,-0.24024559180627436
12925,0.4438439250194003
12926,1.996308702463777
12927,-0.1518370775355976
12928,0.6603425484521842
12929,2.1246866916220473
12930,0.07840954477587292
12931,0.21614463950594853
12932,6.836123652803541
12933,-0.10615374950880385
12934,0.09799935306901708
12935,1.94017714921107
12936,0.04113060069041807
12937,0.13765913826605747
12938,1.6586093435588245
12939,-0.43581599228365864
12940,0.6506002880807927
12941,2.0284525214286577
12942,-0.23162872281625646
12943,0.3563783263331458
12944,2.0366492452085097
12945,-0.30014042493439075
12946,0.6441184842035613
12947,1.3702575663254497
12948,0.22275767154784243
12949,0.37205415155767496
12950,2.5839643974416884
12951,-0.2176484484735849
12952,1.4590510050254109
12953,2.361320694839796
12954,-0.2745967982632901
12955,0.6988161072002679
12956,4.277664721382797
12957,-0.2876137945904501
12958,0.40552451420271673
12959,1.5666800445374482
12960,0.011277666057257218
12961,0.1875630192310318
12962,1.6831198821124247
12963,-0.2876137945904501
12964,0.4425444381754754
12965,1.9706289476182692
12966,0.11222079646221339
12967,0.04614496551110703
12968,1.5899912919073915
12969,0.45511003488514634
12970,0.12497966999020527
12971,2.110574192383716
12972,-0.21013034294983823
12973,0.18910873007083306
12974,1.6187974958022184
12975,-0.2924476823568408
12976,0.44426447466196606
12977,1.2158989052087374
12978,-0.2845928200976152
12979,0.31597031374589146
12980,1.594705195109524
12981,0.1477974330311812
12982,0.07557773762040165
12983,1.5489888753997394
12984,0.06974430682094213
12985,0.7122958249566602
12986,10.65730327679514
12987,-0.1191877100460913
12988,0.26417086067288875
12989,1.439712399138669
12990,0.11222079646221339
12991,0.594075650084007
12992,2.696397234729087
12993,-0.29133154022062646
12994,0.43905865675093625
12995,3.0053633198993825
12996,0.30320138876883485
12997,0.24766867248532343
12998,3.1805375278646686
12999,0.011277666057257218
13000,0.6699935862952882
13001,2.2176084405438754
13002,-10.0
13003,1.1512812502991494
13004,2.253432971023101
13005,-0.1518370775355976
13006,0.31276509033812616
13007,2.4373740787385483
13008,0.19293849977677302
13009,0.09233686950611553
13010,2.703042503375332
13011,-0.13697295846410817
13012,0.18255615195570418
13013,1.9999292119865049
13014,0.3901906940347867
13015,1.4656127611764131
13016,3.0205674174657866
13017,0.30320138876883485
13018,-10.0
13019,4.11740948074608
13020,0.2183531181327364
13021,0.13270764517488032
13022,2.1470161456055505
13023,0.053151156030451285
13024,-10.0
13025,3.755667864262666
13026,0.11107843861570099
13027,0.0679844695021683
13028,1.9074373082281704
13029,-0.25661711515750774
13030,0.4411750231984073
13031,3.6212713457866115
13032,-0.3613339149998035
13033,0.6596537332810996
13034,1.1301895761826253
13035,-0.3281325855807139
13036,0.38720716286889867
13037,2.8267129206465595
13038,-0.24024559180627436
13039,0.4608973916478848
13040,5.725519482446972
13041,-0.24024559180627436
13042,0.6050065874878529
13043,-10.0
13044,-0.19507094025927663
13045,0.4865484413048773
13046,1.008931013144188
13047,-0.1191877100460913
13048,0.14711204522592292
13049,2.7004292160552996
13050,-0.13697295846410817
13051,0.7537618910145736
13052,3.763403559477603
13053,0.053151156030451285
13054,0.12778279204503806
13055,-10.0
13056,0.30320138876883485
13057,0.055889161064037074
13058,2.184776000200937
13059,-0.1638342690034288
13060,0.44585708917872335
13061,1.4314956001291486
13062,0.02512959004087889
13063,0.483869517194655
13064,2.537134580747631
13065,-0.3613339149998035
13066,0.31052396205580335
13067,1.5964233620115635
13068,-0.1191877100460913
13069,0.8445075540494997
13070,1.5800239233943218
13071,-0.2839877950601606
13072,0.358263755825039
13073,1.0189696276939244
13074,-0.2902523925216365
13075,0.38005202931997883
13076,1.4526380894485338
13077,0.12310287807714915
13078,1.0288918664898001
13079,2.45396405347108
13080,-0.1305301710815473
13081,0.6090392689426418
13082,1.9934896731803564
13083,-10.0
13084,2.722315108006483
13085,6.782683146203947
13086,0.3500401235064009
13087,2.3160032522815714
13088,5.607711080412429
13089,-0.21438931649027926
13090,0.21828270927543802
13091,1.1947179834797994
13092,-0.2176484484735849
13093,0.38087609425883295
13094,1.6256645466956867
13095,0.01815570533026134
13096,0.2867600983206733
13097,2.2888067584327634
13098,-0.33828735465081083
13099,0.42207082218208347
13100,2.3279832374374316
13101,-0.2745967982632901
13102,1.2664957256197633
13103,10.165196567894029
13104,-0.1305301710815473
13105,0.5973338912333714
13106,1.6757708692950801
13107,-0.32635444102453004
13108,0.025577147453074267
13109,1.996466768653839
13110,-0.055280625897490165
13111,0.1892671317697885
13112,2.777217866339755
13113,-0.22771614835425835
13114,0.4015031827043116
13115,-10.0
13116,-0.14063411999084885
13117,0.47178495158121125
13118,1.7382520488739588
13119,-0.2660839942989509
13120,0.5358045537357079
13121,3.983121190449467
13122,-0.22771614835425835
13123,0.160993976841736
13124,1.6320506324623272
13125,-0.2839877950601606
13126,0.44642839300978765
13127,2.0618214767067413
13128,0.0
13129,-0.05632878255592677
13130,0.14383779119311557
13131,4.079274539833515
13132,1.0066668739979963
13133,0.9656360249678055
13134,3.869494577221068
13135,-0.26011443440093684
13136,0.6087534730367359
13137,4.361161579589622
13138,-0.05632878255592677
13139,0.9436712074440734
13140,0.11222079646221339
13141,3.7557775465667618
13142,7.448708064344135
13143,-0.343005596364245
13144,0.04611252954055334
13145,1.4407918234224497
13146,-0.10615374950880385
13147,0.4373790204668968
13148,2.257967034423194
13149,-0.3281325855807139
13150,0.7313962392623297
13151,0.8150337530778438
13152,-0.26011443440093684
13153,0.5717571899978318
13154,1.5647455669326313
13155,0.1477974330311812
13156,-10.0
13157,3.0202139684527642
13158,-0.2839877950601606
13159,0.11660089162596754
13160,1.7014781074330045
13161,-0.32635444102453004
13162,0.13065727284834128
13163,1.654493979147836
13164,0.01815570533026134
13165,0.4131460312208881
13166,2.57547745470509
13167,-10.0
13168,1.4986443255526516
13169,3.323778792695564
13170,-10.0
13171,1.344174134284419
13172,1.8483404474987615
13173,-10.0
13174,-10.0
13175,5.154656159398751
13176,-0.13697295846410817
13177,0.3422039318941825
13178,1.9787991427230651
13179,0.19623039968498246
13180,0.2941979141580442
13181,4.727375131980815
13182,-0.060686764501322266
13183,0.6678513643265149
13184,2.4783705503064573
13185,-0.1983985236179756
13186,0.32207287554453723
13187,1.8605419659742375
13188,0.2183531181327364
13189,0.14796802776708096
13190,1.9283461827182122
13191,-0.43581599228365864
13192,0.2931661791410717
13193,0.6250572060047248
13194,-0.20799659742620424
13195,0.4630196923575386
13196,1.340202567083161
13197,0.01815570533026134
13198,0.22565291640023144
13199,1.3623312920683406
13200,-0.25577032821782797
13201,0.23048967391097053
13202,1.7406293709040703
13203,0.15136809022333864
13204,0.2139755175494642
13205,2.180236202349535
13206,-0.2876137945904501
13207,0.2478593569038301
13208,1.7535076174338904
13209,0.30320138876883485
13210,-0.10294191087095306
13211,-10.0
13212,-0.18109782784784845
13213,0.08996942835408961
13214,1.6421585438453505
13215,-0.3381437542543366
13216,0.26484069605443783
13217,1.3041238280774405
13218,-0.19507094025927663
13219,0.9005230565872147
13220,7.180507250319146
13221,0.1477974330311812
13222,0.2653651559826815
13223,1.3289845400793743
13224,0.06974430682094213
13225,0.05996524148965676
13226,1.7433931348786427
13227,-0.25754840896603604
13228,0.27077687362636815
13229,1.5811860187584583
13230,-0.3613339149998035
13231,0.2787167712578966
13232,1.5447287914398995
13233,-0.3001116420447235
13234,0.4765542089836252
13235,1.5344167999817755
13236,-0.25754840896603604
13237,0.34826008993988544
13238,1.6674284839962663
13239,-0.32635444102453004
13240,0.16516825863829088
13241,1.938420318025329
13242,-10.0
13243,1.381932356276111
13244,1.93935436468079
13245,-0.055280625897490165
13246,0.8855510124994583
13247,4.00456833811657
13248,0.0
13249,0.2183531181327364
13250,0.7745061546410557
13251,3.7460744899325404
13252,-0.24024559180627436
13253,0.4438439250194003
13254,2.5236636071691203
13255,0.06974430682094213
13256,0.10987500189232646
13257,1.428984587260399
13258,0.19293849977677302
13259,-0.07303092794433863
13260,1.4777707664197208
13261,-10.0
13262,1.4714121957968642
13263,1.7725494602592395
13264,0.46363638035651633
13265,0.17197101134394188
13266,2.2461707975549983
13267,0.04113060069041807
13268,1.198339031598209
13269,2.9308392861104147
13270,-0.21438931649027926
13271,1.0539693885225967
13272,1.8318958490443793
13273,-0.13697295846410817
13274,0.7149054731916411
13275,1.586649949490522
13276,0.11222079646221339
13277,0.10609746944056964
13278,2.176576332655099
13279,-0.21438931649027926
13280,1.0539693885225967
13281,3.102576104315441
13282,0.22275767154784243
13283,0.21796180704935275
13284,1.4350583298583715
13285,-0.05632878255592677
13286,2.2981912841061694
13287,3.1162844723032284
13288,-0.3281325855807139
13289,0.1301054771811353
13290,2.1333154554214313
13291,-10.0
13292,1.309611174399745
13293,1.9408308039848683
13294,0.45511003488514634
13295,-0.2717850156378847
13296,1.5974208702528077
13297,-0.05632878255592677
13298,0.7793673143715539
13299,1.3845684861378764
13300,0.15136809022333864
13301,0.6458015525812422
13302,2.4791034982642586
13303,-0.055280625897490165
13304,0.39329341220984904
13305,1.5789387159606467
13306,0.029041619080667824
13307,0.4664649022220084
13308,2.470926231071349
13309,-0.2876137945904501
13310,0.28123991948005844
13311,2.939990433819405
13312,-0.21438931649027926
13313,0.2508420158362181
13314,2.639355445213127
13315,-0.08691166535444261
13316,0.8524059661881488
13317,2.303645791003251
13318,-0.2176484484735849
13319,0.2372574023847609
13320,3.2569384132872052
13321,0.2088394064996778
13322,0.5661060953681387
13323,3.670563180249453
13324,-0.2839877950601606
13325,0.6924840433088055
13326,4.098592854682829
13327,-0.2155023475211456
13328,0.49437878071374086
13329,1.9611338450970905
13330,0.07840954477587292
13331,0.376447691421707
13332,1.1411381733383168
13333,-10.0
13334,1.3403040853315942
13335,1.4440665133580184
13336,-0.2155023475211456
13337,0.16158012922522536
13338,1.4086464907587788
13339,-0.1657400982377002
13340,0.7516050406149825
13341,1.5639574004222254
13342,-0.02472021587935458
13343,0.2190491654620087
13344,1.8190279152428779
13345,-0.24101202341637784
13346,0.3166122043630465
13347,2.337026004361967
13348,-0.1518370775355976
13349,-10.0
13350,2.827045360345099
13351,0.19293849977677302
13352,0.18616583457347669
13353,1.637416706173275
13354,0.19123410101592075
13355,1.142414239906438
13356,3.9687615067757878
13357,-0.2660839942989509
13358,0.15948427412089317
13359,2.091680618844921
13360,-0.13565193035796264
13361,0.6537907826113727
13362,2.021486225867222
13363,0.46363638035651633
13364,0.15921224101873177
13365,1.7690845466332255
13366,0.01815570533026134
13367,0.39704150269277316
13368,1.9390871460453698
13369,-0.09803803003042932
13370,0.2669675419490718
13371,3.130252288212657
13372,0.0
13373,-0.3613339149998035
13374,0.1336604530115968
13375,1.3537395527844491
13376,-0.24024559180627436
13377,0.6048995423929827
13378,1.3162439230696545
13379,0.0032574545241556008
13380,0.28652186503865185
13381,1.3649605222379309
13382,1.0066668739979963
13383,1.7741456886070184
13384,3.2545225095791266
13385,0.02512959004087889
13386,0.5063147793311968
13387,2.6310795107609275
13388,0.02512959004087889
13389,1.3670869827431515
13390,3.069940275421994
13391,-0.2155023475211456
13392,0.10854953299683978
13393,1.1112990152927944
13394,0.0
13395,-0.13697295846410817
13396,0.16520187138815623
13397,1.663897386758767
13398,-10.0
13399,1.2132497472762485
13400,1.7091790216135565
13401,0.043670680904227654
13402,0.6093728321028375
13403,-10.0
13404,0.19293849977677302
13405,-0.27024732047217237
13406,2.094856555433849
13407,0.20128868213789908
13408,0.40053180994141546
13409,3.870421541591085
13410,0.02512959004087889
13411,0.39176546439799353
13412,1.635125314841815
13413,0.053151156030451285
13414,0.40628489313178684
13415,2.2190792612463426
13416,-0.09803803003042932
13417,-10.0
13418,4.652568451011877
13419,-0.21013034294983823
13420,0.4314169414559833
13421,1.1798309731165013
13422,0.08781330024211964
13423,4.76629979710385
13424,9.104704765338566
13425,-0.21013034294983823
13426,0.5638698689952516
13427,1.7652246847238235
13428,-0.29133154022062646
13429,0.7614663318788966
13430,1.7409258545834618
13431,0.45511003488514634
13432,0.06097357950319027
13433,3.8513298800215314
13434,0.02512959004087889
13435,1.6565757723206163
13436,0.7726610765746671
13437,0.06974430682094213
13438,0.13817422195244622
13439,1.0962306177794778
13440,-0.14063411999084885
13441,0.23653991839282706
13442,1.523593869960511
13443,0.011928288398080356
13444,0.6340096043723458
13445,5.314167787102663
13446,-0.13697295846410817
13447,-0.013313894184932895
13448,2.4317573297628674
13449,0.2611982559270164
13450,0.44566442225854064
13451,1.8403375385925336
13452,0.15136809022333864
13453,0.36228040448116894
13454,1.6962737391249987
13455,0.46363638035651633
13456,-0.20201546323660868
13457,1.4769030668179297
13458,0.3500401235064009
13459,0.21153693575735666
13460,2.3686722859791063
13461,-0.2902523925216365
13462,0.5181836314307514
13463,-10.0
13464,-0.1983985236179756
13465,0.08619626612489384
13466,1.378666491685864
13467,-0.24101202341637784
13468,-0.0316094743377634
13469,3.747856079385708
13470,-0.13697295846410817
13471,0.5982917212024388
13472,1.5027670219695992
13473,-0.3613339149998035
13474,0.6346725629523923
13475,1.2729349634100573
13476,0.06974430682094213
13477,-0.09152896806303823
13478,3.816395729173795
13479,0.011277666057257218
13480,0.4912347525204619
13481,3.1300269259522344
13482,-0.1305301710815473
13483,-0.004544369133667958
13484,1.571591103181965
13485,0.0021617393332461488
13486,1.362607052242938
13487,3.937428635241892
13488,-0.18109782784784845
13489,0.04057078122300517
13490,1.7076631894475927
13491,-0.09803803003042932
13492,-10.0
13493,3.3158554952462778
13494,-0.19920386758137865
13495,0.5458957460911831
13496,3.7409150797349797
13497,-0.13697295846410817
13498,0.13829800957513116
13499,1.4776717196006577
13500,-0.2660839942989509
13501,0.3419374274767566
13502,2.6912417294156596
13503,-0.21438931649027926
13504,0.17937526561734096
13505,1.1090035555012783
13506,-10.0
13507,0.9637472489815644
13508,2.143494222132142
13509,-0.29133154022062646
13510,0.700407883000085
13511,1.322132365227678
13512,-0.3281325855807139
13513,0.467424525037651
13514,1.127150065053592
13515,0.13558154529620003
13516,0.26161987005799725
13517,1.408671925912745
13518,-0.25754840896603604
13519,0.3689664529363549
13520,1.4084748468124935
13521,-0.08219265564946632
13522,0.893438726326527
13523,1.3617834333661083
13524,-0.10260744895723317
13525,0.5780569118184771
13526,1.3324489989811186
13527,-0.2845928200976152
13528,0.5570405474744476
13529,1.7692363694038291
13530,-0.1983985236179756
13531,0.2428403732129294
13532,1.3741276921665735
13533,-0.14063411999084885
13534,0.6579653272082983
13535,1.7769346285477106
13536,-0.3613339149998035
13537,0.6112655672053268
13538,1.337866132255424
13539,0.3500401235064009
13540,1.0536589852072589
13541,2.4482291455993517
13542,-0.2155023475211456
13543,0.37223480994514524
13544,1.368929770093663
13545,0.15136809022333864
13546,0.6425477635303194
13547,1.3901968590274518
13548,-0.10260744895723317
13549,0.5965745334428008
13550,1.1489646476005737
13551,0.13558154529620003
13552,0.2024202075473478
13553,3.5950288924630107
13554,0.3901906940347867
13555,0.13470053695048723
13556,8.145926873776116
13557,0.2088394064996778
13558,1.1971577412410872
13559,3.1470381590920127
13560,-0.2924476823568408
13561,0.3173232807642027
13562,2.0257065292745278
13563,-10.0
13564,1.6011102274923479
13565,1.9435648180977894
13566,-0.3001116420447235
13567,0.39246556473436334
13568,1.8870630608291017
13569,-0.14063411999084885
13570,-10.0
13571,4.851402964602596
13572,-0.19920386758137865
13573,0.33678937586857893
13574,1.253558676014587
13575,-0.01020389161134383
13576,0.07969436789613948
13577,1.5811527395007692
13578,1.0066668739979963
13579,0.7909763850220828
13580,3.554170758032682
13581,0.011277666057257218
13582,0.014572593121445543
13583,1.3506577612339579
13584,-0.25577032821782797
13585,0.23673747899018682
13586,1.0799534985075132
13587,-0.26070307485567623
13588,0.42640565924752327
13589,6.034851462367528
13590,-0.30014042493439075
13591,0.733544567067446
13592,1.487088511843125
13593,-0.19507094025927663
13594,0.4613199036089044
13595,0.9533219781065547
13596,-0.1518370775355976
13597,0.574910166638409
13598,1.4316403812489167
13599,0.0032574545241556008
13600,0.581563802795334
13601,4.634266322579186
13602,-0.3281325855807139
13603,0.3461944751854664
13604,1.314817958235608
13605,-0.25577032821782797
13606,-10.0
13607,2.2972674956819548
13608,0.11222079646221339
13609,0.308187879578228
13610,1.8414927916703956
13611,0.053151156030451285
13612,0.11576394862114703
13613,2.65838207589747
13614,0.15136809022333864
13615,0.333173250755882
13616,2.1918091008233227
13617,0.12310287807714915
13618,0.21320208476424485
13619,3.1137505143505972
13620,-0.19507094025927663
13621,0.47959469657479215
13622,3.154091642711842
13623,0.2611982559270164
13624,0.11958641079694154
13625,1.3425980459864209
13626,-0.2875566529978749
13627,0.45491495541326155
13628,-10.0
13629,-0.3372195417281796
13630,-0.03184149203040365
13631,0.6210939147384354
13632,-0.3372195417281796
13633,0.5489359116830856
13634,1.725902554513988
13635,-0.3001116420447235
13636,0.9235079674028537
13637,3.2453434793884846
13638,-0.08219265564946632
13639,0.18866040068915757
13640,1.2181607994230867
13641,0.029041619080667824
13642,0.5297803214261361
13643,1.8360565973466025
13644,-0.24101202341637784
13645,0.3166122043630465
13646,2.7620909275928858
13647,-0.14063411999084885
13648,0.4874458596329426
13649,3.6391999613804753
13650,-0.060686764501322266
13651,0.4574088654225188
13652,0.9390406411878256
13653,-0.02472021587935458
13654,0.3137947293411968
13655,2.189899626911388
13656,-0.055280625897490165
13657,0.7663424368160383
13658,1.8845059408275262
13659,-0.19920386758137865
13660,0.25096551069429784
13661,1.9425830028251267
13662,-0.20799659742620424
13663,0.5023726950047985
13664,2.446402881535686
13665,-0.10260744895723317
13666,0.6801937467338657
13667,1.2860704136626722
13668,-0.14063411999084885
13669,0.022230939193676802
13670,1.336796061503465
13671,-0.055280625897490165
13672,0.5557159853385565
13673,13.781022755304065
13674,-10.0
13675,2.8463408321127446
13676,6.284971563271122
13677,0.08781330024211964
13678,2.157020225025616
13679,2.7159533026718097
13680,-0.3613339149998035
13681,0.10135937339589107
13682,1.2092876503537735
13683,-0.33828735465081083
13684,0.5700953192174048
13685,1.7594305213856765
13686,-0.3281325855807139
13687,0.6991157570713686
13688,3.226812235835708
13689,0.053151156030451285
13690,0.2551709069126664
13691,2.0857757685594223
13692,0.08781330024211964
13693,0.32455365771187283
13694,1.726202800891453
13695,-0.2176484484735849
13696,0.08081177473466838
13697,1.4257142552493902
13698,-0.3381437542543366
13699,0.9512556418133248
13700,3.822022128953031
13701,-0.10260744895723317
13702,0.664323198997335
13703,1.0137110146570587
13704,0.08781330024211964
13705,0.7160355930950075
13706,2.189577590331062
13707,-0.13565193035796264
13708,0.6812868506231453
13709,1.858764441813542
13710,0.0032574545241556008
13711,0.0296404296206223
13712,1.6998106808535147
13713,0.08781330024211964
13714,1.7287538240859843
13715,3.269183824869402
13716,0.08781330024211964
13717,0.8763785598968066
13718,8.885155688845373
13719,0.08781330024211964
13720,0.7460629136665669
13721,2.89274170849679
13722,-0.1191877100460913
13723,0.3343976033283602
13724,1.951938188930518
13725,1.0066668739979963
13726,0.08633798330273823
13727,2.3459370787571245
13728,-0.33828735465081083
13729,0.0937940488707083
13730,1.4009491793017848
13731,0.029041619080667824
13732,0.25320016517313326
13733,1.2640043018270632
13734,-0.10615374950880385
13735,0.5932546770476912
13736,1.7768940657870267
13737,-0.343005596364245
13738,0.08598995036240809
13739,2.5350640563637876
13740,-0.10615374950880385
13741,0.11706627651395385
13742,1.5287494748874548
13743,-0.055280625897490165
13744,-0.07534764447200681
13745,1.2967916480976012
13746,-0.343005596364245
13747,0.5955639555192392
13748,2.2133234345523345
13749,-0.43581599228365864
13750,-10.0
13751,1.8318248135357469
13752,0.11107843861570099
13753,-0.043515007436985886
13754,1.6038645099014281
13755,-0.08219265564946632
13756,0.38247131267631096
13757,4.3364427918529715
13758,-0.3613339149998035
13759,0.10135937339589107
13760,0.9039264508661696
13761,0.01815570533026134
13762,1.0855210530346147
13763,6.561272699634099
13764,0.19293849977677302
13765,0.7171152765387854
13766,1.2081564938254943
13767,-10.0
13768,0.9652487018427709
13769,1.2055139295746184
13770,0.22275767154784243
13771,0.1299407860841877
13772,2.7427202385757647
13773,0.0
13774,-0.343005596364245
13775,0.05444050671795109
13776,1.2797878350497085
13777,0.12310287807714915
13778,0.5526365228897043
13779,2.289809235260245
13780,-0.3372195417281796
13781,0.6627804482718206
13782,-10.0
13783,1.7546363191695182
13784,2.122945539794384
13785,0.08781330024211964
13786,0.24286184405940348
13787,4.5117109126847375
13788,-0.08691166535444261
13789,0.25369077304803944
13790,1.1760022120839562
13791,-0.16189400043519053
13792,0.5966658902869127
13793,1.9515150305869042
13794,-0.26070307485567623
13795,0.456505374199481
13796,1.9326023074287855
13797,-0.2902523925216365
13798,0.35031804550581025
13799,1.3589587638082223
13800,-10.0
13801,1.327708087024112
13802,1.7343648648361802
13803,-0.37773028562133504
13804,0.5909946160810401
13805,1.9952313635729813
13806,-0.2176484484735849
13807,0.5794430791073262
13808,0.8642957060615304
13809,-0.08691166535444261
13810,0.3018513842463585
13811,1.4605736540797556
13812,0.15136809022333864
13813,1.5158899795980336
13814,3.048638170874448
13815,-0.2876137945904501
13816,0.39876092123123585
13817,4.132277797083795
13818,-10.0
13819,1.10455349005617
13820,3.2336031832441616
13821,-0.3569460632591316
13822,0.20038785748306398
13823,0.9659856188316428
13824,-0.1305301710815473
13825,0.6090392689426418
13826,2.382927870025151
13827,-0.1358378388739634
13828,0.4016401602659063
13829,1.358342498053137
13830,-0.10615374950880385
13831,0.6195709393844666
13832,3.3189950144334466
13833,-0.24101202341637784
13834,0.37279283362964566
13835,2.8170226213810228
13836,-0.2875566529978749
13837,0.27073740530545043
13838,0.9903771396510315
13839,0.2088394064996778
13840,4.063569224448386
13841,5.247452747089928
13842,-0.2876137945904501
13843,0.4101594799348499
13844,2.5136504759826783
13845,-0.2902523925216365
13846,0.4341809723627409
13847,1.4731083748056955
13848,0.3901906940347867
13849,1.8105170283374625
13850,2.889133863361908
13851,-0.19507094025927663
13852,0.3468552871720849
13853,1.159914933374836
13854,-0.1191877100460913
13855,0.23714416408940697
13856,1.61712576375588
13857,0.053151156030451285
13858,0.21171154915804613
13859,2.748231810065346
13860,-0.43581599228365864
13861,0.4257661246765294
13862,1.3393862992827728
13863,-0.26070307485567623
13864,0.2678619858204291
13865,1.3189834111264185
13866,-0.3281325855807139
13867,0.40684050581096964
13868,1.609284947115637
13869,-0.20799659742620424
13870,0.17358247735743582
13871,2.569114059945772
13872,-10.0
13873,1.0717048543531265
13874,1.0685210575729824
13875,-0.3613339149998035
13876,0.8640408218942509
13877,3.555411221638874
13878,0.15136809022333864
13879,0.5905188344429999
13880,2.302983718730819
13881,-0.23162872281625646
13882,0.38930099353783476
13883,1.7876693141973206
13884,-0.1657400982377002
13885,0.8687672239024146
13886,2.655398234907819
13887,0.13558154529620003
13888,0.04243266447933158
13889,2.4377916919584264
13890,-0.1305301710815473
13891,0.27328241141344845
13892,2.0993427595983585
13893,-0.2660839942989509
13894,-10.0
13895,2.2733189125489734
13896,0.0
13897,-0.32635444102453004
13898,-0.02941431410266737
13899,1.1773127968540698
13900,0.029041619080667824
13901,0.5777179619563917
13902,-10.0
13903,0.11107843861570099
13904,-0.08932746940823533
13905,1.7769552124184567
13906,0.11222079646221339
13907,0.36842697566693094
13908,1.7225292169993704
13909,-0.32635444102453004
13910,0.08687908224189766
13911,1.0600690311497991
13912,-0.1274079626794764
13913,0.605448822799099
13914,1.8200646604411919
13915,-0.14063411999084885
13916,0.24959945921529114
13917,2.397454240705517
13918,-0.2876137945904501
13919,0.4425444381754754
13920,3.07052581793054
13921,-0.3281325855807139
13922,0.7313962392623297
13923,1.7066903037166294
13924,0.0021617393332461488
13925,1.597728105683228
13926,8.666867729000018
13927,-0.23162872281625646
13928,0.3563783263331458
13929,1.3956293706417529
13930,-0.1358378388739634
13931,0.6353686929836648
13932,1.95482760362041
13933,-0.19920386758137865
13934,0.27067289600951994
13935,1.8319703864060466
13936,-0.2876137945904501
13937,0.4373771630188191
13938,1.5141465601246031
13939,-0.09803803003042932
13940,1.1339264974011733
13941,2.276217304248009
13942,0.19293849977677302
13943,-10.0
13944,2.921088453609907
13945,-10.0
13946,1.4062568932237858
13947,1.854260881480477
13948,-0.2839877950601606
13949,0.042886332752495315
13950,1.3342118888705012
13951,-0.1191877100460913
13952,0.4475583057567283
13953,2.106174171293925
13954,-0.23162872281625646
13955,0.23935646742900374
13956,1.6195279103509486
13957,-0.01020389161134383
13958,0.3344731481524892
13959,1.762220959777561
13960,-0.10260744895723317
13961,0.9945206619104707
13962,1.5768463779802624
13963,-0.3613339149998035
13964,0.5159273085751895
13965,-10.0
13966,0.1477974330311812
13967,0.36150995232437433
13968,0.9814213507855007
13969,-0.1657400982377002
13970,1.1196381183434343
13971,2.199660744612913
13972,0.3901906940347867
13973,0.6568336209642598
13974,1.7444591506143792
13975,-0.14063411999084885
13976,0.22176290409808896
13977,1.5206748355556867
13978,0.02512959004087889
13979,0.8587241352033292
13980,3.8563901587692517
13981,0.02512959004087889
13982,0.8636188763773145
13983,2.7820224998790772
13984,-0.01020389161134383
13985,0.16056536229906793
13986,1.5930183086092242
13987,-0.21013034294983823
13988,0.08568743512506394
13989,2.0643646634324386
13990,-0.3569460632591316
13991,2.4522191355882277
13992,6.700735936399454
13993,-0.23162872281625646
13994,0.7584739041088874
13995,1.8442009136903406
13996,0.11222079646221339
13997,0.40827401496980276
13998,2.5919193808219596
13999,-0.2845928200976152
14000,0.2948336819675096
14001,3.83190514942998
14002,0.12310287807714915
14003,0.17315449785762582
14004,2.785738429015433
14005,-0.2902523925216365
14006,0.38898000300424573
14007,2.6964086677402417
14008,0.06974430682094213
14009,0.18391581304006754
14010,4.635430272677971
14011,-0.1657400982377002
14012,0.3632912902132027
14013,3.045923085275341
14014,-10.0
14015,1.3129495724094296
14016,2.8938851781199335
14017,-0.22771614835425835
14018,0.39756831310443075
14019,1.3590755930260536
14020,-0.25754840896603604
14021,0.31651006984348495
14022,1.3537155763572768
14023,-0.29133154022062646
14024,0.4052333792115721
14025,0.7701188279659792
14026,-10.0
14027,1.051441631962805
14028,1.0789927827040005
14029,-0.2845928200976152
14030,0.19182169639573632
14031,1.6034900603046185
14032,0.45511003488514634
14033,0.15488178332553804
14034,2.0542417094508925
14035,-0.21013034294983823
14036,-0.10975568618813236
14037,0.9471581546866427
14038,0.15136809022333864
14039,0.5121762305995752
14040,1.222077690721151
14041,-0.16189400043519053
14042,0.8835364917457115
14043,3.3560440399229226
14044,-0.1274079626794764
14045,0.6186370440732217
14046,2.3902551600898647
14047,0.2611982559270164
14048,0.1381699440164088
14049,1.364795793224612
14050,0.11107843861570099
14051,0.2674046654184685
14052,2.182799872361109
14053,-10.0
14054,1.1904084155221133
14055,3.167766181445433
14056,-0.01020389161134383
14057,0.3344731481524892
14058,1.2816636614464714
14059,-0.08691166535444261
14060,-10.0
14061,2.8131005498893806
14062,-0.25754840896603604
14063,0.07596090263134814
14064,1.5891451871665434
14065,-10.0
14066,0.944764825397788
14067,2.1495438803358735
14068,-0.14063411999084885
14069,-10.0
14070,-10.0
14071,-0.2845928200976152
14072,0.5530160805695575
14073,4.685836194750044
14074,-0.16189400043519053
14075,0.28193428013183597
14076,5.205692219139056
14077,0.2088394064996778
14078,0.0879864796671821
14079,1.8239679944833045
14080,0.043670680904227654
14081,0.232210114930971
14082,1.7714869022919018
14083,0.029041619080667824
14084,0.720158277535325
14085,-10.0
14086,-0.1638342690034288
14087,0.7170034775889808
14088,0.9174358402718534
14089,-0.23162872281625646
14090,0.006441001595747453
14091,1.7420923374838795
14092,-0.1274079626794764
14093,1.2516333118879985
14094,4.043907948792912
14095,0.02512959004087889
14096,0.5554144074527869
14097,3.848018058678461
14098,-0.1518370775355976
14099,0.35777901627880604
14100,1.739554683656437
14101,-0.24101202341637784
14102,1.4214414224475203
14103,3.573562536017206
14104,-0.29133154022062646
14105,0.559215527520267
14106,1.0607512319413683
14107,0.3901906940347867
14108,1.5224034505028854
14109,5.265673564816241
14110,-0.02472021587935458
14111,0.6671056532519389
14112,1.8543013739965681
14113,-0.1983985236179756
14114,0.8151615034406303
14115,6.7205063663781575
14116,0.029041619080667824
14117,-10.0
14118,3.542044073818069
14119,-0.22771614835425835
14120,0.32204586921765777
14121,1.8393181848954725
14122,0.11107843861570099
14123,0.23042104189713442
14124,2.015322647275877
14125,0.19123410101592075
14126,0.08067684003219533
14127,1.3756353134715926
14128,-0.060686764501322266
14129,0.16069291362719618
14130,1.3429160357301577
14131,-10.0
14132,1.3622969844119208
14133,1.3622969844119208
14134,1.0066668739979963
14135,0.6861633030420884
14136,2.3963024034853144
14137,0.2611982559270164
14138,-0.17300061082706875
14139,1.9735319905777373
14140,-10.0
14141,0.941709553325982
14142,1.3370615093625893
14143,0.20128868213789908
14144,-0.07255470993635904
14145,2.3884502455454024
14146,0.11107843861570099
14147,0.0633003182623677
14148,3.814597081167703
14149,-0.060686764501322266
14150,0.3612511060439998
14151,1.5271864478632657
14152,0.0021617393332461488
14153,0.6850794411904666
14154,1.9886527397588054
14155,-0.3569460632591316
14156,0.5701164246018637
14157,1.2913533178417589
14158,-0.10260744895723317
14159,0.723660577885525
14160,1.6378941062834411
14161,0.07840954477587292
14162,0.24887422872564224
14163,3.1209906745589384
14164,-0.21013034294983823
14165,0.18910873007083306
14166,2.532331355387565
14167,0.12310287807714915
14168,0.49491524313028523
14169,1.780954025402071
14170,-0.2839877950601606
14171,0.3359256582297301
14172,1.3342815293384742
14173,1.0066668739979963
14174,-0.39806787101367225
14175,5.638118358274619
14176,-0.3281325855807139
14177,0.27442410673098827
14178,1.4598595425774108
14179,-0.1305301710815473
14180,0.06871554742287866
14181,1.3428312493025762
14182,-10.0
14183,0.9678464734084049
14184,1.7449742681281777
14185,-0.30014042493439075
14186,0.47078627432706843
14187,0.8899201058138924
14188,-0.23162872281625646
14189,0.32426146552439505
14190,2.1298564931871065
14191,-0.1657400982377002
14192,0.4367364244878059
14193,1.7688572691942122
14194,0.029041619080667824
14195,0.6031639955320833
14196,2.8300676533414144
14197,0.19623039968498246
14198,0.2763647781129075
14199,1.0499722032206789
14200,-10.0
14201,1.1873131547768443
14202,1.213750502004361
14203,-0.2875566529978749
14204,0.9069906908808939
14205,2.3232290363392307
14206,-0.3372195417281796
14207,0.680302701694375
14208,3.099694232453173
14209,-0.060686764501322266
14210,0.17245872870125156
14211,3.0134467575586665
14212,-0.2176484484735849
14213,0.1863512716818433
14214,1.6969722606533644
14215,-0.3372195417281796
14216,0.29602431091496906
14217,1.1366587802442427
14218,-0.13697295846410817
14219,0.13829800957513116
14220,1.6692288328756124
14221,-0.25577032821782797
14222,0.011583062783473541
14223,1.3312579136204208
14224,-0.08219265564946632
14225,0.6886162958557641
14226,3.407958891787613
14227,-0.10260744895723317
14228,0.6454544406421476
14229,1.8022355466189177
14230,0.04113060069041807
14231,0.7602364275232432
14232,1.7639162574216813
14233,0.11107843861570099
14234,0.2717663443325129
14235,1.7150996162131469
14236,-0.24024559180627436
14237,0.416510069796033
14238,1.8118489892674565
14239,0.19623039968498246
14240,0.7422274498067343
14241,1.9399184761232842
14242,-0.1518370775355976
14243,0.7694402749746388
14244,1.7609898176779097
14245,-0.1518370775355976
14246,0.3994239846738231
14247,2.4549801472900645
14248,-0.37773028562133504
14249,0.6898622571448468
14250,1.5994642096873497
14251,0.0021617393332461488
14252,3.5046194259132166
14253,19.270058979209143
14254,-0.10615374950880385
14255,0.5783017607091305
14256,1.347807529814973
14257,-0.13697295846410817
14258,0.567227143352206
14259,1.3013156944691266
14260,-0.3001116420447235
14261,0.46975946414557934
14262,2.1594041128341495
14263,0.19293849977677302
14264,0.13521902711360556
14265,1.2699352150194023
14266,0.08781330024211964
14267,0.41123789238798825
14268,1.5966589018994695
14269,0.0032574545241556008
14270,-0.07428695772256366
14271,2.313139891070974
14272,0.19623039968498246
14273,0.026549593065246846
14274,2.1882073123503805
14275,-0.3381437542543366
14276,0.49357829659306784
14277,2.8209431774255047
14278,0.3500401235064009
14279,0.21371477428595265
14280,2.260359764830471
14281,0.020085789058602033
14282,1.4358366177887547
14283,4.097676650613045
14284,-0.3001116420447235
14285,0.2775978220011347
14286,2.01579788722121
14287,-0.10615374950880385
14288,0.2341527857921184
14289,1.4656774850725378
14290,0.04113060069041807
14291,0.18893398267523942
14292,1.9602196836711174
14293,-0.14063411999084885
14294,0.4017798748338267
14295,5.987838370120134
14296,-0.2176484484735849
14297,0.7058897357558442
14298,3.5378463285834356
14299,0.1477974330311812
14300,0.6648079038020931
14301,2.3530391084013313
14302,-0.32635444102453004
14303,0.3877734970608716
14304,1.5497627478882108
14305,0.04113060069041807
14306,0.37814447397142503
14307,1.5776372245404253
14308,-0.1274079626794764
14309,1.8749799474803477
14310,3.1502946408857104
14311,0.11107843861570099
14312,-0.06101595759556799
14313,1.8707572703454374
14314,-0.01020389161134383
14315,0.18613329757400576
14316,1.5989190711451347
14317,-0.21438931649027926
14318,0.32202579308301327
14319,2.6006485261493597
14320,-0.09803803003042932
14321,1.1223577976381334
14322,1.4665109888914492
14323,-0.19507094025927663
14324,0.277068389200416
14325,0.6224846023266111
14326,-0.14063411999084885
14327,-10.0
14328,2.444960864980544
14329,-0.10260744895723317
14330,0.3415744019961158
14331,1.6000360339699733
14332,0.11107843861570099
14333,1.116006789935463
14334,4.098857434198413
14335,0.3901906940347867
14336,0.7296323364634842
14337,1.7224312834523394
14338,-0.055280625897490165
14339,0.14181445600059805
14340,1.2647459453699323
14341,-0.1518370775355976
14342,0.3994239846738231
14343,2.853900870912452
14344,0.053151156030451285
14345,0.3628177537818291
14346,2.053705079304992
14347,0.11222079646221339
14348,0.6142949721499749
14349,2.0027729043465055
14350,-0.1305301710815473
14351,0.9917700509709364
14352,2.059462291547972
14353,-0.2155023475211456
14354,0.6157151547868515
14355,1.0371793903389386
14356,-0.09803803003042932
14357,1.5493472113245148
14358,2.8706054972700152
14359,-0.055280625897490165
14360,0.2946062058592116
14361,2.1718869228788957
14362,-0.10260744895723317
14363,0.9585363631833348
14364,4.065148474036381
14365,0.0
14366,0.043670680904227654
14367,1.0074843442950914
14368,2.769735154357404
14369,-0.3001116420447235
14370,0.18266006469367835
14371,1.8268257583661165
14372,0.029041619080667824
14373,0.24561424382555863
14374,1.5083259962092779
14375,-0.25577032821782797
14376,0.6353720034734025
14377,1.2873332441172674
14378,-0.25661711515750774
14379,0.4667551664679641
14380,2.2861727626829262
14381,-0.08219265564946632
14382,0.347276305777625
14383,0.7421107479847642
14384,-0.3381437542543366
14385,0.4819317024707367
14386,1.9637240357342465
14387,-0.1358378388739634
14388,0.19745670598634013
14389,1.6162176103227575
14390,-0.10615374950880385
14391,0.8625556715402205
14392,3.2528997928283188
14393,-0.2660839942989509
14394,1.0667565480371506
14395,4.241924918800423
14396,0.020085789058602033
14397,1.0565619088485632
14398,-10.0
14399,-0.09803803003042932
14400,0.5298758619627773
14401,2.3237499846027467
14402,-0.19920386758137865
14403,0.3478511764160519
14404,1.2525857454098077
14405,-0.02472021587935458
14406,0.03723924205906226
14407,1.2786710452489716
14408,-0.2839877950601606
14409,0.39138654415907115
14410,1.8185414880739375
14411,0.2088394064996778
14412,0.2561288487319646
14413,2.469158758978587
14414,0.043670680904227654
14415,0.1387221780013883
14416,4.5022763499752045
14417,-0.16189400043519053
14418,0.488171118630108
14419,2.5846688670656754
14420,-0.32635444102453004
14421,0.5685253864324719
14422,2.3163363226926057
14423,-10.0
14424,0.9701031005465647
14425,2.146468547405246
14426,0.20128868213789908
14427,0.2040484928492332
14428,1.4853851928756048
14429,-0.2845928200976152
14430,0.5564816739022723
14431,1.6054977624674147
14432,-0.13565193035796264
14433,1.0060189923170502
14434,1.9568781895585214
14435,-0.2876137945904501
14436,0.40678161168231364
14437,0.8228954672821326
14438,-0.43581599228365864
14439,0.005743159428291733
14440,2.319625061975712
14441,-0.1191877100460913
14442,0.06967344922580399
14443,1.2507733443406217
14444,0.19123410101592075
14445,-10.0
14446,4.4919999131335295
14447,0.2088394064996778
14448,1.7138999728435962
14449,1.6910014381870608
14450,0.0
14451,-0.1657400982377002
14452,0.5269419565947756
14453,-10.0
14454,-0.3613339149998035
14455,0.4730000607873318
14456,1.0141963871102457
14457,-0.20799659742620424
14458,0.5352557359456106
14459,1.7686563281459977
14460,0.19293849977677302
14461,0.8031702106909144
14462,2.3265133749070337
14463,-0.1657400982377002
14464,0.41317860655823535
14465,1.8364893469399575
14466,-0.1518370775355976
14467,0.9437778186154394
14468,6.135038316650924
14469,-0.2845928200976152
14470,0.137776383786128
14471,1.2913488648954257
14472,-10.0
14473,1.2364947788953122
14474,1.4865866097785057
14475,-10.0
14476,0.9552337335521975
14477,3.033665072995454
14478,-0.343005596364245
14479,0.3850457864139233
14480,1.6057859533948433
14481,0.01815570533026134
14482,0.6486729712309045
14483,4.300460451389309
14484,-0.24024559180627436
14485,2.368054262331803
14486,3.9143325762083183
14487,0.2088394064996778
14488,0.339866271623134
14489,3.371999339605612
14490,0.020085789058602033
14491,-10.0
14492,4.812027009815173
14493,-0.2660839942989509
14494,0.4375729244955462
14495,2.0833169974548884
14496,0.053151156030451285
14497,0.42178933274916264
14498,2.7350495880154626
14499,-0.43581599228365864
14500,0.3311999140290798
14501,0.9716619300708845
14502,-0.32635444102453004
14503,0.30255480020726355
14504,1.0382224210930153
14505,-0.1274079626794764
14506,0.24432703708797188
14507,1.1167157590358843
14508,0.01815570533026134
14509,0.5694468484002737
14510,1.7886151926343978
14511,0.2183531181327364
14512,0.14869584168655403
14513,2.701663762669689
14514,0.19123410101592075
14515,0.36872056553749477
14516,-10.0
14517,-10.0
14518,3.1053846611484395
14519,2.328967770623888
14520,0.029041619080667824
14521,0.23967921008582493
14522,1.606717395770829
14523,-0.10615374950880385
14524,0.31387773108051475
14525,1.4084999906230469
14526,-10.0
14527,3.8880765683423166
14528,2.05307874082721
14529,0.2611982559270164
14530,0.08932051234985061
14531,1.201301251732685
14532,0.11222079646221339
14533,1.2400252065517525
14534,7.037076589030436
14535,-0.343005596364245
14536,0.5955639555192392
14537,1.1073075775645533
14538,-0.2875566529978749
14539,0.6164471307680158
14540,2.567084621754096
14541,-10.0
14542,3.1053846611484395
14543,6.1611292404792355
14544,-0.1983985236179756
14545,0.8151615034406303
14546,2.9959890441669095
14547,-0.19920386758137865
14548,0.2805166159359467
14549,0.842033045544481
14550,-0.055280625897490165
14551,0.5689288073185501
14552,2.8725240799632714
14553,0.011277666057257218
14554,0.6699935862952882
14555,1.8271834017975683
14556,0.08781330024211964
14557,0.4649224400578471
14558,2.078114577897391
14559,-0.19920386758137865
14560,0.5817522018741854
14561,1.3906371740142072
14562,-0.25754840896603604
14563,0.5918456959216684
14564,1.3417967878751675
14565,0.04113060069041807
14566,0.061533529058525716
14567,3.596351817040236
14568,-0.13565193035796264
14569,0.2826160480921698
14570,-10.0
14571,-0.30014042493439075
14572,0.5692005895886206
14573,2.1665642391850994
14574,-0.13697295846410817
14575,0.431183642600935
14576,1.3029281188998159
14577,0.0021617393332461488
14578,0.5483860695464351
14579,2.1854938126538617
14580,0.053151156030451285
14581,-0.0491624898221239
14582,2.2920435818293905
14583,-0.13697295846410817
14584,-0.08206492541890986
14585,1.0061674222275143
14586,-0.3372195417281796
14587,2.5770867289079984
14588,6.217256830519718
14589,-0.1983985236179756
14590,1.2318390095328988
14591,10.487064741751105
14592,-0.3569460632591316
14593,1.6581606804936957
14594,3.1256687023317684
14595,-0.14063411999084885
14596,0.15375598383142652
14597,1.6912189438905068
14598,-0.32635444102453004
14599,0.3960226893799964
14600,1.2643218434773038
14601,0.07840954477587292
14602,0.22598574482140776
14603,1.6840217719257453
14604,-0.08691166535444261
14605,-0.003587354125506814
14606,1.78159283921428
14607,-0.25661711515750774
14608,0.6877241169700727
14609,2.096448671999326
14610,-0.343005596364245
14611,0.30803966526105253
14612,2.4154393235844243
14613,-0.08219265564946632
14614,0.25688815189922043
14615,0.9408009921143923
14616,-0.2155023475211456
14617,0.5958721139541313
14618,1.9868776073765018
14619,-0.01020389161134383
14620,0.16056536229906793
14621,1.1481894567681572
14622,-0.13697295846410817
14623,0.6144714242076079
14624,1.780530411711468
14625,0.11107843861570099
14626,-0.04565055918613736
14627,1.5482433330531544
14628,0.19623039968498246
14629,0.3334856786805871
14630,2.9982673613789625
14631,-0.1518370775355976
14632,0.32865155041896943
14633,2.5608093443110276
14634,0.08781330024211964
14635,1.0234558553114577
14636,3.0791657569006885
14637,-0.2660839942989509
14638,0.5358045537357079
14639,3.362121949889998
14640,0.1477974330311812
14641,0.22794249179924186
14642,5.124410667486625
14643,0.2088394064996778
14644,0.19596462557195204
14645,2.3357433962746055
14646,-0.25754840896603604
14647,0.5592625511520813
14648,-10.0
14649,0.01815570533026134
14650,0.4131460312208881
14651,3.1664485429125033
14652,-0.29133154022062646
14653,0.5672435672013614
14654,9.477309173040664
14655,-0.01020389161134383
14656,0.5452112671403313
14657,1.5512035141479854
14658,-0.2876137945904501
14659,0.3620238536251731
14660,2.1559311224120794
14661,-0.33828735465081083
14662,0.7077765289316253
14663,2.7146806477685406
14664,-0.3381437542543366
14665,0.9512556418133248
14666,5.4045657703715655
14667,0.0021617393332461488
14668,0.08499525940192343
14669,2.41086268840106
14670,-0.20799659742620424
14671,0.35979657570075785
14672,1.3480912481891592
14673,-0.22771614835425835
14674,0.41068498454060665
14675,2.4624008030878954
14676,-0.055280625897490165
14677,1.115770456298829
14678,4.1465844171645045
14679,-0.22771614835425835
14680,0.49896932080692036
14681,3.1184331734379316
14682,-0.24024559180627436
14683,0.9149713179682616
14684,2.0847891515914188
14685,-0.10615374950880385
14686,0.4074868969897749
14687,2.0477036081847073
14688,0.20128868213789908
14689,0.9033115200516539
14690,2.2105036745077156
14691,0.0032574545241556008
14692,0.32770608997790185
14693,3.191369851621258
14694,0.011277666057257218
14695,0.12555228348346237
14696,2.326627517290593
14697,-0.29133154022062646
14698,0.33903100287562293
14699,2.1961669991939834
14700,-0.19507094025927663
14701,0.30559835918276956
14702,1.3262870157862034
14703,0.19293849977677302
14704,0.03182314264623698
14705,2.850520782452453
14706,0.11222079646221339
14707,0.7503427296483429
14708,1.8737980695091647
14709,0.13558154529620003
14710,0.0276032280557581
14711,2.5508399423042243
14712,0.2088394064996778
14713,1.6615886552664734
14714,2.419876423748093
14715,-10.0
14716,-10.0
14717,2.9213092861243375
14718,-0.29133154022062646
14719,0.6079161289746464
14720,-10.0
14721,-0.19920386758137865
14722,0.41883305704288154
14723,1.4553211201162595
14724,-0.33828735465081083
14725,0.4584421816802635
14726,0.9699178044010797
14727,0.3901906940347867
14728,0.43338935822563074
14729,3.557205956982507
14730,-0.1983985236179756
14731,0.2422602093280608
14732,2.135710189876566
14733,0.011277666057257218
14734,0.5469119853337272
14735,3.8438451554574615
14736,0.011277666057257218
14737,0.2624640188279965
14738,2.8036608451374674
14739,-0.21013034294983823
14740,0.2944977598615689
14741,7.166290166942451
14742,-10.0
14743,1.596656576804107
14744,1.2336981980970032
14745,-0.1358378388739634
14746,0.26596742983018484
14747,1.118643523635877
14748,0.053151156030451285
14749,0.255519255823895
14750,1.9701798987436285
14751,-0.37773028562133504
14752,0.37485983187880445
14753,2.120296198401764
14754,-0.18109782784784845
14755,0.07986893463561406
14756,1.746820810916348
14757,-0.10615374950880385
14758,0.1884242614327487
14759,1.3581247275091082
14760,0.01815570533026134
14761,0.34766222959054605
14762,1.9720347793169817
14763,-10.0
14764,2.290587432721662
14765,1.9031008411246102
14766,0.20128868213789908
14767,0.16308953010738114
14768,2.852107112988706
14769,-0.1191877100460913
14770,0.9187662629077429
14771,2.8931733325281823
14772,-0.3381437542543366
14773,0.3983649229613492
14774,1.0669065752296962
14775,-0.1983985236179756
14776,2.1888046550259657
14777,5.280163922739357
14778,-0.1657400982377002
14779,1.356617751311679
14780,3.2097597889585447
14781,0.22275767154784243
14782,-0.10939210397487553
14783,1.7832104017988701
14784,-0.33828735465081083
14785,0.08720155004063435
14786,1.7597830609065692
14787,0.15136809022333864
14788,0.22151174857120637
14789,1.7345189045184304
14790,-0.22771614835425835
14791,0.5881582927443081
14792,1.7560746509241634
14793,0.19123410101592075
14794,0.7984599547474553
14795,1.59231590618971
14796,-0.14063411999084885
14797,0.5147604161462646
14798,2.6326942810550813
14799,-0.2924476823568408
14800,0.02217045680221763
14801,1.1391872385873008
14802,0.043670680904227654
14803,0.8973067658445728
14804,1.8795352320769616
14805,0.13558154529620003
14806,-0.04579422908783637
14807,1.7996025978445536
14808,-0.19507094025927663
14809,0.4227409962317683
14810,1.3398948610674977
14811,0.19123410101592075
14812,0.17831327692351784
14813,1.5493065285387992
14814,-0.2155023475211456
14815,0.40097090723821827
14816,1.0208853043669832
14817,0.12310287807714915
14818,0.18609962802135294
14819,1.6291503770416929
14820,0.011277666057257218
14821,0.25175726198153603
14822,1.653458978290106
14823,-0.3372195417281796
14824,0.744986963570146
14825,1.9944378465354462
14826,-10.0
14827,0.9826138187192935
14828,0.9354563484219274
14829,-0.37773028562133504
14830,0.5859252011978894
14831,1.0867159646292661
14832,-0.055280625897490165
14833,0.3087282892704495
14834,2.4556800520564988
14835,-0.16189400043519053
14836,1.1378908416932285
14837,4.168638021483234
14838,-0.22771614835425835
14839,0.11558248235750535
14840,1.4388260415285479
14841,0.04113060069041807
14842,0.6866473989362121
14843,1.7394690758273776
14844,0.22275767154784243
14845,0.11704307714807505
14846,2.4657989957177655
14847,0.1477974330311812
14848,-10.0
14849,2.7145704479620028
14850,-10.0
14851,1.2380761212202318
14852,1.4342790099942255
14853,-0.2155023475211456
14854,0.5623946617896732
14855,2.277793550056497
14856,0.01815570533026134
14857,0.4164139196389842
14858,2.759063628178657
14859,-0.2660839942989509
14860,0.13605209154164688
14861,1.0756291340232766
14862,-0.32635444102453004
14863,0.630178607017306
14864,1.5821129607057667
14865,0.0
14866,-0.10260744895723317
14867,0.46253683235419385
14868,1.198845802032899
14869,-0.3281325855807139
14870,0.22619067741478383
14871,1.7252352110686113
14872,0.2611982559270164
14873,0.12265600515959951
14874,1.1540050858768431
14875,-0.2660839942989509
14876,0.2857892603037133
14877,1.5487879998736225
14878,-0.13697295846410817
14879,0.6956915095402978
14880,1.6653497767221486
14881,-0.2845928200976152
14882,0.3812580427969411
14883,1.4295129224633853
14884,-0.2902523925216365
14885,2.7900706826913617
14886,5.199736898610428
14887,-0.3281325855807139
14888,0.6952622811304061
14889,3.1336195349290534
14890,-0.29133154022062646
14891,0.8748016849778866
14892,2.8077355926016194
14893,-0.2875566529978749
14894,0.03583744089442231
14895,1.8055242858083118
14896,-0.08691166535444261
14897,0.3760986488901795
14898,1.2984100879260962
14899,0.2611982559270164
14900,0.06549302215460862
14901,1.7043866617592365
14902,0.3901906940347867
14903,2.22076253503232
14904,3.66737950485441
14905,-0.2660839942989509
14906,0.6020642464257882
14907,1.3433935350127066
14908,-0.1274079626794764
14909,0.7212854015981135
14910,0.9368828225204209
14911,0.043670680904227654
14912,0.3651893437549403
14913,2.1740505709599605
14914,-0.3372195417281796
14915,0.28718330137521153
14916,1.5691668573061486
14917,-0.2660839942989509
14918,0.49387480823127494
14919,3.3446676971379428
14920,0.11222079646221339
14921,0.495800624468526
14922,-10.0
14923,-0.16189400043519053
14924,0.822637739938883
14925,4.7378989772992375
14926,0.2611982559270164
14927,0.2518505858432598
14928,0.8907934478787858
14929,0.13558154529620003
14930,0.23385946676398484
14931,1.1366836039531645
14932,-0.1305301710815473
14933,0.3741209981993181
14934,1.8181083720206945
14935,0.029041619080667824
14936,0.5777179619563917
14937,-10.0
14938,0.19293849977677302
14939,0.4727801416796087
14940,0.925916045971233
14941,0.22275767154784243
14942,0.012027743980971728
14943,1.687999051869819
14944,-0.060686764501322266
14945,0.4896444818989856
14946,2.542841025496955
14947,-0.1305301710815473
14948,0.22576717139311375
14949,1.6009225593377552
14950,-0.2875566529978749
14951,0.18454187758297713
14952,1.0616564682382408
14953,-0.1638342690034288
14954,0.3428792382756901
14955,1.4649972729226812
14956,0.11107843861570099
14957,0.0633003182623677
14958,1.7491050612886538
14959,-10.0
14960,1.6198529003588158
14961,1.0738488547039748
14962,-0.343005596364245
14963,1.9443304424896346
14964,2.2335136834495772
14965,0.0032574545241556008
14966,-0.1092189013125966
14967,2.16487806221667
14968,0.020085789058602033
14969,0.21955011136236924
14970,1.54215281768311
14971,-0.2875566529978749
14972,0.3404374223357879
14973,1.060077156681369
14974,-0.25754840896603604
14975,0.23730307586477895
14976,2.4210557298301545
14977,-0.24101202341637784
14978,0.582471484777573
14979,2.0692364386982725
14980,0.04113060069041807
14981,-0.028740158841065178
14982,1.2840830480699552
14983,-0.1518370775355976
14984,0.3826684958540466
14985,2.3611743097508175
14986,0.12310287807714915
14987,0.4920217262723454
14988,1.6264690677644154
14989,-0.18109782784784845
14990,0.3554395214989178
14991,1.8456380096799176
14992,0.13558154529620003
14993,0.5184182156661559
14994,1.9142739165229552
14995,-0.2839877950601606
14996,1.081033165176638
14997,4.025666177275548
14998,0.02512959004087889
14999,0.42702311035949747
