,reward
0,0.0
1,0.375309163461938
2,1.6842702833886645
3,0.0
4,0.7295297308275842
5,-10.0
6,0.0
7,0.05558115248864459
8,2.2750686689705395
9,0.0
10,1.412164849494299
11,2.797161173957246
12,0.0
13,-0.21106649435092062
14,1.5966924297662932
15,0.0
16,0.5604573152375253
17,2.1270023166258594
18,0.0
19,0.4626900456122206
20,1.8789104875622467
21,0.0
22,0.2936502816220322
23,6.773400252375689
24,0.0
25,-0.0712245404108034
26,1.4031924061558247
27,0.0
28,-10.0
29,4.848996031235286
30,0.0
31,0.6214677879800271
32,1.9912844128198939
33,0.0
34,0.48847546257534635
35,2.9938538405126343
36,0.0
37,0.23807613122023163
38,-10.0
39,0.0
40,1.4682614547383954
41,2.4994741133145277
42,0.0
43,0.02354294341195684
44,3.441883101530883
45,0.0
46,0.020358701057243356
47,1.4931585592176067
48,0.0
49,0.005778170249529979
50,1.6347656852048256
51,0.0
52,0.6008537602601168
53,1.153221391946344
54,0.0
55,0.5187471146092927
56,1.7270209477642562
57,0.0
58,0.06586111672676342
59,3.742935134562904
60,0.0
61,0.35835058938386444
62,3.1966221131047305
63,0.0
64,0.1286332912858147
65,2.179548365981627
66,0.0
67,0.20326994495132322
68,6.48173848105117
69,0.0
70,0.4943016438812967
71,1.8997364137109052
72,0.0
73,0.8818248730002795
74,0.8179368586058302
75,0.0
76,0.13078745795363467
77,2.270749679721165
78,0.0
79,0.13564994963073496
80,1.4562718798484258
81,0.0
82,0.019022606925661933
83,1.586669380883821
84,0.0
85,0.5000431422757708
86,1.9656737319340951
87,0.0
88,1.5722803995753893
89,2.186119993482298
90,0.0
91,0.47873073327669113
92,1.8468003790255896
93,0.0
94,-0.007836748798015436
95,1.886647191080792
96,0.0
97,2.8010227739451867
98,0.15525190195743566
99,0.0
100,0.6425999743004346
101,-10.0
102,0.0
103,0.01451413581366301
104,3.9725981026812063
105,0.0
106,0.39080731206342534
107,3.9754109004962572
108,0.0
109,1.6681076089183966
110,3.175463183075427
111,0.0
112,0.05646560920553678
113,1.0270891436339291
114,0.0
115,0.14641396072129875
116,1.658424678594706
117,0.0
118,0.15877150960033937
119,3.3144858687047143
120,0.0
121,-0.1209861097669831
122,1.7391051884869562
123,0.0
124,-0.03456490492396014
125,2.501480414949782
126,0.0
127,0.3612242916801315
128,-10.0
129,0.0
130,-0.20858583433221112
131,1.9154383508211357
132,0.0
133,0.041773755708458205
134,1.7878057149161986
135,0.0
136,0.6918803985190275
137,0.6623269055967023
138,0.0
139,-0.0028653219597973845
140,2.095884027278357
141,0.0
142,0.1368443535663587
143,1.6342870389861102
144,0.0
145,0.412590722921811
146,1.8346016457957581
147,0.0
148,-0.010921328037789557
149,2.467618942484643
150,0.0
151,0.29991323314385954
152,3.6266482675309026
153,0.0
154,0.739506751485682
155,1.9500749075332209
156,0.0
157,0.1189175548898539
158,3.066801160270905
159,0.0
160,-0.18759043149309296
161,2.788119663475303
162,0.0
163,-0.2037158654262281
164,1.5897114032593491
165,0.0
166,0.5453790676843374
167,2.1907666501728937
168,0.0
169,0.8358715251942931
170,1.0167809756564348
171,0.0
172,0.11317306516527237
173,2.9697199679769346
174,0.0
175,1.0859539225674713
176,3.94742579950958
177,0.0
178,0.7707762279785594
179,3.907257327693746
180,0.0
181,0.06550576858999257
182,1.9993434774349879
183,0.0
184,0.09982164589682097
185,1.0998216358968211
186,0.0
187,0.09961092639160996
188,1.3653192224228776
189,0.0
190,-0.10178963056185053
191,1.3114055439028312
192,0.0
193,0.07446963116683591
194,1.3380733594013574
195,0.0
196,0.5727244355070001
197,-10.0
198,0.0
199,-0.025404532454060047
200,1.6081473983499475
201,0.0
202,0.340304095331594
203,2.689272520876239
204,0.0
205,-0.24782637029585985
206,1.4967552001558375
207,0.0
208,0.08940159807596826
209,0.8626704566401248
210,0.0
211,0.3374109015611443
212,1.7588696667651582
213,0.0
214,0.733543972588386
215,3.2995548169209528
216,0.0
217,0.590898841736503
218,5.52479794434998
219,0.0
220,0.04130624831651308
221,2.3437360987703437
222,0.0
223,0.57773149573621
224,2.6150360155887675
225,0.0
226,0.928356497909283
227,3.4095713582051586
228,0.0
229,0.03360581119265793
230,2.7619937590431753
231,0.0
232,-0.00925989227304691
233,1.7571780951356613
234,0.0
235,0.2689332175747331
236,1.2016168621174796
237,0.0
238,0.19240717590695866
239,1.547001576768762
240,0.0
241,0.3440593893526508
242,1.6012414456777564
243,0.0
244,0.2702791646771944
245,2.1938579913505585
246,0.0
247,1.2032618315860573
248,2.13121616373877
249,0.0
250,0.06958090638479841
251,2.288031371637687
252,0.0
253,0.8435436761114793
254,1.8346118424672742
255,0.0
256,0.8013367678806068
257,4.285123194271178
258,0.0
259,0.0017694602032117812
260,3.0230319226522333
261,0.0
262,0.3205469795134227
263,0.9173373453853308
264,0.0
265,0.2836724117523376
266,1.6615004019095059
267,0.0
268,-10.0
269,2.2590828045816806
270,0.0
271,0.4955605037195684
272,14.223118797336035
273,0.0
274,0.017003685135679958
275,1.4083662194681887
276,0.0
277,0.49768502075737675
278,1.9824950183954422
279,0.0
280,1.1913833855568363
281,3.3103005837759967
282,0.0
283,0.24912310376805957
284,2.019989708304735
285,0.0
286,0.46933045530672113
287,3.3532037320516235
288,0.0
289,1.6322570794169016
290,4.19569669329713
291,0.0
292,0.6862964841604627
293,5.620087759499141
294,0.0
295,0.09338907380509187
296,1.6355974505748945
297,0.0
298,0.30068810737184426
299,3.252894488613456
300,0.0
301,0.678356983773346
302,1.0816408870651273
303,0.0
304,1.6541242905718843
305,2.199137348151238
306,0.0
307,0.10269229284725145
308,2.3194323754430917
309,0.0
310,1.0627065895261207
311,2.884509371386511
312,0.0
313,0.2310359650484456
314,1.3456207055400429
315,0.0
316,0.17446898819874967
317,2.6334632213605857
318,0.0
319,0.31260520526003155
320,1.2802209804930054
321,0.0
322,-10.0
323,3.2831701751302997
324,0.0
325,0.31769738315861795
326,1.5032273342309999
327,0.0
328,0.24649837530426877
329,1.6686382140785252
330,0.0
331,0.5777153100769025
332,1.4923986625476406
333,0.0
334,-0.034751288157229276
335,1.889610271846371
336,0.0
337,0.04110084241540346
338,1.140060568829342
339,0.0
340,0.0
341,0.8963333787473621
342,5.878135938342442
343,0.0
344,0.3538277387279637
345,1.6649310313301489
346,0.0
347,0.6717640226422746
348,1.9009330399802657
349,0.0
350,1.461464197094565
351,2.0557191857851973
352,0.0
353,0.4280621387514586
354,1.8335419127172492
355,0.0
356,0.3574287374771449
357,2.420889474946407
358,0.0
359,1.1688329893960758
360,1.9153496536935486
361,0.0
362,-0.237006912200994
363,1.0954330591015267
364,0.0
365,0.41191887483015177
366,2.7795789152473165
367,0.0
368,0.2802433912021757
369,1.7167294572945384
370,0.0
371,0.21853715854835054
372,1.5631029100800247
373,0.0
374,0.2734161945468193
375,7.246304761274407
376,0.0
377,-0.19395812756996145
378,1.484335287620695
379,0.0
380,-0.10354640094053047
381,4.1325774980730845
382,0.0
383,-0.0023677986989660837
384,1.6150016747159104
385,0.0
386,0.0
387,0.7761430478808763
388,1.517759761349362
389,0.0
390,-0.03466231344840098
391,1.2762937058462362
392,0.0
393,0.7531548757450476
394,2.746608183352415
395,0.0
396,0.6771130775240978
397,2.143425943774446
398,0.0
399,0.8334469707085711
400,1.6181064553357056
401,0.0
402,1.1058073119957106
403,5.69719687535089
404,0.0
405,0.037886813303520284
406,1.548862535756574
407,0.0
408,0.5931441361239563
409,2.4407173508271987
410,0.0
411,-0.054121125701553696
412,1.5886348222043858
413,0.0
414,0.08559790217455043
415,1.598577410706452
416,0.0
417,-0.09379706118255782
418,2.355385607088631
419,0.0
420,0.2196026276430666
421,1.595115624738244
422,0.0
423,0.4617435187314275
424,-10.0
425,0.0
426,0.14788119965508695
427,1.587923974394419
428,0.0
429,0.14785002371610745
430,2.181786867055949
431,0.0
432,-0.21190015012206587
433,1.1404890573111888
434,0.0
435,0.978890994234845
436,3.486512469262795
437,0.0
438,0.6517239477509632
439,1.8651136032340205
440,0.0
441,0.17532101165992964
442,0.656897283206677
443,0.0
444,0.7609908316071125
445,1.2756534816771739
446,0.0
447,0.12030145956380978
448,2.052161888674097
449,0.0
450,0.36465420121023284
451,2.1553598073363984
452,0.0
453,-0.1347925830534238
454,1.9660869396065936
455,0.0
456,0.603640673448053
457,2.053842367742338
458,0.0
459,0.44064397585880755
460,2.2854637262223054
461,0.0
462,0.8099461921378389
463,2.2658386930532575
464,0.0
465,-0.17739030823882362
466,1.66588405105641
467,0.0
468,0.390637184014207
469,1.6283839436426373
470,0.0
471,0.4316403912489165
472,5.129705807173421
473,0.0
474,0.596271584024559
475,3.400866995507321
476,0.0
477,0.0
478,0.5150829410668231
479,8.591764426977061
480,0.0
481,0.09442119113854408
482,-10.0
483,0.0
484,-0.08785167383677783
485,5.497773571505669
486,0.0
487,0.46816829456531595
488,1.3171585849311556
489,0.0
490,0.05639566083473724
491,1.7716845279993128
492,0.0
493,0.1876987034688843
494,12.539549443026882
495,0.0
496,0.7737873964014891
497,2.7368518732933964
498,0.0
499,0.5906139408105978
500,2.0315200769823507
501,0.0
502,0.5504993537806858
503,1.7639635385068864
504,0.0
505,2.13878246238962
506,2.112905739201634
507,0.0
508,0.176002222083956
509,2.556981106283745
510,0.0
511,-10.0
512,3.2695701041350302
513,0.0
514,0.4469306021555203
515,2.139381549767459
516,0.0
517,1.756386045682897
518,3.1540449600525866
519,0.0
520,0.11223963966852624
521,2.2284699465903737
522,0.0
523,0.1508183618873301
524,2.084426366591246
525,0.0
526,-0.07503340436391703
527,1.1248703435623832
528,0.0
529,0.028599225676407047
530,2.0690680010769205
531,0.0
532,0.40216974024887475
533,-10.0
534,0.0
535,0.5656638588478778
536,1.262702032116073
537,0.0
538,0.2529023850271265
539,1.673757322175189
540,0.0
541,-0.2037158654262281
542,1.6824451279801313
543,0.0
544,0.19611238058729874
545,2.4152689363603255
546,0.0
547,-0.2258623429650254
548,2.2719345295227162
549,0.0
550,0.5374883587666409
551,2.147426995698951
552,0.0
553,0.522157824344989
554,4.12993897813063
555,0.0
556,-10.0
557,2.8441074966247175
558,0.0
559,0.46024533196028317
560,1.251846234579485
561,0.0
562,0.32375583254180806
563,2.860412245516409
564,0.0
565,1.1330394100905479
566,3.7306181496544912
567,0.0
568,0.10281470881316912
569,1.345383760681218
570,0.0
571,0.0055800260820494385
572,2.3914751800599485
573,0.0
574,0.0
575,0.0
576,0.866791964610628
577,-10.0
578,0.0
579,0.8635344046766885
580,1.8903658597644593
581,0.0
582,0.2364442548485094
583,1.619539430426059
584,0.0
585,-0.010921328037789557
586,1.7149798668210199
587,0.0
588,0.6043733605558083
589,4.81880015847882
590,0.0
591,0.650330595219326
592,1.4444727161579054
593,0.0
594,0.3673086810609977
595,1.0200319524588286
596,0.0
597,0.41871726743104654
598,2.0358525001008583
599,0.0
600,0.19540466871092887
601,1.1085750221060546
602,0.0
603,0.0
604,0.0
605,0.5864877984423132
606,2.2015621913601997
607,0.0
608,0.00581635881474496
609,2.403902704888835
610,0.0
611,0.2952423982616682
612,1.1470282188825776
613,0.0
614,0.15406961713760337
615,1.7613894330701552
616,0.0
617,0.20170169672822602
618,1.8665709594354984
619,0.0
620,0.3114123338974425
621,3.3256903068466586
622,0.0
623,0.5866499594905218
624,1.1386461881585224
625,0.0
626,0.4877922780750982
627,1.6325708290918848
628,0.0
629,0.0024941173166591613
630,1.0967100025078973
631,0.0
632,0.0
633,0.1258659102779539
634,1.545360984998747
635,0.0
636,0.8562249844693041
637,2.61708139902756
638,0.0
639,0.11424999053249996
640,1.572337076464373
641,0.0
642,0.07032032619326734
643,1.0567473422883222
644,0.0
645,0.9004368414891771
646,2.293399956181946
647,0.0
648,0.22275767154784243
649,1.57101448741637
650,0.0
651,0.09481997735861836
652,3.048299242499085
653,0.0
654,0.5822385986668114
655,0.9738674286167517
656,0.0
657,0.1632298496336545
658,1.8617406444898117
659,0.0
660,-10.0
661,4.156762498317454
662,0.0
663,0.07479516502089101
664,1.2667880357892016
665,0.0
666,0.21299564040334074
667,1.4432091654193766
668,0.0
669,0.10872392042111845
670,1.1429012676042645
671,0.0
672,0.8152292262083728
673,1.5551761493827356
674,0.0
675,1.005165869825638
676,2.9265469132450774
677,0.0
678,0.21523149236267536
679,5.342120758766091
680,0.0
681,0.25265613945998766
682,1.7762407711593164
683,0.0
684,0.06103776664110827
685,2.205662883562778
686,0.0
687,0.0
688,-10.0
689,3.4660757509870046
690,0.0
691,0.7286980933261001
692,1.722310985568479
693,0.0
694,-0.07612260064572163
695,0.876383605317533
696,0.0
697,-0.08695503277621619
698,2.1866779948997612
699,0.0
700,0.1806006937284511
701,1.4705594413324292
702,0.0
703,-10.0
704,2.5479435193242965
705,0.0
706,-0.24691401536741786
707,0.9853005345807974
708,0.0
709,0.29776517900938704
710,1.517245251544789
711,0.0
712,0.3695736130890298
713,1.6094001082049534
714,0.0
715,0.07551521001616812
716,1.7463148545615084
717,0.0
718,-0.15040738368473183
719,1.6980630963528163
720,0.0
721,-10.0
722,-10.0
723,0.0
724,-0.1878343433545857
725,1.4699968956134017
726,0.0
727,0.0
728,-0.23045370712608926
729,1.1928770937262185
730,0.0
731,0.05646560920553678
732,1.4694444313726231
733,0.0
734,0.39979297572075423
735,2.347861727984551
736,0.0
737,0.0976265299579323
738,0.8220313858449826
739,0.0
740,0.1856017713085304
741,3.156143955128428
742,0.0
743,1.7358555673042346
744,4.476260600456692
745,0.0
746,0.24376449611680517
747,2.7249265310174953
748,0.0
749,0.36962274011776197
750,1.9208223092002557
751,0.0
752,0.2228774062010469
753,2.103494328651114
754,0.0
755,-0.006761730869375926
756,2.277657186459755
757,0.0
758,0.32770809702411186
759,3.000722428092791
760,0.0
761,0.8099461921378389
762,1.9716469524698192
763,0.0
764,2.0996187347823794
765,1.5543181820541423
766,0.0
767,0.6224238075251253
768,2.5339430708275414
769,0.0
770,0.4955605037195684
771,3.6929214361439167
772,0.0
773,0.08777767897097621
774,1.6915108894605115
775,0.0
776,0.14785621117235104
777,1.6241460029362587
778,0.0
779,-0.0207191260422962
780,1.3273373030854374
781,0.0
782,0.15388024436370562
783,2.4855496831292463
784,0.0
785,0.13621061655467648
786,2.622643224904044
787,0.0
788,0.07895890899247016
789,1.0342789080471644
790,0.0
791,0.7700976098043874
792,1.358434901628694
793,0.0
794,0.4584735328846413
795,1.7231218196345506
796,0.0
797,0.47652322381870305
798,1.194010761705632
799,0.0
800,-0.2584114212414501
801,1.1707567030897787
802,0.0
803,-0.0664008586659105
804,1.6305900396277746
805,0.0
806,0.33789912995652294
807,5.083108600238623
808,0.0
809,0.29980306265405676
810,1.5787367439403621
811,0.0
812,0.23565290984878862
813,-10.0
814,0.0
815,1.4441630918997155
816,3.026724204912701
817,0.0
818,0.14254592752898854
819,2.744970338523932
820,0.0
821,1.3989978333550415
822,3.624609802517056
823,0.0
824,1.2647782973479877
825,2.797623331917705
826,0.0
827,0.4704345732310712
828,4.220363436590768
829,0.0
830,0.3413954144362822
831,4.278999098241661
832,0.0
833,0.0014758448316419814
834,1.417032321183284
835,0.0
836,0.3421473378515193
837,2.7194118637213838
838,0.0
839,0.6827097109375323
840,1.6593361209015691
841,0.0
842,0.5240918909795597
843,3.662367653946068
844,0.0
845,0.7242716911034061
846,2.3867713379160143
847,0.0
848,0.3297135313507499
849,0.9585768707923286
850,0.0
851,-10.0
852,2.2577982959663325
853,0.0
854,0.3096091192147331
855,1.232575866232625
856,0.0
857,1.8741036256527486
858,2.469596160460835
859,0.0
860,0.32122672684168163
861,3.1997661264568498
862,0.0
863,0.3370249449967121
864,1.768210808243991
865,0.0
866,0.3287241414766634
867,1.452813587519747
868,0.0
869,0.24681866783759399
870,1.252608874669828
871,0.0
872,0.027708520545509985
873,1.7153148518482744
874,0.0
875,0.37391623498827087
876,1.7578292588216795
877,0.0
878,1.6936843310925407
879,2.137988817305412
880,0.0
881,0.4349872596333434
882,1.7412448492854187
883,0.0
884,0.48691774744025806
885,2.9161793652560593
886,0.0
887,0.5451933192060116
888,4.1898423956032165
889,0.0
890,0.42823184536367676
891,-10.0
892,0.0
893,0.19342544828608543
894,1.7465716888527716
895,0.0
896,0.38348482996350997
897,2.222961023136592
898,0.0
899,-10.0
900,-10.0
901,0.0
902,-0.14318096282964143
903,1.5937082678046917
904,0.0
905,-10.0
906,3.848356935764258
907,0.0
908,0.05575801929067625
909,5.688136405007884
910,0.0
911,0.8650772535202068
912,5.410289201712372
913,0.0
914,0.201888046027214
915,1.6979622714190266
916,0.0
917,0.4774382643661933
918,1.3184286154642066
919,0.0
920,-0.026314891325478595
921,2.779052497261591
922,0.0
923,0.1572021377524061
924,1.7587345128196614
925,0.0
926,1.817912621282685
927,3.0311270915127473
928,0.0
929,0.2996189782150841
930,2.306836400261608
931,0.0
932,0.013275997068218914
933,1.8346771087613103
934,0.0
935,1.206544176345171
936,2.107575394815857
937,0.0
938,0.39238714501814187
939,1.138159286090194
940,0.0
941,0.26322129781446757
942,1.2199756986017465
943,0.0
944,0.2227785559043053
945,2.5276613428643877
946,0.0
947,0.18396627740480997
948,1.0778752038810266
949,0.0
950,1.9728901097440397
951,2.4154522419404922
952,0.0
953,0.21966585555223583
954,1.815282468862001
955,0.0
956,0.2694520818420275
957,1.8529171523495158
958,0.0
959,0.38677100780959905
960,1.3867709978095992
961,0.0
962,0.07123374176329877
963,2.1664311021468263
964,0.0
965,0.5013290686160535
966,2.5163758098822733
967,0.0
968,0.6440958367932542
969,2.365400477239188
970,0.0
971,0.512350351844486
972,2.8247151490741382
973,0.0
974,0.7001061401749181
975,1.5337864047170182
976,0.0
977,0.4488707032419764
978,1.8251304839022349
979,0.0
980,0.7870527439360847
981,0.6859379089408035
982,0.0
983,0.31580847061049455
984,1.9824649612515644
985,0.0
986,-0.015115556524156526
987,2.7789187873766057
988,0.0
989,0.3622998995232102
990,1.6578164013155916
991,0.0
992,0.30556583067955023
993,2.8542352883248867
994,0.0
995,0.041773755708458205
996,1.2735806064744453
997,0.0
998,0.2127441093230017
999,3.0322005613722114
1000,0.0
1001,0.35859980634755695
1002,3.122183418842112
1003,0.0
1004,0.618361079374386
1005,1.3058103962885852
1006,0.0
1007,0.14152762224997362
1008,2.162104556352645
1009,0.0
1010,0.1102916724479942
1011,2.1447578717921996
1012,0.0
1013,0.3468701482345927
1014,1.3131783598610376
1015,0.0
1016,1.0984148562511442
1017,4.802627499807155
1018,0.0
1019,-0.23433936817316292
1020,2.054405288728706
1021,0.0
1022,0.3237543555155119
1023,2.203191097757251
1024,0.0
1025,-10.0
1026,2.7786889745681114
1027,0.0
1028,0.4227345100522305
1029,1.9707323237082333
1030,0.0
1031,0.1601754241552752
1032,1.0917350487334703
1033,0.0
1034,0.45123940616304525
1035,1.4615289973049244
1036,0.0
1037,0.29965182482029895
1038,4.136892984357061
1039,0.0
1040,0.5818377684476309
1041,2.187918339970744
1042,0.0
1043,0.7342169377403166
1044,1.5307367395349603
1045,0.0
1046,0.20887917459966843
1047,1.618750493391903
1048,0.0
1049,0.16865072722327612
1050,1.3541753877800995
1051,0.0
1052,1.6100126907673151
1053,7.878087255492874
1054,0.0
1055,-0.023127088061685064
1056,2.057326892684465
1057,0.0
1058,-0.21151255287632398
1059,1.111816669814432
1060,0.0
1061,0.20638046107233043
1062,1.5336281459066283
1063,0.0
1064,0.97191706005183
1065,-10.0
1066,0.0
1067,0.0
1068,0.3236575119847255
1069,1.7975645903409088
1070,0.0
1071,0.03189185832665287
1072,1.4986877466656714
1073,0.0
1074,0.21087692398217894
1075,1.3781236129182908
1076,0.0
1077,0.5818377684476309
1078,1.4652345864910563
1079,0.0
1080,0.3253892228725047
1081,-10.0
1082,0.0
1083,-0.3118751633502158
1084,0.8401531693755561
1085,0.0
1086,0.5105838721826693
1087,2.0815498200039415
1088,0.0
1089,-0.2130103216599708
1090,2.5575683662311963
1091,0.0
1092,0.3370249449967121
1093,8.07920148771693
1094,0.0
1095,2.3444321450288546
1096,2.092924082282658
1097,0.0
1098,0.37625273269385884
1099,1.6185961658883559
1100,0.0
1101,-0.1802019848036236
1102,2.3787554635137695
1103,0.0
1104,0.467887511586745
1105,1.0064549583887141
1106,0.0
1107,0.39253948817095174
1108,2.932943799940546
1109,0.0
1110,-10.0
1111,5.1693053389890915
1112,0.0
1113,0.2609517065263153
1114,2.324615490467657
1115,0.0
1116,0.27245379727550134
1117,1.047707606011521
1118,0.0
1119,0.0701455108802661
1120,2.887608400527586
1121,0.0
1122,0.8131400650581614
1123,1.570946463551221
1124,0.0
1125,0.18094628196120566
1126,4.358889749095692
1127,0.0
1128,0.6279127155621366
1129,2.736631662033684
1130,0.0
1131,0.2951192836979707
1132,3.026964747196787
1133,0.0
1134,1.2489180069355155
1135,6.412737242043354
1136,0.0
1137,-0.22230280229946775
1138,1.3376984474453844
1139,0.0
1140,0.13746189410577359
1141,1.9805675315345863
1142,0.0
1143,0.2672197167425526
1144,1.4767951313419876
1145,0.0
1146,0.2857406856324093
1147,-10.0
1148,0.0
1149,0.07994309547119782
1150,1.6360899098934358
1151,0.0
1152,0.6563029085991038
1153,2.670719227088478
1154,0.0
1155,2.4808113692713314
1156,0.9675085399791614
1157,0.0
1158,0.48595171259882697
1159,1.660736784454853
1160,0.0
1161,2.387146789050105
1162,4.394675525483082
1163,0.0
1164,0.201888046027214
1165,2.8683190141224157
1166,0.0
1167,0.23013671999154084
1168,1.8050980523808866
1169,0.0
1170,-0.1264933659342966
1171,2.200685865441403
1172,0.0
1173,0.18962649491013106
1174,1.0042535217264108
1175,0.0
1176,-0.1405416264962972
1177,1.1315361801795962
1178,0.0
1179,0.6221083358798211
1180,1.5754618913322667
1181,0.0
1182,0.056232618321431116
1183,4.755827597812892
1184,0.0
1185,0.47143462647151557
1186,1.1739443914341103
1187,0.0
1188,0.866791964610628
1189,2.9786017288086395
1190,0.0
1191,-0.007149667920920089
1192,1.3989767983545052
1193,0.0
1194,0.6135085078984043
1195,2.502746058807623
1196,0.0
1197,0.1730606937480007
1198,1.034263109812406
1199,0.0
1200,0.1701016124369873
1201,1.9832641797055943
1202,0.0
1203,-0.01186363509604238
1204,1.328938196024053
1205,0.0
1206,0.5488463074662887
1207,1.2610327360356641
1208,0.0
1209,0.10636086240355092
1210,2.0607725947851607
1211,0.0
1212,1.1672895020372809
1213,2.0323450870543085
1214,0.0
1215,0.02711855889063164
1216,1.0445630612495636
1217,0.0
1218,-0.07922878666084121
1219,1.4611317101094647
1220,0.0
1221,0.7534125010519862
1222,2.0567734850097557
1223,0.0
1224,1.5595606647327425
1225,2.8322577342445077
1226,0.0
1227,0.3352591727878286
1228,1.4094832129682853
1229,0.0
1230,0.7119198602764628
1231,1.522138931028672
1232,0.0
1233,1.8101257294487163
1234,4.04002566836958
1235,0.0
1236,0.11221498722302192
1237,1.7237686747037089
1238,0.0
1239,0.03360581119265793
1240,1.9921236334304782
1241,0.0
1242,0.5197668442484967
1243,1.8193265496697733
1244,0.0
1245,1.375981315847389
1246,4.710068971820432
1247,0.0
1248,0.0
1249,0.16560853939932552
1250,0.9434561401574453
1251,0.0
1252,-0.3137216157210052
1253,1.0299289042306263
1254,0.0
1255,1.4134208573650762
1256,1.1971408426462538
1257,0.0
1258,1.1909544120095257
1259,4.024467241647388
1260,0.0
1261,1.8900612253450841
1262,3.286603515565645
1263,0.0
1264,0.12451284479331137
1265,3.050381187705894
1266,0.0
1267,0.951217642624982
1268,2.7097909019311612
1269,0.0
1270,0.04482945426149587
1271,1.6494150637790193
1272,0.0
1273,0.5036702368957763
1274,1.0770044782377879
1275,0.0
1276,0.9974913972437026
1277,2.1081292100766844
1278,0.0
1279,0.0
1280,0.4085528328127094
1281,2.643455492782616
1282,0.0
1283,0.193715697769843
1284,-10.0
1285,0.0
1286,-10.0
1287,20.351977826682855
1288,0.0
1289,0.04316228965827629
1290,1.4094082886730885
1291,0.0
1292,0.0
1293,0.0
1294,0.5960767749488985
1295,2.4474186834869656
1296,0.0
1297,0.5667597053593908
1298,1.581294365192024
1299,0.0
1300,0.6477161714684089
1301,2.444582176130501
1302,0.0
1303,0.0
1304,0.0
1305,1.3275141457441535
1306,2.5772256536068543
1307,0.0
1308,0.6971245142712826
1309,1.9444128810025467
1310,0.0
1311,0.0
1312,0.08528245705737258
1313,6.238647455896392
1314,0.0
1315,0.30163627265546056
1316,1.7722893548402066
1317,0.0
1318,0.3366613700059805
1319,1.5503754533612586
1320,0.0
1321,0.22669107498780783
1322,1.4719617332776715
1323,0.0
1324,0.03750981722813973
1325,1.748002638257354
1326,0.0
1327,-10.0
1328,2.535110073410823
1329,0.0
1330,0.09012804540316688
1331,1.1904162080660827
1332,0.0
1333,0.38677100780959905
1334,-10.0
1335,0.0
1336,0.48011132519990907
1337,2.2524130327889678
1338,0.0
1339,0.1610445660501355
1340,1.1658579583991502
1341,0.0
1342,0.24887195592075895
1343,1.2056817027291937
1344,0.0
1345,0.6254783792852373
1346,1.7245417069680267
1347,0.0
1348,0.0
1349,0.0
1350,-0.27066030569666644
1351,2.205750800046551
1352,0.0
1353,1.6681076089183966
1354,2.872947565925187
1355,0.0
1356,0.7904128783384318
1357,0.962973231466242
1358,0.0
1359,0.1488080486929565
1360,1.5247446181639195
1361,0.0
1362,0.17295714197434597
1363,2.049410144781784
1364,0.0
1365,0.46160060997010766
1366,1.2172850226179848
1367,0.0
1368,0.0
1369,0.35813888792073867
1370,3.7198674280764585
1371,0.0
1372,0.6536292067789146
1373,1.6629395052835225
1374,0.0
1375,1.0672557161525997
1376,-10.0
1377,0.0
1378,0.08942739324645987
1379,1.274588036051087
1380,0.0
1381,-0.06358584210138296
1382,1.759904222312537
1383,0.0
1384,0.020442076426812172
1385,3.0761769109507013
1386,0.0
1387,1.1335393160371812
1388,2.207904562626173
1389,0.0
1390,1.1672895020372809
1391,2.0727007415519907
1392,0.0
1393,0.5431931741866799
1394,5.862686439678196
1395,0.0
1396,-10.0
1397,3.73481598551586
1398,0.0
1399,0.5891365320574592
1400,1.9446627802057117
1401,0.0
1402,0.3338548798188149
1403,1.588705666597724
1404,0.0
1405,1.187465710910233
1406,3.9055271967584977
1407,0.0
1408,0.13262576720729224
1409,1.3240796960574281
1410,0.0
1411,0.15980001254297582
1412,2.2659231558754014
1413,0.0
1414,0.053567407412382084
1415,1.5153923536985137
1416,0.0
1417,0.8635344046766885
1418,4.422633161014672
1419,0.0
1420,0.008539588537481824
1421,1.6091275922139956
1422,0.0
1423,1.309787593854384
1424,0.8837968737231767
1425,0.0
1426,0.26913683334530225
1427,1.7815379098398925
1428,0.0
1429,0.3178945722764507
1430,1.7696614803145205
1431,0.0
1432,0.19293498689454747
1433,1.9481744400620382
1434,0.0
1435,0.1084574736410232
1436,1.6621058386298875
1437,0.0
1438,0.3986042560178561
1439,2.399800877865991
1440,0.0
1441,0.1300775620709992
1442,1.6101637407579263
1443,0.0
1444,0.0
1445,0.0
1446,0.15663885159180013
1447,1.5207167400811097
1448,0.0
1449,0.8097892094969635
1450,1.4775615329124308
1451,0.0
1452,-0.06951593699779268
1453,2.889601547057217
1454,0.0
1455,0.051787936079518926
1456,1.2020700812531697
1457,0.0
1458,-0.09186173317647761
1459,1.123099748219464
1460,0.0
1461,1.0832708586440036
1462,2.039191895407801
1463,0.0
1464,0.49519296018997483
1465,2.851313528653849
1466,0.0
1467,0.3235165972583841
1468,1.3284798946364482
1469,0.0
1470,0.16157364638298322
1471,1.7818379041973837
1472,0.0
1473,0.5428065779466512
1474,2.201722016412897
1475,0.0
1476,0.34109745808310954
1477,2.7182839630632385
1478,0.0
1479,0.041773755708458205
1480,1.2735806064744453
1481,0.0
1482,-0.291928811448507
1483,0.7477326903282
1484,0.0
1485,0.2662127937469204
1486,1.6976516358875067
1487,0.0
1488,0.20853384253115814
1489,1.6966157470172738
1490,0.0
1491,0.32114286296627237
1492,1.3211428529662725
1493,0.0
1494,0.5800272238045748
1495,2.488883605325257
1496,0.0
1497,-0.04713507037574127
1498,0.9731962741768659
1499,0.0
1500,0.23924900682294836
1501,2.2536991399614434
1502,0.0
1503,0.2674525714507484
1504,1.5014611567433473
1505,0.0
1506,-0.11258230108851841
1507,1.0567635680158658
1508,0.0
1509,0.0666987661103714
1510,1.8945409638489499
1511,0.0
1512,-0.032536302400787864
1513,1.5152463329074126
1514,0.0
1515,0.34016783232032266
1516,2.39139375939555
1517,0.0
1518,0.014537188095164466
1519,1.7992707355298814
1520,0.0
1521,0.7109400874874651
1522,1.1888859095022664
1523,0.0
1524,-0.05250367280728352
1525,1.4123164263656223
1526,0.0
1527,0.5876547325311462
1528,1.908432846293987
1529,0.0
1530,0.9284104550280013
1531,2.2053013773896155
1532,0.0
1533,0.23486312799957265
1534,1.5457448644905272
1535,0.0
1536,0.5738498767443484
1537,1.8170636644988951
1538,0.0
1539,0.3047709907560455
1540,1.038309581521862
1541,0.0
1542,0.0
1543,-0.06344739695523005
1544,1.5748433857065463
1545,0.0
1546,0.574713677058056
1547,5.002776625040499
1548,0.0
1549,0.05227977117306992
1550,2.493037107261518
1551,0.0
1552,0.22079745301504994
1553,0.6491258219749534
1554,0.0
1555,0.5084119438480149
1556,-10.0
1557,0.0
1558,0.0
1559,0.27550059555244133
1560,2.294794391973655
1561,0.0
1562,0.25468767405049386
1563,1.994114968028407
1564,0.0
1565,1.0555162140238856
1566,0.2997567428956367
1567,0.0
1568,0.03694635768703691
1569,4.224736420155425
1570,0.0
1571,0.0024887926928239823
1572,2.2181189628965776
1573,0.0
1574,0.26730170897227257
1575,1.4409891074950503
1576,0.0
1577,0.03319881771072042
1578,1.9546310189867664
1579,0.0
1580,1.2422409469039652
1581,1.4678591990396326
1582,0.0
1583,-10.0
1584,3.2221976621244095
1585,0.0
1586,0.0994235019619153
1587,1.6737880330478896
1588,0.0
1589,-10.0
1590,3.212275420196373
1591,0.0
1592,0.7521931516199024
1593,2.478269842040369
1594,0.0
1595,0.4142658582035378
1596,1.6740333172430477
1597,0.0
1598,0.31116594633273753
1599,5.420112663487714
1600,0.0
1601,-0.1278760374668767
1602,1.8904784377730102
1603,0.0
1604,0.0729205244683303
1605,1.2884874950029888
1606,0.0
1607,0.5240176334376133
1608,19.07729827002141
1609,0.0
1610,0.1632298496336545
1611,1.9423540456431772
1612,0.0
1613,0.09000714201755089
1614,5.710617392207
1615,0.0
1616,0.23741736957251225
1617,-10.0
1618,0.0
1619,0.2897684817077172
1620,1.2664749743947878
1621,0.0
1622,0.002096197072837147
1623,1.0204612740068646
1624,0.0
1625,2.1210858152767456
1626,4.862672295199337
1627,0.0
1628,0.12380836965888398
1629,4.416033880296099
1630,0.0
1631,-0.020972067274098727
1632,1.0533720954883847
1633,0.0
1634,1.0166630495457176
1635,2.2858863584528146
1636,0.0
1637,0.018164193534648265
1638,2.0529739397392497
1639,0.0
1640,0.23394260894391328
1641,3.267656824338805
1642,0.0
1643,1.840024314912045
1644,-10.0
1645,0.0
1646,0.0
1647,0.0
1648,0.3381009029245702
1649,2.3486968151015373
1650,0.0
1651,-0.03861071810308225
1652,1.280857381765947
1653,0.0
1654,2.0954670247770752
1655,6.218282284212109
1656,0.0
1657,0.1263720395453095
1658,1.788066505877489
1659,0.0
1660,1.0713637491055312
1661,5.085075426847691
1662,0.0
1663,0.11793587268847772
1664,0.9642258367700887
1665,0.0
1666,0.8396970547284047
1667,0.7710474848423823
1668,0.0
1669,0.0703655047214885
1670,-10.0
1671,0.0
1672,0.24295185021160093
1673,1.933329318831234
1674,0.0
1675,-0.2661467720594203
1676,1.1793918902952079
1677,0.0
1678,-0.2628088066083045
1679,1.1675963564099319
1680,0.0
1681,0.3234940283759512
1682,1.6644095703381325
1683,0.0
1684,0.4095246425880964
1685,1.5155887327501862
1686,0.0
1687,0.12109082753424316
1688,1.9982475548412844
1689,0.0
1690,0.22001417434057424
1691,1.5028614461226062
1692,0.0
1693,0.14806940184470962
1694,1.4608146887701974
1695,0.0
1696,0.5857559099737645
1697,2.8569767378595436
1698,0.0
1699,0.4871004002051106
1700,7.407056217742726
1701,0.0
1702,1.6385331456820342
1703,2.57644620260452
1704,0.0
1705,-0.11380766545506538
1706,1.9245849430715776
1707,0.0
1708,0.12586033920363826
1709,1.6922757016822845
1710,0.0
1711,0.05603786630399077
1712,1.7971590248936664
1713,0.0
1714,0.2126667225087281
1715,1.5085276716603304
1716,0.0
1717,1.0022610982932494
1718,2.096125543923966
1719,0.0
1720,-0.26270716617677004
1721,0.5143311473168118
1722,0.0
1723,0.6433252901063878
1724,2.4827350980777574
1725,0.0
1726,0.5543657087464154
1727,1.889116813608893
1728,0.0
1729,0.6261704995851464
1730,7.1979010905789735
1731,0.0
1732,0.5091580793691969
1733,2.047138647369963
1734,0.0
1735,-0.2983502712572096
1736,1.5057940807978363
1737,0.0
1738,0.09888974721939758
1739,1.5004324896244132
1740,0.0
1741,0.5303656168473535
1742,1.9768685891838564
1743,0.0
1744,0.10232045268052381
1745,2.79706504076132
1746,0.0
1747,1.372363497685929
1748,1.1781009113851244
1749,0.0
1750,0.08884219354735101
1751,1.3275744690861144
1752,0.0
1753,0.37811951901706264
1754,1.6037532989802825
1755,0.0
1756,0.25121896333123084
1757,1.6367371096334744
1758,0.0
1759,0.2320573337613202
1760,4.314923885091032
1761,0.0
1762,0.4150360168950046
1763,1.4893383213715055
1764,0.0
1765,-0.08127590508959026
1766,1.703651066686764
1767,0.0
1768,0.02258478631416938
1769,1.191566065592466
1770,0.0
1771,0.21480290738293661
1772,1.922025949816578
1773,0.0
1774,0.22911271066633343
1775,1.7253177196955911
1776,0.0
1777,-0.0018973695625866815
1778,2.2789066750653406
1779,0.0
1780,-0.13349126720339233
1781,1.4208981474732358
1782,0.0
1783,0.2712925679984469
1784,1.614670628403143
1785,0.0
1786,0.5306331505803578
1787,1.8310869065227036
1788,0.0
1789,0.35104734780518687
1790,1.7305949410116708
1791,0.0
1792,0.6749663465854526
1793,2.0214524124965587
1794,0.0
1795,-0.2246811202201655
1796,2.062209781885671
1797,0.0
1798,-0.055180454784549915
1799,1.68377749646179
1800,0.0
1801,0.2609517065263153
1802,4.152348132413149
1803,0.0
1804,0.2842590079070818
1805,2.057533461891366
1806,0.0
1807,0.3757807862928949
1808,1.7219430692870628
1809,0.0
1810,0.42010566920766756
1811,1.4201056592076677
1812,0.0
1813,0.11831862542921112
1814,1.7964151223362843
1815,0.0
1816,-10.0
1817,3.914510355643367
1818,0.0
1819,0.3131486751637983
1820,2.379111111903411
1821,0.0
1822,0.6018623961771218
1823,2.287608451194078
1824,0.0
1825,-0.06951593699779268
1826,2.5883985313805282
1827,0.0
1828,0.1793079398259848
1829,1.9528075361100259
1830,0.0
1831,0.19459537021026663
1832,1.8194537122279792
1833,0.0
1834,0.3859805274737903
1835,1.7411685961546128
1836,0.0
1837,0.151097747492401
1838,1.8122327309387283
1839,0.0
1840,0.8737980795091645
1841,1.2971178371534817
1842,0.0
1843,0.6197973040816717
1844,1.1436294901357553
1845,0.0
1846,0.5957386563647334
1847,1.5244960498077667
1848,0.0
1849,0.637632827136425
1850,2.056038803911871
1851,0.0
1852,0.0
1853,0.0
1854,0.550229460970289
1855,2.126283061130433
1856,0.0
1857,0.0
1858,0.040122573575089526
1859,1.1358497009593085
1860,0.0
1861,0.4625381944112691
1862,2.0975618686746422
1863,0.0
1864,0.36171800732874837
1865,2.316450842925632
1866,0.0
1867,0.9315312161988337
1868,2.8055547075755074
1869,0.0
1870,0.1285059967629566
1871,2.2267390493995154
1872,0.0
1873,-0.28115594554330947
1874,1.7259233131133236
1875,0.0
1876,0.373954876716836
1877,1.4550382340291614
1878,0.0
1879,-0.06686494092276074
1880,1.4298201250637126
1881,0.0
1882,0.6610506733746498
1883,7.57460751307635
1884,0.0
1885,0.003393337208373315
1886,1.9508477503087938
1887,0.0
1888,0.48266131563107095
1889,2.7708286857682305
1890,0.0
1891,0.2649264036517732
1892,1.2649263936517734
1893,0.0
1894,0.5454607421388359
1895,1.4747997310713938
1896,0.0
1897,0.0035485381892382817
1898,3.1669238833194004
1899,0.0
1900,0.22630108698540552
1901,2.5156951772973
1902,0.0
1903,0.32375583254180806
1904,1.723207806710777
1905,0.0
1906,0.0
1907,0.0
1908,0.020328614044031412
1909,1.0468690823056996
1910,0.0
1911,-0.2685702644187933
1912,2.1098913970161624
1913,0.0
1914,0.3911538685294961
1915,0.7115110665336875
1916,0.0
1917,1.1669784671433159
1918,6.530959162000393
1919,0.0
1920,0.13036342893212416
1921,1.9429570647919518
1922,0.0
1923,0.7085644482184056
1924,2.9381969359648417
1925,0.0
1926,0.08806791776415801
1927,1.0880679077641582
1928,0.0
1929,0.056900827555848354
1930,2.2233407673721484
1931,0.0
1932,0.31569923720180026
1933,1.8903497624475012
1934,0.0
1935,0.08098972070549004
1936,2.411826873374928
1937,0.0
1938,0.2990880698505606
1939,1.9085001519120732
1940,0.0
1941,0.09481997735861836
1942,4.094037291701368
1943,0.0
1944,0.2602423737693006
1945,1.6490835250464113
1946,0.0
1947,0.10872392042111845
1948,1.4353155574300833
1949,0.0
1950,0.5989902125821868
1951,2.4123079934821785
1952,0.0
1953,0.3338548798188149
1954,2.2294798617671248
1955,0.0
1956,-10.0
1957,-10.0
1958,0.0
1959,0.8763282712637243
1960,1.6688591334843819
1961,0.0
1962,0.31725125938859244
1963,1.3172512493885926
1964,0.0
1965,0.12867232891355995
1966,2.1359899368128623
1967,0.0
1968,0.29052167897984604
1969,1.6965623024330982
1970,0.0
1971,0.1453617394065846
1972,0.8784499387586167
1973,0.0
1974,0.6064550195782717
1975,2.952684256541958
1976,0.0
1977,0.33597038053557904
1978,2.8272089719020297
1979,0.0
1980,0.16945364941785257
1981,1.3228030801867496
1982,0.0
1983,0.11317306516527237
1984,3.4364500544770378
1985,0.0
1986,0.41783779232552576
1987,1.7981509619259137
1988,0.0
1989,0.0
1990,-0.06096991999175394
1991,3.0364855400475657
1992,0.0
1993,0.39005631433722543
1994,2.368919462567472
1995,0.0
1996,1.4441630918997155
1997,6.7789371626146995
1998,0.0
1999,0.054651028388809864
2000,2.2571916150830855
2001,0.0
2002,0.18186525233609518
2003,1.5471226364995139
2004,0.0
2005,0.21468616993977674
2006,2.1863335883941564
2007,0.0
2008,0.16106932041461575
2009,1.6468787929028361
2010,0.0
2011,0.19546205676253903
2012,2.3703503744693206
2013,0.0
2014,0.6257479003471936
2015,2.015835818657994
2016,0.0
2017,0.32402470622862845
2018,2.05244128518125
2019,0.0
2020,0.36865090600430206
2021,4.049703447470748
2022,0.0
2023,0.3635461047983549
2024,1.363546094798355
2025,0.0
2026,0.3146693955432397
2027,1.5041151787427118
2028,0.0
2029,0.000523098830877422
2030,0.9230082698389122
2031,0.0
2032,0.0701455108802661
2033,1.5201357088476577
2034,0.0
2035,-10.0
2036,-10.0
2037,0.0
2038,-0.1103819980787697
2039,3.1120740602676182
2040,0.0
2041,0.4951124747733716
2042,1.8437773832644109
2043,0.0
2044,0.7505215265179223
2045,4.094910015988701
2046,0.0
2047,0.24671899739572611
2048,1.3225573030444493
2049,0.0
2050,-0.0504489819848708
2051,2.306373650752715
2052,0.0
2053,0.2629753974356498
2054,1.26297538743565
2055,0.0
2056,0.035905191389826396
2057,1.0826454381262836
2058,0.0
2059,0.5468024155762014
2060,1.8234519463536847
2061,0.0
2062,0.0
2063,0.0
2064,0.0
2065,0.25856121258895415
2066,1.2585612025889543
2067,0.0
2068,0.18608952333975493
2069,1.1511643700679892
2070,0.0
2071,0.1936935638483389
2072,1.0003794645343032
2073,0.0
2074,0.0976265299579323
2075,1.2877921509682084
2076,0.0
2077,0.6690059987254674
2078,0.6278360647462258
2079,0.0
2080,0.12907766680818555
2081,1.9784176384484606
2082,0.0
2083,0.0
2084,0.0
2085,0.1392994010105154
2086,1.2021025799909664
2087,0.0
2088,0.20736622555774809
2089,2.3064934797451384
2090,0.0
2091,0.8000723120388403
2092,2.4071597369595104
2093,0.0
2094,0.19909072362480218
2095,2.5465558495836373
2096,0.0
2097,0.11417741318017727
2098,1.1121053261270002
2099,0.0
2100,-10.0
2101,2.76303349832144
2102,0.0
2103,0.5000431422757708
2104,2.3902551600898647
2105,0.0
2106,0.2088343037028072
2107,1.913033278313739
2108,0.0
2109,0.05483227290809334
2110,1.5992193705534499
2111,0.0
2112,0.4626900456122206
2113,10.859115941397299
2114,0.0
2115,0.548507256828166
2116,2.117348114670361
2117,0.0
2118,-0.008181324553705127
2119,1.5202016171813828
2120,0.0
2121,-0.06053215711076809
2122,1.6215742850580792
2123,0.0
2124,-0.13014694855135167
2125,1.4928709691353967
2126,0.0
2127,0.6687724104559435
2128,4.589233414885291
2129,0.0
2130,0.037675233884334136
2131,2.1920477464503305
2132,0.0
2133,0.04733222578129703
2134,1.3796879839102312
2135,0.0
2136,1.314272990323969
2137,2.8996501297475534
2138,0.0
2139,0.4045044687841294
2140,1.0497343060535456
2141,0.0
2142,0.2552405790870652
2143,3.868860735557284
2144,0.0
2145,0.338050669562839
2146,-10.0
2147,0.0
2148,-10.0
2149,5.866745282429022
2150,0.0
2151,0.14518539889411308
2152,2.5475289588874723
2153,0.0
2154,0.2761509258473903
2155,2.024918695879683
2156,0.0
2157,0.39005631433722543
2158,1.0779242513295446
2159,0.0
2160,0.705874016128394
2161,2.2417540567555054
2162,0.0
2163,-0.20852587144089352
2164,1.131864611780916
2165,0.0
2166,0.37037634973741007
2167,2.62827458907247
2168,0.0
2169,0.2132797125126572
2170,1.117111738003912
2171,0.0
2172,0.01308706100440149
2173,2.5994313439782464
2174,0.0
2175,0.5772066801258718
2176,3.8013992092013336
2177,0.0
2178,0.5906172919930154
2179,1.9297415544812444
2180,0.0
2181,1.002574809943634
2182,1.8704494853449412
2183,0.0
2184,0.2990880698505606
2185,1.2990880598505608
2186,0.0
2187,0.837622382402183
2188,-10.0
2189,0.0
2190,0.4924209433750836
2191,2.643871615159491
2192,0.0
2193,0.0816620885244731
2194,1.4434959391824227
2195,0.0
2196,0.6139547210908084
2197,2.069782659137024
2198,0.0
2199,0.782210989323365
2200,6.456672834211288
2201,0.0
2202,-10.0
2203,3.043352128778511
2204,0.0
2205,0.4287747597961601
2206,1.4769064358618282
2207,0.0
2208,0.678356983773346
2209,1.7233917646216474
2210,0.0
2211,0.5548931895786923
2212,4.456444696372715
2213,0.0
2214,0.6323660447335514
2215,1.940325333720154
2216,0.0
2217,-0.26943742226094924
2218,1.4076842968623617
2219,0.0
2220,0.15963563382041335
2221,5.775876065685498
2222,0.0
2223,0.26731834076600036
2224,1.7424409840036388
2225,0.0
2226,0.10463349780142195
2227,1.1046334878014221
2228,0.0
2229,-0.050841193400080864
2230,1.8086884903440583
2231,0.0
2232,0.2998344944355028
2233,3.0387260944473873
2234,0.0
2235,0.3457859355419671
2236,2.659973995304634
2237,0.0
2238,0.24897544590264353
2239,1.5557950027365655
2240,0.0
2241,0.198116692078674
2242,1.116596505546785
2243,0.0
2244,1.0627065895261207
2245,2.6947116135043054
2246,0.0
2247,0.49932696823802825
2248,1.1692374639639487
2249,0.0
2250,0.15495476820658938
2251,1.7090427001096695
2252,0.0
2253,1.456040757087973
2254,3.167419871117229
2255,0.0
2256,0.6264690777644152
2257,4.437919500102066
2258,0.0
2259,1.8698457853529655
2260,6.214888024433066
2261,0.0
2262,2.1496996334206107
2263,5.784965615159347
2264,0.0
2265,0.5432860893607846
2266,4.970241412255134
2267,0.0
2268,0.1454575530543093
2269,1.6082706277795893
2270,0.0
2271,0.6925617575603015
2272,2.34106843851826
2273,0.0
2274,0.6043296593855431
2275,0.9369507544382278
2276,0.0
2277,0.5208323648782646
2278,3.980520536436184
2279,0.0
2280,-0.004241805778236296
2281,1.7098605473371158
2282,0.0
2283,0.9845929716448788
2284,1.533964405247482
2285,0.0
2286,0.5084119438480149
2287,-10.0
2288,0.0
2289,0.7873792841563109
2290,1.7967784313584294
2291,0.0
2292,-10.0
2293,2.730572606752716
2294,0.0
2295,0.05573654519796667
2296,1.3782919600327574
2297,0.0
2298,0.41141747693178077
2299,1.7608127518357584
2300,0.0
2301,1.7595376809081076
2302,3.0031313147007057
2303,0.0
2304,0.0666987661103714
2305,1.0341815243755585
2306,0.0
2307,0.0033612723652204357
2308,1.6044324769201426
2309,0.0
2310,-10.0
2311,3.712061026788274
2312,0.0
2313,0.3138903544308268
2314,1.3764054408438273
2315,0.0
2316,0.6518663695208978
2317,1.5196214321640458
2318,0.0
2319,0.3032754227677926
2320,3.2114928061389785
2321,0.0
2322,0.32325794495329296
2323,1.3985131882750144
2324,0.0
2325,-0.007744046926986492
2326,1.1918579466597867
2327,0.0
2328,-0.024588713447890598
2329,2.528433323620721
2330,0.0
2331,1.2392296708942583
2332,3.8233367169192665
2333,0.0
2334,0.3749277729089343
2335,30.354627347557127
2336,0.0
2337,-0.030982196380645144
2338,1.196403909818378
2339,0.0
2340,0.32721773184514624
2341,1.5841027672965498
2342,0.0
2343,-10.0
2344,-10.0
2345,0.0
2346,0.11402130301346014
2347,2.151084725888755
2348,0.0
2349,0.13022482274145164
2350,1.803612969603322
2351,0.0
2352,0.4339131839017064
2353,2.728666147765499
2354,0.0
2355,0.3850916061167927
2356,1.8619118432032986
2357,0.0
2358,0.022362219055643062
2359,1.6672339122553559
2360,0.0
2361,-0.040617167083379146
2362,1.3400661447058801
2363,0.0
2364,0.125733135290521
2365,1.622282146358327
2366,0.0
2367,0.17395058375619954
2368,5.709339425272946
2369,0.0
2370,1.2396878758103873
2371,2.5176751337488716
2372,0.0
2373,0.002096197072837147
2374,1.907290723992453
2375,0.0
2376,-0.0038592397210406304
2377,1.5494509764468676
2378,0.0
2379,-10.0
2380,3.391814300457243
2381,0.0
2382,0.31136066765638704
2383,1.8018491390049
2384,0.0
2385,-0.0509225469853396
2386,1.2371140541767192
2387,0.0
2388,1.555747824976533
2389,-0.48058576545136567
2390,0.0
2391,0.3458488561616523
2392,2.473998887673072
2393,0.0
2394,0.1721060596778775
2395,1.1712338224816192
2396,0.0
2397,0.08326672606367491
2398,1.4417169427687857
2399,0.0
2400,0.435908379473117
2401,1.9267886488477886
2402,0.0
2403,0.16720138506522064
2404,1.2096743745985021
2405,0.0
2406,0.21053106734987026
2407,2.285708679474242
2408,0.0
2409,0.10269229284725145
2410,1.8758868827598285
2411,0.0
2412,-10.0
2413,3.3541591241368476
2414,0.0
2415,-0.04054733886840567
2416,-10.0
2417,0.0
2418,1.1861295043071314
2419,3.151179457667601
2420,0.0
2421,0.27118262266479676
2422,1.5890523529907055
2423,0.0
2424,0.28891273292254216
2425,1.8059832954641473
2426,0.0
2427,1.7206525074863022
2428,2.809108056145134
2429,0.0
2430,0.05382122094001629
2431,2.206226887270092
2432,0.0
2433,0.390394698324385
2434,1.5416977286468956
2435,0.0
2436,0.22001417434057424
2437,1.379575587568719
2438,0.0
2439,0.15281595941249015
2440,2.578821181015999
2441,0.0
2442,0.24962523253611513
2443,1.4126003874030981
2444,0.0
2445,0.22708194570198936
2446,3.1304047603073037
2447,0.0
2448,-10.0
2449,3.408541365664422
2450,0.0
2451,1.570357136610523
2452,-10.0
2453,0.0
2454,0.27162397847682496
2455,2.5082656976891853
2456,0.0
2457,0.4764575977831903
2458,2.642237115638954
2459,0.0
2460,0.4131745908009118
2461,4.616952820579677
2462,0.0
2463,0.21970257731888532
2464,1.0124301463277436
2465,0.0
2466,0.21023161404244195
2467,2.0429452579347087
2468,0.0
2469,-0.010014751829466095
2470,1.3686274378615675
2471,0.0
2472,0.03606518499746303
2473,1.1381191863939204
2474,0.0
2475,-0.2258623429650254
2476,3.0471284159738206
2477,0.0
2478,2.1927618866348206
2479,4.3756833499068275
2480,0.0
2481,0.34955132916624165
2482,1.0831580623846642
2483,0.0
2484,-0.05585158231624021
2485,1.9105784121248375
2486,0.0
2487,1.2289377669473693
2488,3.9014152098533508
2489,0.0
2490,0.1793079398259848
2491,1.7431920806567596
2492,0.0
2493,0.11620400790031293
2494,1.485049537202831
2495,0.0
2496,-0.09983447057369699
2497,1.931651013662879
2498,0.0
2499,0.20282823836215547
2500,1.7063484038163328
2501,0.0
2502,0.22710470054323417
2503,1.4280676610123297
2504,0.0
2505,0.07979383325807221
2506,2.9134132008167217
2507,0.0
2508,1.3679406185662284
2509,2.3325484644004817
2510,0.0
2511,0.4277853162007822
2512,1.4609132393776818
2513,0.0
2514,0.3136807503365652
2515,1.6436544965331579
2516,0.0
2517,-0.0712245404108034
2518,3.5899306584471504
2519,0.0
2520,0.29265435277754304
2521,3.222246337199561
2522,0.0
2523,0.10997224865627209
2524,1.5271013823862516
2525,0.0
2526,-0.2540531314508626
2527,1.873146788754342
2528,0.0
2529,0.044382513082112385
2530,1.4384995381920433
2531,0.0
2532,0.1610445660501355
2533,1.375827092659026
2534,0.0
2535,0.36465420121023284
2536,1.1830033921735097
2537,0.0
2538,0.33145547798570696
2539,1.7371020806670663
2540,0.0
2541,0.3041403208199108
2542,2.1444496611253308
2543,0.0
2544,0.4294643482895216
2545,1.8397508411361325
2546,0.0
2547,0.12160259350167324
2548,1.3141749509772223
2549,0.0
2550,0.5966565868041068
2551,2.674114072595274
2552,0.0
2553,0.036821428916739785
2554,1.8255731638463177
2555,0.0
2556,0.042213365382161805
2557,1.2713853383572031
2558,0.0
2559,-0.05073139818686967
2560,1.6468979405914164
2561,0.0
2562,0.7725993319934951
2563,2.2434496248166242
2564,0.0
2565,0.4313292457852912
2566,1.4313292357852914
2567,0.0
2568,0.4918823255277526
2569,2.04144567368254
2570,0.0
2571,0.0
2572,0.38739456174493625
2573,1.3885623531262996
2574,0.0
2575,0.41572869466217865
2576,2.463632886730173
2577,0.0
2578,3.736496616054559
2579,4.736496606054559
2580,0.0
2581,-0.19147741397187534
2582,2.292237629632999
2583,0.0
2584,1.2808356940857455
2585,3.0591069905888735
2586,0.0
2587,0.36710633094571843
2588,2.53034212867641
2589,0.0
2590,0.3310415898693192
2591,1.8321509656677513
2592,0.0
2593,-10.0
2594,3.2420027012674986
2595,0.0
2596,0.2018056904239166
2597,0.9219180238219777
2598,0.0
2599,-0.1634582766159628
2600,1.3363363128377896
2601,0.0
2602,0.6389391501380995
2603,1.925777570312824
2604,0.0
2605,0.4263525892639982
2606,2.2861969004582656
2607,0.0
2608,1.9620586799962592
2609,3.169671284424188
2610,0.0
2611,0.3719651569383783
2612,2.2593200008823544
2613,0.0
2614,-0.3405822230083252
2615,0.7645800799475608
2616,0.0
2617,0.2743795598116553
2618,1.335449823106587
2619,0.0
2620,0.2866813295835887
2621,1.7576503298208006
2622,0.0
2623,-0.10940784861108499
2624,2.095626273598447
2625,0.0
2626,0.6029100474555317
2627,1.871008769752844
2628,0.0
2629,1.4280747917472314
2630,2.566155513252637
2631,0.0
2632,0.40872438589174254
2633,1.6778456511713744
2634,0.0
2635,0.37862774295166324
2636,1.304820001310506
2637,0.0
2638,-0.056240416760473644
2639,1.7181533844478594
2640,0.0
2641,0.7643349193901047
2642,1.4519739515129433
2643,0.0
2644,0.30831315901921863
2645,2.3511342037057243
2646,0.0
2647,0.30523752136364635
2648,2.5152035508713073
2649,0.0
2650,-0.0456690047544267
2651,1.3091696047588421
2652,0.0
2653,0.1658446604120335
2654,4.1196491874779415
2655,0.0
2656,0.7478175374998338
2657,2.8709835299271242
2658,0.0
2659,0.15070737905144294
2660,2.850244660415675
2661,0.0
2662,0.4721374437308846
2663,-10.0
2664,0.0
2665,0.4622631651460313
2666,1.4622631551460314
2667,0.0
2668,0.17896908393113453
2669,1.9128325466916367
2670,0.0
2671,0.39238714501814187
2672,1.617230370983329
2673,0.0
2674,0.5560655504661344
2675,1.951296771689251
2676,0.0
2677,-0.24131142629473978
2678,1.5456918887140516
2679,0.0
2680,-10.0
2681,2.4918924724726046
2682,0.0
2683,0.48273503907350135
2684,-10.0
2685,0.0
2686,1.0897553663598578
2687,5.5587254508039186
2688,0.0
2689,0.49777672348237745
2690,2.448122445140717
2691,0.0
2692,1.6916385603230495
2693,5.390266209741538
2694,0.0
2695,-0.023495344882275004
2696,1.4226611061753025
2697,0.0
2698,0.10770610486561705
2699,2.829204678312431
2700,0.0
2701,0.18261343266270724
2702,1.2808994599401748
2703,0.0
2704,-0.04114764024632722
2705,3.3881462514284686
2706,0.0
2707,0.3330875004164596
2708,1.4145957368854165
2709,0.0
2710,0.07768380239018546
2711,1.6965670045648942
2712,0.0
2713,-0.07963808306656173
2714,1.6224815347316301
2715,0.0
2716,0.19656459756543831
2717,2.0971636267356213
2718,0.0
2719,0.04358156520072021
2720,1.588230905374984
2721,0.0
2722,0.0520563526708665
2723,1.3737344437515273
2724,0.0
2725,0.43777918731524623
2726,2.1252010621596638
2727,0.0
2728,0.46852643570728325
2729,2.587000638967428
2730,0.0
2731,0.07551604573386383
2732,1.5758922269059616
2733,0.0
2734,0.9271456083121558
2735,2.67671033665375
2736,0.0
2737,0.3633673603594626
2738,2.324412457098302
2739,0.0
2740,-0.0909643057069488
2741,2.729776454855628
2742,0.0
2743,-0.02883140895435221
2744,1.6764000561720978
2745,0.0
2746,0.6978187820805125
2747,2.4123290917666953
2748,0.0
2749,0.10794817030533299
2750,1.1079481603053332
2751,0.0
2752,0.16157364638298322
2753,1.7818379041973837
2754,0.0
2755,0.15165277352079232
2756,1.242687341786624
2757,0.0
2758,-0.2488838277368507
2759,2.7341746867911736
2760,0.0
2761,1.711856335417012
2762,1.8217611509481486
2763,0.0
2764,-0.05829043667401812
2765,3.1423476782441417
2766,0.0
2767,0.0008219450452603416
2768,3.479672087089764
2769,0.0
2770,-0.0909643057069488
2771,2.87078550613393
2772,0.0
2773,0.0
2774,0.35813888792073867
2775,3.7708011379256394
2776,0.0
2777,0.4190412597690568
2778,1.762712202101603
2779,0.0
2780,0.0
2781,0.0
2782,-0.1191693992710845
2783,1.0780285512302168
2784,0.0
2785,0.2540930226934247
2786,1.235100934393236
2787,0.0
2788,0.02149138746435708
2789,2.4262078467505894
2790,0.0
2791,0.024848429043331177
2792,3.6708885882806728
2793,0.0
2794,0.148055832084799
2795,2.13308289014083
2796,0.0
2797,0.40902279185409707
2798,1.37885942567653
2799,0.0
2800,0.3453760595992491
2801,1.7524893323625257
2802,0.0
2803,0.1189175548898539
2804,1.2623933478145777
2805,0.0
2806,0.11448467965396791
2807,1.3717913144669145
2808,0.0
2809,-0.28115594554330947
2810,2.2368012095114462
2811,0.0
2812,-10.0
2813,1.971055440746576
2814,0.0
2815,0.0
2816,0.0
2817,1.279996605330771
2818,5.078284103518332
2819,0.0
2820,0.2529543678766578
2821,1.2405261646260273
2822,0.0
2823,0.1601754241552752
2824,1.6291371164658741
2825,0.0
2826,-0.08127590508959026
2827,1.2926510085232394
2828,0.0
2829,0.20615767930582607
2830,1.489893155839819
2831,0.0
2832,0.05846948085831338
2833,1.4542605197839735
2834,0.0
2835,0.22048312405689507
2836,0.6911375101094908
2837,0.0
2838,0.1373042531970704
2839,1.6666599963626598
2840,0.0
2841,0.7140538079564914
2842,7.462856274296611
2843,0.0
2844,0.21843400325963314
2845,-10.0
2846,0.0
2847,0.6178498621307612
2848,2.2842204821207863
2849,0.0
2850,0.23315711696185148
2851,2.174379078589683
2852,0.0
2853,-0.09841218213687786
2854,1.925521803710002
2855,0.0
2856,0.22841175382524603
2857,4.583805836420353
2858,0.0
2859,0.1297415055000518
2860,1.510792643479436
2861,0.0
2862,-0.23045370712608926
2863,2.6120541910682973
2864,0.0
2865,0.48273503907350135
2866,1.6264939059380172
2867,0.0
2868,0.08867683187420561
2869,1.5827330269691076
2870,0.0
2871,0.7951776984274667
2872,2.6549514752748324
2873,0.0
2874,0.5997924607107624
2875,3.1727553367216474
2876,0.0
2877,0.5906284119267488
2878,3.053028626742168
2879,0.0
2880,0.0
2881,1.2489180069355155
2882,-10.0
2883,0.0
2884,-0.052095848235355846
2885,4.879752636607169
2886,0.0
2887,0.3908105729664483
2888,1.264219334656676
2889,0.0
2890,0.8398197316816082
2891,3.005595189442604
2892,0.0
2893,-10.0
2894,3.3252969045357794
2895,0.0
2896,0.06550576858999257
2897,1.9993434774349879
2898,0.0
2899,0.43610379640554353
2900,2.5748808287977814
2901,0.0
2902,0.027708520545509985
2903,1.4117975018176543
2904,0.0
2905,0.23565290984878862
2906,2.0748181089003848
2907,0.0
2908,-0.09687363874611099
2909,1.8783725450351287
2910,0.0
2911,0.15388024436370562
2912,1.3699235256075453
2913,0.0
2914,-0.15265850719764507
2915,2.1903912029882093
2916,0.0
2917,0.3790876750572466
2918,1.955927336657807
2919,0.0
2920,0.2237908615351215
2921,1.6798442263737277
2922,0.0
2923,0.09846488901060046
2924,2.4355680545438654
2925,0.0
2926,-0.16787287056525646
2927,1.004091656086058
2928,0.0
2929,0.0
2930,0.0
2931,0.003588255529159201
2932,1.1925646660161597
2933,0.0
2934,0.10171869267457645
2935,-10.0
2936,0.0
2937,0.7862776408618396
2938,1.787530752123847
2939,0.0
2940,0.3245402824592468
2941,2.621492343737552
2942,0.0
2943,0.6817927089770696
2944,5.189819070923484
2945,0.0
2946,0.44958425922025447
2947,2.9139248233342725
2948,0.0
2949,0.3336048064055409
2950,-10.0
2951,0.0
2952,0.284386621349508
2953,1.6584154307097512
2954,0.0
2955,0.43379546790573353
2956,-10.0
2957,0.0
2958,1.1375515539537804
2959,1.1719028539882388
2960,0.0
2961,-0.18987664500018175
2962,1.74540122050954
2963,0.0
2964,0.03774039089259473
2965,1.3092240577597964
2966,0.0
2967,0.5873312463507406
2968,2.151632208012246
2969,0.0
2970,0.5100392056628565
2971,2.423247454716513
2972,0.0
2973,0.03347152577532608
2974,2.6968165065485996
2975,0.0
2976,0.19088084394875093
2977,-10.0
2978,0.0
2979,0.4562373065722586
2980,1.7784576997053152
2981,0.0
2982,0.1572021377524061
2983,1.6907709364046093
2984,0.0
2985,1.545886657821124
2986,2.5115823253217706
2987,0.0
2988,0.7377503220107965
2989,3.4626902601829155
2990,0.0
2991,-0.20180436150561498
2992,1.1565346775522563
2993,0.0
2994,0.13511349573382836
2995,1.4042334579681626
2996,0.0
2997,0.010415957031767564
2998,1.4091990386863156
2999,0.0
3000,0.5043571843993074
3001,3.101571209794529
3002,0.0
3003,0.3908105729664483
3004,1.3644664033123948
3005,0.0
3006,0.2145705207194285
3007,1.7435789828002597
3008,0.0
3009,-10.0
3010,6.22699544823999
3011,0.0
3012,0.7827127350466255
3013,2.249864079437629
3014,0.0
3015,0.3220952069235007
3016,2.1969653080734526
3017,0.0
3018,-0.24814765015081253
3019,3.0368950811332867
3020,0.0
3021,0.05571567590115489
3022,1.6966426046222063
3023,0.0
3024,0.022264247167616324
3025,1.0222642371676165
3026,0.0
3027,0.21975891818142024
3028,1.3175770923730796
3029,0.0
3030,1.2960546525106924
3031,1.5498921086285777
3032,0.0
3033,0.001130202213081355
3034,2.977445192518224
3035,0.0
3036,0.14941065933571995
3037,1.9779712727935168
3038,0.0
3039,0.0
3040,0.050703806724272105
3041,1.6896694897627211
3042,0.0
3043,0.06427185844804673
3044,1.0776529683856553
3045,0.0
3046,0.8739636148055264
3047,-10.0
3048,0.0
3049,0.2952102791624257
3050,1.6616284488948998
3051,0.0
3052,-0.11900344651856354
3053,2.7866646877672316
3054,0.0
3055,-10.0
3056,2.0160799825411324
3057,0.0
3058,0.35841413491285123
3059,2.7228139517393273
3060,0.0
3061,0.019183118668405608
3062,1.5185589709145617
3063,0.0
3064,-0.08398309466790133
3065,2.664116378259819
3066,0.0
3067,-10.0
3068,2.2504595881048397
3069,0.0
3070,1.0453149823553787
3071,2.3245910636810483
3072,0.0
3073,-0.020972067274098727
3074,1.3820045480390604
3075,0.0
3076,0.3859837657821915
3077,6.1414944136795295
3078,0.0
3079,0.5736737712878966
3080,4.045749570246454
3081,0.0
3082,0.33004500457157515
3083,2.419774970698528
3084,0.0
3085,0.10656319240039924
3086,1.2276059126081558
3087,0.0
3088,0.7803877274751073
3089,3.6997560564355716
3090,0.0
3091,0.0
3092,0.4626900456122206
3093,-10.0
3094,0.0
3095,0.4340559296422889
3096,2.116273598629153
3097,0.0
3098,-0.19068838961724555
3099,1.311445573461938
3100,0.0
3101,0.5400418439465754
3102,5.204183659701434
3103,0.0
3104,0.8235867854516251
3105,1.844714718882682
3106,0.0
3107,0.5139445890220086
3108,2.25365683732206
3109,0.0
3110,0.03224726808715406
3111,2.2744765600446426
3112,0.0
3113,0.37933173075831184
3114,2.0771784391557606
3115,0.0
3116,-0.07113115055218233
3117,1.6504684226477242
3118,0.0
3119,0.21319747209428852
3120,4.5214070041863685
3121,0.0
3122,0.12030145956380978
3123,1.0003708015595585
3124,0.0
3125,0.12864065377518663
3126,1.3167962174474634
3127,0.0
3128,-0.09720763807939714
3129,0.9076317139690412
3130,0.0
3131,0.0591320144261297
3132,1.0591320044261299
3133,0.0
3134,0.08940159807596826
3135,1.1701174569843111
3136,0.0
3137,0.1768613087822467
3138,1.6253941193465518
3139,0.0
3140,0.05875096981577632
3141,-10.0
3142,0.0
3143,0.3703669654839058
3144,2.009812696936445
3145,0.0
3146,-0.15988674951085136
3147,1.40415327408792
3148,0.0
3149,0.0
3150,0.0
3151,0.15079914565424268
3152,1.005835232189252
3153,0.0
3154,0.23520410681819326
3155,1.5968819092969497
3156,0.0
3157,-0.07460958670652207
3158,1.1464158513170206
3159,0.0
3160,0.09784875295820072
3161,2.2178040945259654
3162,0.0
3163,0.5716230576660949
3164,3.925275733696175
3165,0.0
3166,0.30649173102557425
3167,1.2475889781570841
3168,0.0
3169,0.6336157718736667
3170,3.35930672407135
3171,0.0
3172,-0.11646442654143929
3173,1.6069425773718113
3174,0.0
3175,0.854567308970087
3176,0.6282146498834695
3177,0.0
3178,0.1516648313606589
3179,1.2648265950632973
3180,0.0
3181,-10.0
3182,11.482671876125831
3183,0.0
3184,0.31226194181847833
3185,2.2925265537208377
3186,0.0
3187,1.6282771528433053
3188,3.5921631872937327
3189,0.0
3190,-0.12528009968615672
3191,1.8988975770133396
3192,0.0
3193,0.36845526148998975
3194,1.4995493829314603
3195,0.0
3196,0.4822463775332303
3197,-10.0
3198,0.0
3199,-0.029731299100693498
3200,1.5880798712027935
3201,0.0
3202,0.19577619692731962
3203,1.2362512937332808
3204,0.0
3205,0.41627277045232003
3206,4.211294133809585
3207,0.0
3208,0.06809537403454746
3209,1.2554843356590166
3210,0.0
3211,0.45248794863920117
3212,1.8412834371291755
3213,0.0
3214,0.869062824928032
3215,2.896301943394258
3216,0.0
3217,-10.0
3218,3.4435982180468674
3219,0.0
3220,0.5100392056628565
3221,1.6745609860290265
3222,0.0
3223,0.9312967414157823
3224,2.2452302603765775
3225,0.0
3226,0.9853889828933929
3227,1.343324413862277
3228,0.0
3229,0.3703000357405418
3230,5.39543650515515
3231,0.0
3232,0.38441980679378107
3233,-10.0
3234,0.0
3235,0.09885964894549482
3236,2.0225623466896634
3237,0.0
3238,0.022264247167616324
3239,2.225410942032445
3240,0.0
3241,0.08838134712747803
3242,2.47710532454107
3243,0.0
3244,-10.0
3245,4.181821751820897
3246,0.0
3247,0.026176966139571767
3248,1.352544963155689
3249,0.0
3250,0.0
3251,-0.007158154737118894
3252,2.9017465942936393
3253,0.0
3254,-10.0
3255,7.36916109158372
3256,0.0
3257,0.43982859777356864
3258,4.123447381075061
3259,0.0
3260,0.3360868751135967
3261,1.5586178038194312
3262,0.0
3263,0.14292857513953872
3264,1.1242865323733082
3265,0.0
3266,0.6920019064227053
3267,2.1923394896265997
3268,0.0
3269,0.32868088064905143
3270,1.5378653309945345
3271,0.0
3272,0.48416330443808053
3273,1.4841632944380807
3274,0.0
3275,0.381418945957099
3276,5.008840531694926
3277,0.0
3278,-10.0
3279,2.5505387539696667
3280,0.0
3281,0.029723350911409985
3282,1.2736991002200422
3283,0.0
3284,0.38036365105199443
3285,3.314430255160098
3286,0.0
3287,0.0
3288,0.531360914814781
3289,2.0616947794532394
3290,0.0
3291,0.5056659443311101
3292,1.3806347547218227
3293,0.0
3294,0.5929775893835046
3295,1.11584324156566
3296,0.0
3297,0.08792060560815196
3298,1.626209991925074
3299,0.0
3300,0.07919642544962568
3301,2.84358013064376
3302,0.0
3303,0.0727657139345067
3304,1.7416666229337656
3305,0.0
3306,0.2694520818420275
3307,4.265106435892022
3308,0.0
3309,0.17765301163548297
3310,1.7742707774252762
3311,0.0
3312,0.8777834735062103
3313,1.9343347367186756
3314,0.0
3315,0.26912839653731246
3316,4.615786570564563
3317,0.0
3318,0.3546821647167394
3319,2.8286057592067952
3320,0.0
3321,0.014134915088898636
3322,1.829330964215534
3323,0.0
3324,0.5739641203249003
3325,2.5122498038522174
3326,0.0
3327,0.40898992156665204
3328,-10.0
3329,0.0
3330,0.17858434033954074
3331,1.4445421750863157
3332,0.0
3333,0.0
3334,1.6713285598961205
3335,3.306055438341287
3336,0.0
3337,0.21640226345308056
3338,2.2065054047918418
3339,0.0
3340,0.10030032423537782
3341,1.1933420815395146
3342,0.0
3343,2.214750052514015
3344,1.7114765822660631
3345,0.0
3346,1.0770448865557736
3347,9.890317054452868
3348,0.0
3349,0.16543359665272728
3350,-10.0
3351,0.0
3352,0.47269440955039876
3353,2.1256386225533443
3354,0.0
3355,-0.08563912836710152
3356,1.8132371307337165
3357,0.0
3358,0.4153286607944514
3359,1.6995309079278405
3360,0.0
3361,0.5425161490306557
3362,5.738728543912469
3363,0.0
3364,0.051441641962804874
3365,1.1350646551574257
3366,0.0
3367,1.2286653048611589
3368,5.320365140237744
3369,0.0
3370,-10.0
3371,1.8619560540883262
3372,0.0
3373,0.26385502841518316
3374,1.1706210493519886
3375,0.0
3376,0.2825513320970757
3377,2.3127796941252843
3378,0.0
3379,-0.2685702644187933
3380,1.7847591469374797
3381,0.0
3382,0.09484263783133617
3383,2.3108035370982565
3384,0.0
3385,0.2021134293512895
3386,1.285680330916066
3387,0.0
3388,0.4367267789205128
3389,1.884955981380067
3390,0.0
3391,-0.09552945307964722
3392,1.193584844952402
3393,0.0
3394,-0.02239307789429168
3395,2.3894741498771443
3396,0.0
3397,2.27305178987231
3398,-10.0
3399,0.0
3400,0.46775779602671663
3401,1.1778321863021937
3402,0.0
3403,0.2512528023477275
3404,-10.0
3405,0.0
3406,0.08680789647612952
3407,1.3243421573525893
3408,0.0
3409,-10.0
3410,2.648500587317984
3411,0.0
3412,0.19546205676253903
3413,1.6342035091654101
3414,0.0
3415,0.0
3416,0.0
3417,0.731911156064491
3418,1.7444021965536292
3419,0.0
3420,0.7155097552362252
3421,2.313320714536638
3422,0.0
3423,0.31569923720180026
3424,2.3721053710720836
3425,0.0
3426,-0.09891724999481788
3427,0.76135365251219
3428,0.0
3429,0.46015585675098236
3430,1.5448973958413013
3431,0.0
3432,1.6296728167305594
3433,1.595715264337457
3434,0.0
3435,0.3096091192147331
3436,2.651616229603193
3437,0.0
3438,0.3145326767528286
3439,1.9129161738089537
3440,0.0
3441,0.3075912463278011
3442,3.488067924005663
3443,0.0
3444,-0.045589380421116155
3445,2.5108652326574674
3446,0.0
3447,0.6914851446182005
3448,2.1995153485706354
3449,0.0
3450,0.2996189782150841
3451,1.6206427465949695
3452,0.0
3453,1.964918430520071
3454,2.1093680258618286
3455,0.0
3456,0.4955605037195684
3457,3.0780013821827774
3458,0.0
3459,0.42343718698414945
3460,3.125047826151083
3461,0.0
3462,1.7558168911387875
3463,2.2349584183206295
3464,0.0
3465,1.0989007845042722
3466,2.5943743684603415
3467,0.0
3468,0.6285736960907474
3469,2.3643219637786035
3470,0.0
3471,0.1916853721458952
3472,2.3971731676223023
3473,0.0
3474,0.46482341210444333
3475,1.9450110648980772
3476,0.0
3477,0.38672677913530806
3478,1.5434497552062552
3479,0.0
3480,0.6561742531588605
3481,1.1946436292611398
3482,0.0
3483,0.0
3484,-10.0
3485,3.1123942475098723
3486,0.0
3487,-0.03711348313797491
3488,2.2539711337038364
3489,0.0
3490,0.0
3491,0.4226305635367852
3492,1.5753840558184224
3493,0.0
3494,-0.22166795614430224
3495,2.028976156993647
3496,0.0
3497,0.02341113370547243
3498,1.7752311109961367
3499,0.0
3500,0.3248339908351071
3501,1.7170287737521892
3502,0.0
3503,-10.0
3504,2.2290237965944044
3505,0.0
3506,0.7587569269249704
3507,-10.0
3508,0.0
3509,-0.031970867865039
3510,1.2392976763817685
3511,0.0
3512,0.24237653911034351
3513,4.384733021548003
3514,0.0
3515,0.2791151888541762
3516,1.8296624014683829
3517,0.0
3518,0.0
3519,0.0
3520,0.705874016128394
3521,1.2516095965834693
3522,0.0
3523,0.574713677058056
3524,2.4483992406558532
3525,0.0
3526,0.2586801452348587
3527,1.1228212135579854
3528,0.0
3529,1.0729255647331275
3530,7.711713410774668
3531,0.0
3532,0.5283579422164891
3533,2.151717691658216
3534,0.0
3535,-10.0
3536,2.3972930666852323
3537,0.0
3538,-0.020643368325621303
3539,1.9209809074365216
3540,0.0
3541,0.07895890899247016
3542,1.4640071465452809
3543,0.0
3544,1.0700324502407583
3545,2.1982303496407387
3546,0.0
3547,-0.1760574670121573
3548,2.1773520811089515
3549,0.0
3550,-0.03391755941582675
3551,1.525452780647164
3552,0.0
3553,0.5929316041713458
3554,1.7770786417164264
3555,0.0
3556,0.2276449905292638
3557,1.387304210575566
3558,0.0
3559,0.46346215356293785
3560,2.403554055921063
3561,0.0
3562,0.2500795918040001
3563,1.2005810067458202
3564,0.0
3565,0.013073343170753815
3566,1.9460954172484428
3567,0.0
3568,0.10030032423537782
3569,1.2292540850031455
3570,0.0
3571,0.675456330813231
3572,1.6712784615412841
3573,0.0
3574,0.07259238470728635
3575,1.8883864950591533
3576,0.0
3577,0.951217642624982
3578,2.1521024720190667
3579,0.0
3580,-0.1304785540805098
3581,1.3831147435171072
3582,0.0
3583,1.2904198742637796
3584,2.296707422039012
3585,0.0
3586,-0.2444018385965483
3587,1.2198048185892727
3588,0.0
3589,0.30505343263479745
3590,5.536972150856284
3591,0.0
3592,-0.016007106093758217
3593,1.8198826871629246
3594,0.0
3595,0.12821815633027123
3596,1.8064986009646753
3597,0.0
3598,0.059282982293357045
3599,2.105228039229929
3600,0.0
3601,0.12298168717927671
3602,1.3157642387887531
3603,0.0
3604,0.17478731353329235
3605,2.449106808278641
3606,0.0
3607,-0.026329731830671887
3608,1.092310229902162
3609,0.0
3610,0.6199753524093258
3611,1.9997145357963277
3612,0.0
3613,-0.02928513671545674
3614,5.039068162628718
3615,0.0
3616,0.16945364941785257
3617,1.958847117235705
3618,0.0
3619,0.23066691773492665
3620,1.9183675883414084
3621,0.0
3622,-10.0
3623,2.8902404978790757
3624,0.0
3625,-0.02641408580034621
3626,6.7414620100132225
3627,0.0
3628,0.6311614787246486
3629,1.9918396234368725
3630,0.0
3631,0.255985224213196
3632,1.620476084489694
3633,0.0
3634,0.5454607421388359
3635,2.650375593650743
3636,0.0
3637,-0.22283153505548647
3638,1.6811060115385723
3639,0.0
3640,0.18351214621117717
3641,2.010398095987255
3642,0.0
3643,0.16211995886141473
3644,1.6161304093418412
3645,0.0
3646,0.21104493739432184
3647,2.304743094273147
3648,0.0
3649,0.2877437464560407
3650,5.67910489998439
3651,0.0
3652,0.11764580255786805
3653,3.000489592358257
3654,0.0
3655,0.19185964743284567
3656,1.1061520954541402
3657,0.0
3658,0.01603267813720055
3659,1.7695646623185977
3660,0.0
3661,0.17156668223740656
3662,2.0221302554441074
3663,0.0
3664,-0.06004909305520845
3665,0.8554449990430276
3666,0.0
3667,0.8752749767899316
3668,2.252070060052192
3669,0.0
3670,0.0
3671,0.0
3672,1.6051217479101831
3673,1.0838986314689818
3674,0.0
3675,0.07279100445537312
3676,2.4612246124935337
3677,0.0
3678,0.0
3679,0.20884574106607146
3680,1.5902421108743443
3681,0.0
3682,0.7112256505312554
3683,1.6492739798086358
3684,0.0
3685,0.19267217917230595
3686,1.5806241574533835
3687,0.0
3688,-0.0697943161524921
3689,1.908564220134329
3690,0.0
3691,0.7342169377403166
3692,1.8321580520363403
3693,0.0
3694,0.29103165838868084
3695,1.8049505556101253
3696,0.0
3697,-0.16745485084190526
3698,1.563364637851898
3699,0.0
3700,0.16196085592850717
3701,2.34706364429075
3702,0.0
3703,0.5555202294459286
3704,3.7215421900506724
3705,0.0
3706,-0.12130679219240814
3707,1.2613090943057796
3708,0.0
3709,-0.1543414693806151
3710,2.0603382317652126
3711,0.0
3712,1.0711387770214498
3713,3.3525883854824117
3714,0.0
3715,0.4626900456122206
3716,1.8676727483148514
3717,0.0
3718,0.5800272238045748
3719,0.7385040396427893
3720,0.0
3721,0.41858204167749624
3722,2.536015102502863
3723,0.0
3724,0.2183067369215962
3725,3.119792448994934
3726,0.0
3727,1.244001153995134
3728,3.069440161872122
3729,0.0
3730,0.42695254987564624
3731,2.5703157215973524
3732,0.0
3733,0.09633813491154963
3734,2.4182226810442913
3735,0.0
3736,0.9825841386468744
3737,6.68859039658515
3738,0.0
3739,0.0
3740,1.6322570794169016
3741,2.132225034632862
3742,0.0
3743,0.39443178487166286
3744,1.3974079541960946
3745,0.0
3746,0.05029492851371831
3747,1.4311722843695007
3748,0.0
3749,2.6330324536687857
3750,3.315630534866838
3751,0.0
3752,0.043334101411664716
3753,1.573067508360102
3754,0.0
3755,0.5371746052986143
3756,1.7515407205370177
3757,0.0
3758,-0.20846869081282737
3759,2.1965803801727053
3760,0.0
3761,-0.35548020468049024
3762,2.6341223520602286
3763,0.0
3764,0.15042977654150802
3765,2.0239225001862344
3766,0.0
3767,0.7831557991416987
3768,2.069003330036502
3769,0.0
3770,1.5224470352129553
3771,4.396881958574129
3772,0.0
3773,0.39014752681473175
3774,1.3897829526147496
3775,0.0
3776,0.6309611040757434
3777,4.074934621004468
3778,0.0
3779,0.04101849395217683
3780,2.114625801316631
3781,0.0
3782,0.12723003892634155
3783,1.4373269083672109
3784,0.0
3785,0.4744241169255762
3786,1.5546860836312566
3787,0.0
3788,0.7452379615912624
3789,1.5710890976617922
3790,0.0
3791,1.3088041466714588
3792,2.726500693833668
3793,0.0
3794,1.1279720939381188
3795,5.550474080183671
3796,0.0
3797,0.10636086240355092
3798,1.2251079464713062
3799,0.0
3800,-0.019589398736866825
3801,2.371079587685613
3802,0.0
3803,0.7302940302123898
3804,2.5983853148204243
3805,0.0
3806,-0.10511361582804135
3807,-10.0
3808,0.0
3809,0.5987024065151781
3810,-10.0
3811,0.0
3812,0.2552405790870652
3813,3.9314031117686845
3814,0.0
3815,0.8429817515306236
3816,1.5907520126039678
3817,0.0
3818,0.3676468902358957
3819,2.829403919015301
3820,0.0
3821,0.027708520545509985
3822,1.9187736568023208
3823,0.0
3824,0.4617435187314275
3825,-10.0
3826,0.0
3827,-0.09434741148875792
3828,1.2082417073188914
3829,0.0
3830,0.13242946822513668
3831,4.56636340478863
3832,0.0
3833,0.0069361390759633545
3834,1.6165020405923853
3835,0.0
3836,0.275129177853909
3837,2.1169262451752147
3838,0.0
3839,0.5640122092897292
3840,1.4475805177349628
3841,0.0
3842,0.2141630816048502
3843,1.502837658931431
3844,0.0
3845,1.3679406185662284
3846,2.840917491114839
3847,0.0
3848,1.2083086567363948
3849,2.798437932546428
3850,0.0
3851,0.2794947478986557
3852,2.3700004756944
3853,0.0
3854,-0.2645330676983231
3855,1.9144402381398202
3856,0.0
3857,0.4976461281476493
3858,2.2862666277251886
3859,0.0
3860,0.14779211870518127
3861,0.9390333651433129
3862,0.0
3863,0.4385594759993844
3864,1.7292698039172503
3865,0.0
3866,-0.1999974224990596
3867,0.8423277775127976
3868,0.0
3869,0.13958862385971094
3870,1.9947078747042757
3871,0.0
3872,-0.0985259035664322
3873,1.2315584778860962
3874,0.0
3875,-0.07113115055218233
3876,1.8613154438994766
3877,0.0
3878,0.28115831656956936
3879,4.6541364002890235
3880,0.0
3881,0.06433767031738624
3882,5.463274865383993
3883,0.0
3884,-0.01199588734118573
3885,1.8014898962217467
3886,0.0
3887,0.004244622646717544
3888,3.121316476347171
3889,0.0
3890,0.0695997789272168
3891,1.9510811492313083
3892,0.0
3893,-0.12887455926888558
3894,1.495993374466456
3895,0.0
3896,-0.13695098488282598
3897,0.9999631929724642
3898,0.0
3899,0.7499455445612498
3900,4.757844134474963
3901,0.0
3902,0.8245954282647442
3903,2.6617619448520142
3904,0.0
3905,0.5079602903035491
3906,1.7473288236535158
3907,0.0
3908,0.49228578319173677
3909,1.5007629558047115
3910,0.0
3911,0.5072431035260304
3912,2.013476623916059
3913,0.0
3914,-0.1210856505300777
3915,2.1881562893362205
3916,0.0
3917,0.15950384060732825
3918,2.086375649613111
3919,0.0
3920,0.0
3921,0.589752546178972
3922,3.14833987163022
3923,0.0
3924,0.21053106734987026
3925,2.256390814055213
3926,0.0
3927,0.2355475717470522
3928,3.597570073008842
3929,0.0
3930,1.3456810085083784
3931,2.1712125414430714
3932,0.0
3933,0.8790978504403203
3934,3.2381554198220845
3935,0.0
3936,0.698646330171547
3937,2.36308716080394
3938,0.0
3939,4.048688121839241
3940,10.648793959034702
3941,0.0
3942,0.0922369998776974
3943,8.007257350646803
3944,0.0
3945,0.38280675948884146
3946,8.374165828297155
3947,0.0
3948,1.002574809943634
3949,1.735251001799109
3950,0.0
3951,0.5577959970398662
3952,1.751393379461307
3953,0.0
3954,2.5254914299951285
3955,1.3658374077340456
3956,0.0
3957,0.0
3958,0.4542718376583462
3959,3.9055232404445848
3960,0.0
3961,0.6888255238392847
3962,11.554255110530395
3963,0.0
3964,0.659677368459786
3965,7.0018716172440865
3966,0.0
3967,1.678888050429689
3968,2.4280248957642008
3969,0.0
3970,0.6178498621307612
3971,2.190881130164126
3972,0.0
3973,0.8510629669100417
3974,3.2069966157370535
3975,0.0
3976,0.8710641129436881
3977,2.6818039091381287
3978,0.0
3979,0.35611263010649663
3980,1.8541439920539955
3981,0.0
3982,-0.2311245674050586
3983,1.0623887905094782
3984,0.0
3985,2.1277657679423587
3986,8.969804582507155
3987,0.0
3988,0.7286980933261001
3989,1.201035088784031
3990,0.0
3991,-10.0
3992,3.240043225900866
3993,0.0
3994,2.1203282615921375
3995,-10.0
3996,0.0
3997,0.869062824928032
3998,2.116440976282693
3999,0.0
4000,0.38791127455545504
4001,4.453559203946632
4002,0.0
4003,0.381418945957099
4004,3.7848081407016068
4005,0.0
4006,0.2833449055190488
4007,1.402764441010886
4008,0.0
4009,-0.14473918250835205
4010,0.4909417892522723
4011,0.0
4012,-0.21190015012206587
4013,1.4473072488942256
4014,0.0
4015,0.3029281288998157
4016,2.7387237434780385
4017,0.0
4018,0.7068037935019854
4019,2.6436437249165237
4020,0.0
4021,0.2796740624263515
4022,2.0256061477608274
4023,0.0
4024,0.18700099485463773
4025,2.39469946971656
4026,0.0
4027,-10.0
4028,3.71268929544411
4029,0.0
4030,-0.12263446026304792
4031,4.417527385198797
4032,0.0
4033,0.4958830945829503
4034,2.768563587301406
4035,0.0
4036,0.4707057832188267
4037,1.9721522358518981
4038,0.0
4039,1.6800590394893349
4040,3.387837049259659
4041,0.0
4042,0.007228262177598421
4043,1.8324562176068988
4044,0.0
4045,0.5139390692229023
4046,2.0236551327223906
4047,0.0
4048,0.2653170585445527
4049,1.985044426184762
4050,0.0
4051,0.3534997481261398
4052,-10.0
4053,0.0
4054,0.24886819980114072
4055,2.078332806555119
4056,0.0
4057,0.09086921801835512
4058,3.5138277726486273
4059,0.0
4060,0.11527380699578427
4061,1.9171009249056532
4062,0.0
4063,1.545305929776736
4064,9.093945842621757
4065,0.0
4066,0.3407693286069443
4067,2.5929704134304634
4068,0.0
4069,0.10072580129519093
4070,1.2733282564437087
4071,0.0
4072,0.6962166823793329
4073,2.892583917631219
4074,0.0
4075,0.07895890899247016
4076,1.1834365176236705
4077,0.0
4078,-0.21742639528936003
4079,1.7604234247292596
4080,0.0
4081,0.6358713662769754
4082,1.3049955187561082
4083,0.0
4084,0.16237606216476552
4085,-10.0
4086,0.0
4087,0.284423668755749
4088,-10.0
4089,0.0
4090,0.48075803297917685
4091,2.50977107511613
4092,0.0
4093,0.08680789647612952
4094,1.5015397499616423
4095,0.0
4096,0.2520636005229394
4097,7.9329204335234005
4098,0.0
4099,0.3253892228725047
4100,-10.0
4101,0.0
4102,4.583544675733013
4103,-2.474489028863708
4104,0.0
4105,0.4059376506511919
4106,1.3030615240047632
4107,0.0
4108,0.35215183618629975
4109,2.0126197816885893
4110,0.0
4111,0.29776517900938704
4112,2.279460452013141
4113,0.0
4114,1.0449991942391237
4115,2.3201330258428254
4116,0.0
4117,0.012469447158824809
4118,1.5546510112034617
4119,0.0
4120,0.28115831656956936
4121,3.2251126683271663
4122,0.0
4123,0.4456432729515004
4124,1.8048203947329358
4125,0.0
4126,0.05646560920553678
4127,1.0270891436339291
4128,0.0
4129,0.23207122545580494
4130,1.8546123173641325
4131,0.0
4132,0.131771336435471
4133,1.750009116477712
4134,0.0
4135,0.21019837019277288
4136,1.0890568161613046
4137,0.0
4138,-0.07182546341123153
4139,1.8382555444065707
4140,0.0
4141,0.38024137239404554
4142,2.99788200089504
4143,0.0
4144,0.4955813769966343
4145,3.1035243623158086
4146,0.0
4147,0.3986042560178561
4148,2.687845573688785
4149,0.0
4150,-0.03333483587718933
4151,1.163950403991031
4152,0.0
4153,0.520331633255123
4154,2.279166279003313
4155,0.0
4156,-0.006761730869375926
4157,1.6418423032081682
4158,0.0
4159,1.531190382214298
4160,5.712562159926106
4161,0.0
4162,0.5704909969628175
4163,-10.0
4164,0.0
4165,0.24014560930965334
4166,1.7783681593384222
4167,0.0
4168,-0.23433936817316292
4169,1.5071884852701771
4170,0.0
4171,0.20840450376111097
4172,1.6120570478854155
4173,0.0
4174,0.578109705242379
4175,3.9558863451323973
4176,0.0
4177,1.2422409469039652
4178,2.2932712842529606
4179,0.0
4180,0.1658446604120335
4181,1.087012872932056
4182,0.0
4183,0.014329135822601091
4184,1.20859869397979
4185,0.0
4186,0.6000228572383323
4187,0.5833525642989215
4188,0.0
4189,0.26630595119028777
4190,1.6770189566101765
4191,0.0
4192,-0.061478660806870145
4193,1.5030326786837342
4194,0.0
4195,1.1789873837719687
4196,1.6822664128238536
4197,0.0
4198,0.13036342893212416
4199,1.7695529578362652
4200,0.0
4201,0.1401738500289088
4202,1.6207363442241514
4203,0.0
4204,0.32102654311167467
4205,1.748317335877998
4206,0.0
4207,0.007228262177598421
4208,2.756990919266599
4209,0.0
4210,0.2393682939485987
4211,2.3403126374135548
4212,0.0
4213,0.15695918858402103
4214,2.3669591322487085
4215,0.0
4216,0.3104024227479013
4217,1.5581906039848767
4218,0.0
4219,-0.20884097098689558
4220,1.6813730711856025
4221,0.0
4222,0.04880165015340421
4223,2.6791454199495597
4224,0.0
4225,0.037886813303520284
4226,-10.0
4227,0.0
4228,0.3287241414766634
4229,1.130626345542037
4230,0.0
4231,0.3323850226823787
4232,2.3649761155488456
4233,0.0
4234,2.619057028362043
4235,1.5298685288753169
4236,0.0
4237,0.051958670218994585
4238,1.8728862956538868
4239,0.0
4240,-0.3269980712891579
4241,0.9963571985176649
4242,0.0
4243,1.3902068617754906
4244,1.3071400769130876
4245,0.0
4246,0.6758742265161736
4247,1.3709557528511371
4248,0.0
4249,0.5068687024694941
4250,2.0046443617975047
4251,0.0
4252,0.8692658114398707
4253,2.0300047013258484
4254,0.0
4255,0.41359398011236126
4256,1.9017283920900951
4257,0.0
4258,0.5202275469885432
4259,2.4901393591883494
4260,0.0
4261,-0.02883140895435221
4262,2.0108848473315506
4263,0.0
4264,-0.35078230470705374
4265,0.9793776074191682
4266,0.0
4267,2.5627413755369015
4268,4.26400626644285
4269,0.0
4270,0.34166315733427177
4271,2.820782683798575
4272,0.0
4273,0.00014565151034873214
4274,2.7755689851580043
4275,0.0
4276,0.40485978695929414
4277,1.707971324736461
4278,0.0
4279,-0.13635799344735666
4280,1.452798134490913
4281,0.0
4282,0.2384919305802221
4283,1.899025243305664
4284,0.0
4285,0.29991323314385954
4286,1.1218616463301596
4287,0.0
4288,0.08730178893904006
4289,1.8080394473429526
4290,0.0
4291,0.0226015331323125
4292,1.2110917158439203
4293,0.0
4294,0.06197138656821133
4295,2.5493450078410196
4296,0.0
4297,0.0
4298,0.0
4299,-0.20410673994365935
4300,1.5826429510680966
4301,0.0
4302,0.44565270989339767
4303,2.862826528262705
4304,0.0
4305,0.45569526850541975
4306,2.4627963160001993
4307,0.0
4308,0.25880205783168886
4309,1.381227043574924
4310,0.0
4311,1.2383741526191465
4312,-10.0
4313,0.0
4314,0.8013367678806068
4315,2.2089623461096544
4316,0.0
4317,0.46468170877262305
4318,4.285598994768559
4319,0.0
4320,0.08615887817099865
4321,1.9465385234404846
4322,0.0
4323,0.1495252904815666
4324,-10.0
4325,0.0
4326,-0.009514238932370689
4327,5.578926856089678
4328,0.0
4329,0.20872082159554262
4330,0.8097514835507267
4331,0.0
4332,0.568037962219866
4333,4.008683024988338
4334,0.0
4335,0.3352591727878286
4336,1.9908052820150142
4337,0.0
4338,0.2884696914581105
4339,1.642650009616659
4340,0.0
4341,-0.07576623188295228
4342,2.1793285694421582
4343,0.0
4344,0.4761939711721984
4345,3.659753011111997
4346,0.0
4347,0.8273913938431182
4348,3.7359606061030592
4349,0.0
4350,0.4764575977831903
4351,2.518661771446993
4352,0.0
4353,0.3632864538970356
4354,2.2890010954420514
4355,0.0
4356,-0.04418301996643992
4357,0.9250971692389391
4358,0.0
4359,0.17177736395686194
4360,2.53456671428997
4361,0.0
4362,0.659677368459786
4363,2.5870741010194505
4364,0.0
4365,-0.11267901387725343
4366,3.0781320492290574
4367,0.0
4368,0.28781403752793955
4369,2.2262149734204124
4370,0.0
4371,0.25443807350419967
4372,1.8491400956433406
4373,0.0
4374,1.375981315847389
4375,3.7581976958841867
4376,0.0
4377,0.27640021843103846
4378,2.2371930888995224
4379,0.0
4380,0.4100501931201944
4381,1.1328623803290063
4382,0.0
4383,0.0
4384,0.019768004022849284
4385,-10.0
4386,0.0
4387,0.0646517698065866
4388,2.1683667877828983
4389,0.0
4390,0.6823378144655411
4391,3.772451951618277
4392,0.0
4393,1.33690087564369
4394,-10.0
4395,0.0
4396,0.3757807862928949
4397,5.578360739911073
4398,0.0
4399,1.9706215885264617
4400,2.7341511283331945
4401,0.0
4402,0.28605378202961396
4403,-10.0
4404,0.0
4405,0.36171800732874837
4406,2.144337042190677
4407,0.0
4408,0.3129495824094294
4409,1.9636290550481212
4410,0.0
4411,0.3287241414766634
4412,4.057942293603682
4413,0.0
4414,-0.06592528338080084
4415,2.2726800768773927
4416,0.0
4417,-0.28115594554330947
4418,1.4088155322572642
4419,0.0
4420,0.06103776664110827
4421,2.6619884984463846
4422,0.0
4423,-0.21473459127349037
4424,2.5237198612904237
4425,0.0
4426,0.6753013634317465
4427,-10.0
4428,0.0
4429,-0.0357964373027122
4430,2.282920629187425
4431,0.0
4432,0.8032648796668479
4433,1.2670379579128128
4434,0.0
4435,0.598761806126331
4436,2.8789294792901234
4437,0.0
4438,0.6817927089770696
4439,2.819111758304307
4440,0.0
4441,0.37232823743715004
4442,-10.0
4443,0.0
4444,0.7564601394319598
4445,10.823956623024387
4446,0.0
4447,0.3263063950801831
4448,1.8606039428777175
4449,0.0
4450,0.26847696775164887
4451,1.3428069659427893
4452,0.0
4453,0.16157364638298322
4454,-10.0
4455,0.0
4456,0.11016573594036838
4457,1.0572826108566082
4458,0.0
4459,0.09823130616708797
4460,1.905995914930544
4461,0.0
4462,0.29052167897984604
4463,2.4222864319288666
4464,0.0
4465,1.8694194062133813
4466,2.2070278504728336
4467,0.0
4468,0.20421797640037742
4469,1.7112378621845163
4470,0.0
4471,1.394918667012556
4472,3.6215672718254845
4473,0.0
4474,-10.0
4475,3.016294074819332
4476,0.0
4477,1.311458290148062
4478,2.4462866210857004
4479,0.0
4480,0.03224726808715406
4481,2.763843357166551
4482,0.0
4483,0.43513939549468417
4484,1.4351393854946843
4485,0.0
4486,0.6026914998006626
4487,0.9449763707991432
4488,0.0
4489,-0.11135430405062807
4490,1.3207526768754847
4491,0.0
4492,-0.00908109201560059
4493,2.6308478548949834
4494,0.0
4495,1.0058619488738936
4496,2.093612746163826
4497,0.0
4498,0.15148207437723882
4499,1.3111111967574254
4500,0.0
4501,0.013007292677384208
4502,1.6864122634466268
4503,0.0
4504,-0.0909643057069488
4505,3.1225644960656016
4506,0.0
4507,1.8694194062133813
4508,2.8694193962133814
4509,0.0
4510,0.49606054519532206
4511,1.8970917840861465
4512,0.0
4513,0.6389391501380995
4514,2.6599415584351407
4515,0.0
4516,0.520331633255123
4517,2.305209819800928
4518,0.0
4519,0.9202219444369891
4520,1.3556127164785812
4521,0.0
4522,0.5154458110389665
4523,1.3990299890034825
4524,0.0
4525,0.012469447158824809
4526,3.025775306775722
4527,0.0
4528,-0.0509225469853396
4529,0.9214165286320856
4530,0.0
4531,-0.06618019484616222
4532,1.9762187375925664
4533,0.0
4534,0.2965483065958098
4535,2.4570078286746675
4536,0.0
4537,0.11841403450366672
4538,1.5985350834778234
4539,0.0
4540,0.22753248538583548
4541,0.9999504910158952
4542,0.0
4543,0.4908010367650463
4544,2.8454378404912637
4545,0.0
4546,0.4571566429631698
4547,2.9713670373971124
4548,0.0
4549,0.044388160694521894
4550,1.5451371590097913
4551,0.0
4552,0.07987899050979841
4553,3.603955666605093
4554,0.0
4555,0.08055728777833149
4556,2.0463686786830424
4557,0.0
4558,0.6964147002983317
4559,2.1992663886643617
4560,0.0
4561,0.47824312835125016
4562,3.1711275236636256
4563,0.0
4564,1.066537723373747
4565,2.7937346874732736
4566,0.0
4567,1.2635998608551118
4568,3.0414783814743807
4569,0.0
4570,-0.220670887241464
4571,2.074309623534037
4572,0.0
4573,0.5853837118638806
4574,1.8428183131640066
4575,0.0
4576,1.4366189743821667
4577,3.165094421972761
4578,0.0
4579,0.24192906122182156
4580,1.4074660776683519
4581,0.0
4582,0.14108938691664197
4583,1.547455739872749
4584,0.0
4585,-0.04713507037574127
4586,3.0152027529561334
4587,0.0
4588,1.1881034388172553
4589,2.1282794697730636
4590,0.0
4591,1.6079611531318116
4592,3.3739144971915085
4593,0.0
4594,-0.05447037256314102
4595,5.230665186695457
4596,0.0
4597,2.619243927171149
4598,0.9241380959959153
4599,0.0
4600,0.14684885250977942
4601,1.1774313950221038
4602,0.0
4603,0.3914582816966513
4604,1.6504686829976312
4605,0.0
4606,-0.10433281911144243
4607,2.2699458171389484
4608,0.0
4609,1.053639062924959
4610,4.709571592705325
4611,0.0
4612,0.5004164629808644
4613,2.025467720940416
4614,0.0
4615,1.1861295043071314
4616,2.3469942120713463
4617,0.0
4618,0.35419165995919266
4619,1.1873564163978043
4620,0.0
4621,1.4973031661529919
4622,1.826523873374652
4623,0.0
4624,0.37862774295166324
4625,1.6056698321424625
4626,0.0
4627,0.20543225995348113
4628,1.9918625914231354
4629,0.0
4630,0.24282889639758742
4631,1.6243440479090416
4632,0.0
4633,0.2966267488895139
4634,3.220453916777307
4635,0.0
4636,0.22365823668112317
4637,1.4691950211285605
4638,0.0
4639,0.1508183618873301
4640,2.754499318487124
4641,0.0
4642,0.1598756586045066
4643,1.989733214470597
4644,0.0
4645,0.0
4646,0.04733222578129703
4647,2.0485529235049613
4648,0.0
4649,0.4072517766983369
4650,1.8206911660527592
4651,0.0
4652,1.0141274473105164
4653,2.559716631647405
4654,0.0
4655,1.6078530512965816
4656,2.6990067604477566
4657,0.0
4658,0.35495170143174615
4659,1.5366361898211127
4660,0.0
4661,1.5441407866007189
4662,2.273717662034199
4663,0.0
4664,0.5453790676843374
4665,1.7377448196334193
4666,0.0
4667,0.3367736816243173
4668,2.286470345500228
4669,0.0
4670,0.5129853006817376
4671,1.9938647935567513
4672,0.0
4673,-0.20852587144089352
4674,1.80675434374084
4675,0.0
4676,2.2455843325561027
4677,4.281617752618237
4678,0.0
4679,0.2965483065958098
4680,1.7645930812361386
4681,0.0
4682,0.47428670052254296
4683,-10.0
4684,0.0
4685,0.5314197927773207
4686,2.8153282572498117
4687,0.0
4688,0.2926361439414845
4689,1.434208487712805
4690,0.0
4691,0.24237105632200018
4692,1.0915402014917752
4693,0.0
4694,0.7257961601984887
4695,2.1286407161664256
4696,0.0
4697,0.19804954303720612
4698,1.4705792407908451
4699,0.0
4700,0.05451898550660006
4701,1.5548712143174228
4702,0.0
4703,1.7358555673042346
4704,3.4937730504666717
4705,0.0
4706,0.43399711941179164
4707,1.2518177696093797
4708,0.0
4709,0.6630184827383788
4710,1.7063555913675417
4711,0.0
4712,-0.06879675866869805
4713,1.2236033376841602
4714,0.0
4715,0.10082319320561506
4716,1.29997978154406
4717,0.0
4718,-0.2554965140208335
4719,1.2628823808164924
4720,0.0
4721,0.13741913046909604
4722,1.5288732425893343
4723,0.0
4724,0.28108637871266084
4725,1.7142959924073962
4726,0.0
4727,0.3377656181689531
4728,2.6985315104805365
4729,0.0
4730,0.6914861781713056
4731,2.486634573664949
4732,0.0
4733,0.45314137610042093
4734,1.253563716136102
4735,0.0
4736,0.37037634973741007
4737,3.5362301685258064
4738,0.0
4739,0.12563944857303422
4740,0.8335540357460787
4741,0.0
4742,0.08683541799730043
4743,2.6619402957769314
4744,0.0
4745,0.6835969948250519
4746,4.111432351448951
4747,0.0
4748,0.9067558942609125
4749,1.1623121646570722
4750,0.0
4751,0.4972690556163061
4752,4.242772518045359
4753,0.0
4754,0.5894119302175495
4755,1.0974590741280799
4756,0.0
4757,-0.24047885130325142
4758,1.3263241838685156
4759,0.0
4760,0.4365438654070547
4761,1.29793332836382
4762,0.0
4763,-0.19042598621022755
4764,2.4586316760672804
4765,0.0
4766,-0.034751288157229276
4767,1.4778632572693908
4768,0.0
4769,0.7135800609602324
4770,5.398733943819364
4771,0.0
4772,0.11994808286311265
4773,1.335237825716503
4774,0.0
4775,0.3421473378515193
4776,2.8269260080505827
4777,0.0
4778,1.2804941918534083
4779,4.045023420901487
4780,0.0
4781,0.35215183618629975
4782,4.361885425895616
4783,0.0
4784,0.43479759995004275
4785,1.9131851225350374
4786,0.0
4787,1.1104886814891137
4788,1.8577244640948187
4789,0.0
4790,0.08559790217455043
4791,1.1261012987126384
4792,0.0
4793,0.3138903544308268
4794,1.4325194924357152
4795,0.0
4796,-10.0
4797,3.172912656310436
4798,0.0
4799,0.8089915039156149
4800,1.9466635880659622
4801,0.0
4802,0.32102654311167467
4803,1.3210265331116748
4804,0.0
4805,-0.3739438859948704
4806,1.5129845588275417
4807,0.0
4808,0.5337862778658021
4809,2.7985785069734033
4810,0.0
4811,-0.13537440286052638
4812,1.6865465705031633
4813,0.0
4814,-0.2693200514032672
4815,1.5875633849264736
4816,0.0
4817,0.11632494071037824
4818,1.9826766837323302
4819,0.0
4820,0.4003225085039289
4821,1.619376091621396
4822,0.0
4823,-0.11135430405062807
4824,2.7660152255626915
4825,0.0
4826,-0.21742639528936003
4827,1.5694416493252037
4828,0.0
4829,0.25043034486099713
4830,1.6031027207569815
4831,0.0
4832,0.6149643929651171
4833,5.699220208836727
4834,0.0
4835,0.06433767031738624
4836,2.2867251500254224
4837,0.0
4838,-0.01199588734118573
4839,2.203147611794212
4840,0.0
4841,1.8378528646855825
4842,1.8200971256972776
4843,0.0
4844,-0.006295913063303016
4845,1.8500206080347226
4846,0.0
4847,0.5771783742805253
4848,2.1593018342484758
4849,0.0
4850,0.0
4851,0.0
4852,-0.04471252512973911
4853,1.771686928697521
4854,0.0
4855,0.3037742466101375
4856,2.5473639122997143
4857,0.0
4858,0.36465420121023284
4859,1.4417507761538777
4860,0.0
4861,0.04901315392473771
4862,0.930133149202049
4863,0.0
4864,-0.02446347826115214
4865,2.399615566204988
4866,0.0
4867,0.6059028501622788
4868,2.6088870405348183
4869,0.0
4870,0.011136746586551172
4871,1.3810756722965667
4872,0.0
4873,0.5495208067428509
4874,2.948830546443879
4875,0.0
4876,0.4943016438812967
4877,2.883304680529555
4878,0.0
4879,-0.3623662817558375
4880,1.4860141536567189
4881,0.0
4882,0.3399025233977925
4883,1.4611854917721425
4884,0.0
4885,0.20418672087030532
4886,2.2150055542289513
4887,0.0
4888,0.7416695277591062
4889,1.7097361331381045
4890,0.0
4891,1.3439803400501722
4892,3.3550927639505117
4893,0.0
4894,-0.01641779542480104
4895,1.711228821222445
4896,0.0
4897,-0.025085212706141835
4898,1.976736245939829
4899,0.0
4900,0.33314549406001415
4901,3.2031997596573527
4902,0.0
4903,0.4774382643661933
4904,1.563226136355275
4905,0.0
4906,-0.03421550903274062
4907,1.4201958607233407
4908,0.0
4909,0.520162152480767
4910,1.909978268438658
4911,0.0
4912,0.33493464472000245
4913,1.7672368854422076
4914,0.0
4915,0.5797917306396124
4916,2.0245287180068274
4917,0.0
4918,0.41666210091859657
4919,1.7281845399300697
4920,0.0
4921,-0.16611211687806393
4922,1.3490747081685444
4923,0.0
4924,0.37395044417290213
4925,1.766314768885
4926,0.0
4927,0.7490365120204486
4928,1.7625267034812715
4929,0.0
4930,2.526106651959204
4931,1.9482258688071457
4932,0.0
4933,0.048630615070590744
4934,1.1639235929156497
4935,0.0
4936,0.2548074872620464
4937,1.7085565709864639
4938,0.0
4939,-0.2503793389954151
4940,2.0789189371559678
4941,0.0
4942,0.29576814559682274
4943,1.4964255000632576
4944,0.0
4945,0.4074060782905823
4946,2.3843101314582693
4947,0.0
4948,0.2352046579732553
4949,1.6222729838985577
4950,0.0
4951,-0.10501968346748003
4952,1.1391425512930193
4953,0.0
4954,-0.4088623075784984
4955,1.827089299000698
4956,0.0
4957,0.5978227013362817
4958,1.2320629156843885
4959,0.0
4960,0.5416787159331028
4961,1.8108050419154176
4962,0.0
4963,0.38412111805256355
4964,2.4608692926338698
4965,0.0
4966,-10.0
4967,3.911945949481094
4968,0.0
4969,2.6156091753216932
4970,10.422731972736027
4971,0.0
4972,0.021123255446408806
4973,3.9006090675174026
4974,0.0
4975,1.0141274473105164
4976,3.203398906643427
4977,0.0
4978,0.5306767376809126
4979,1.8668211143400764
4980,0.0
4981,-0.06977462351566521
4982,0.930225366484335
4983,0.0
4984,0.022362219055643062
4985,1.2542798632595995
4986,0.0
4987,-10.0
4988,3.4927576615339753
4989,0.0
4990,0.4895286664600992
4991,1.5014987031012428
4992,0.0
4993,0.2021134293512895
4994,1.7765402737937481
4995,0.0
4996,0.5939546001171881
4997,0.9283740449546554
4998,0.0
4999,0.03033100962508206
5000,1.8128917572095855
5001,0.0
5002,0.6551058149942345
5003,1.2688397995750715
5004,0.0
5005,0.6314644566631439
5006,3.2734295663039608
5007,0.0
5008,0.22416283328227504
5009,1.3572509270046975
5010,0.0
5011,0.42215209370261586
5012,2.979331035390766
5013,0.0
5014,0.14054292720745132
5015,1.2709116151626272
5016,0.0
5017,-0.18589817125148567
5018,2.358884052601427
5019,0.0
5020,0.7596404872802055
5021,2.4381764336812743
5022,0.0
5023,0.01308706100440149
5024,1.7774908104690275
5025,0.0
5026,0.025097196481003947
5027,1.6901792266582494
5028,0.0
5029,0.21869675291370216
5030,1.5297869032969957
5031,0.0
5032,0.8445442052533584
5033,-10.0
5034,0.0
5035,0.22869400389370786
5036,1.532766292865962
5037,0.0
5038,0.7135800609602324
5039,4.407337155421261
5040,0.0
5041,-0.13959010126196814
5042,1.4198023676943654
5043,0.0
5044,0.42010566920766756
5045,1.4201056592076677
5046,0.0
5047,0.26446561780869604
5048,1.5060370963540841
5049,0.0
5050,0.17747401768103443
5051,1.4960426508307114
5052,0.0
5053,0.15391519588002034
5054,1.3780891172996443
5055,0.0
5056,0.23394260894391328
5057,1.9002300934416074
5058,0.0
5059,1.7184007354867505
5060,5.493721133310586
5061,0.0
5062,2.7608276301717147
5063,3.071276316503743
5064,0.0
5065,-0.011525260916524838
5066,2.0428310616955767
5067,0.0
5068,0.9720676050467455
5069,1.6540101673062515
5070,0.0
5071,0.4392814923283618
5072,4.096323528379735
5073,0.0
5074,0.7388975777819956
5075,3.1682581637932525
5076,0.0
5077,0.15919746433658954
5078,4.257495012192314
5079,0.0
5080,0.47428670052254296
5081,2.39396785426272
5082,0.0
5083,0.03838384214029389
5084,1.2094046610081775
5085,0.0
5086,-0.10422799799553728
5087,1.692933019097247
5088,0.0
5089,0.512954705114233
5090,1.6999680774017212
5091,0.0
5092,1.0555162140238856
5093,0.7944925236171316
5094,0.0
5095,0.07366519519624493
5096,1.7662115582047975
5097,0.0
5098,0.3838531116826146
5099,1.798489556357709
5100,0.0
5101,0.7654306719353682
5102,3.185276407470236
5103,0.0
5104,0.0
5105,0.0
5106,0.013680187154794576
5107,1.5007047496596488
5108,0.0
5109,0.5997924607107624
5110,1.8920700313027694
5111,0.0
5112,0.3524667291733711
5113,2.134500085443535
5114,0.0
5115,0.3561832748295116
5116,3.1006435823679466
5117,0.0
5118,2.143289182073899
5119,5.975003351828551
5120,0.0
5121,0.6690059987254674
5122,1.9497657590956419
5123,0.0
5124,0.13762012414931146
5125,1.5193722840655162
5126,0.0
5127,-0.1537884395015766
5128,2.063737538570626
5129,0.0
5130,0.0
5131,0.4736168680289935
5132,1.1834297494601373
5133,0.0
5134,0.044382513082112385
5135,1.5067516877707297
5136,0.0
5137,1.417929365423181
5138,3.627031139172496
5139,0.0
5140,1.176868075354383
5141,2.9317611585594068
5142,0.0
5143,0.19593746227376407
5144,2.091341060409687
5145,0.0
5146,0.5518235506014185
5147,2.061564671392207
5148,0.0
5149,0.11463119551244427
5150,1.6137706704908994
5151,0.0
5152,0.07366519519624493
5153,3.430957389885613
5154,0.0
5155,0.11615007671528932
5156,1.2566817901680503
5157,0.0
5158,0.2858180246796821
5159,2.1980363707956956
5160,0.0
5161,0.48778734713429317
5162,1.7629276980180277
5163,0.0
5164,0.00010867518772494922
5165,1.559857294037971
5166,0.0
5167,0.6571627208911693
5168,1.7128248978849816
5169,0.0
5170,-0.12164117604115543
5171,2.060224870005809
5172,0.0
5173,0.16354504520486357
5174,1.4984740680055562
5175,0.0
5176,0.12690003155073748
5177,1.4007158139342606
5178,0.0
5179,0.5930115070884142
5180,-10.0
5181,0.0
5182,-0.26349037512653983
5183,1.4600183181785606
5184,0.0
5185,0.7035599391834894
5186,3.867859864819175
5187,0.0
5188,0.29342422062848905
5189,1.1152139832059589
5190,0.0
5191,0.1601754241552752
5192,1.5507601154201365
5193,0.0
5194,0.40677036817633205
5195,1.9564939584216177
5196,0.0
5197,0.023002739271066663
5198,2.8198589012967177
5199,0.0
5200,0.7643349193901047
5201,2.6670892097804013
5202,0.0
5203,0.17365850330361765
5204,2.4484100456138256
5205,0.0
5206,0.9577853389588104
5207,4.027520569149628
5208,0.0
5209,0.7747174152240653
5210,1.9074190625095147
5211,0.0
5212,-0.00925989227304691
5213,0.9907400977269533
5214,0.0
5215,0.1488466667757532
5216,3.4375066421350495
5217,0.0
5218,0.37219196053866244
5219,1.3721919505386626
5220,0.0
5221,-0.023895563647938434
5222,3.9169962159680365
5223,0.0
5224,1.450720171661084
5225,3.00646594636861
5226,0.0
5227,0.5346065072237799
5228,2.0638826025557844
5229,0.0
5230,0.07563988559316426
5231,1.417222689428516
5232,0.0
5233,1.163296108090484
5234,4.91018962806524
5235,0.0
5236,-0.291928811448507
5237,1.127693339913844
5238,0.0
5239,0.14952401756052736
5240,1.859298833569011
5241,0.0
5242,0.47733444935320357
5243,2.115439535378404
5244,0.0
5245,0.24896624192449834
5246,1.6219672424980687
5247,0.0
5248,0.37006820638879623
5249,1.6406093788019387
5250,0.0
5251,0.59386970813947
5252,2.4922094283402787
5253,0.0
5254,0.13191433342078585
5255,2.33793587242567
5256,0.0
5257,0.6563029085991038
5258,3.1361646838820567
5259,0.0
5260,0.09615023289001379
5261,1.7209393553927899
5262,0.0
5263,-0.2432498022395534
5264,1.218103487580561
5265,0.0
5266,0.03796172648116036
5267,-10.0
5268,0.0
5269,-0.03338625446336985
5270,1.564447713373394
5271,0.0
5272,0.39426919591094955
5273,0.9603391318554113
5274,0.0
5275,-0.4088623075784984
5276,1.090754584341771
5277,0.0
5278,0.22843446715821825
5279,1.3064404542212928
5280,0.0
5281,0.59831287909635
5282,2.121362360401915
5283,0.0
5284,0.8279402291051264
5285,1.267676936676584
5286,0.0
5287,0.4503124485596549
5288,1.450312438559655
5289,0.0
5290,0.12823279393692844
5291,1.3525394349999005
5292,0.0
5293,0.0
5294,1.4366189743821667
5295,4.621489165247016
5296,0.0
5297,3.5375252025042263
5298,3.8474926196597474
5299,0.0
5300,0.23293925472756916
5301,1.6966419926208178
5302,0.0
5303,-0.0985259035664322
5304,1.6481548076699784
5305,0.0
5306,0.14399043239733123
5307,2.276404577006869
5308,0.0
5309,0.00954644957490236
5310,1.1067945358842395
5311,0.0
5312,0.9271456083121558
5313,2.5302943549549965
5314,0.0
5315,-0.08904832310731525
5316,2.3102680971748955
5317,0.0
5318,0.8017383213293835
5319,2.656730367886099
5320,0.0
5321,0.38328872359523214
5322,1.821926693194272
5323,0.0
5324,0.3972509764219657
5325,2.817665693784117
5326,0.0
5327,0.06771622742123429
5328,1.4308411184344345
5329,0.0
5330,0.41398448721410397
5331,1.2657470539441575
5332,0.0
5333,0.47003620750131947
5334,1.3186930559938776
5335,0.0
5336,0.40667910576878674
5337,2.03197625569784
5338,0.0
5339,0.13797024084442977
5340,1.290011524537314
5341,0.0
5342,-0.215932746006277
5343,2.233848012121107
5344,0.0
5345,0.5560655504661344
5346,2.2783598234801694
5347,0.0
5348,0.8710641129436881
5349,3.004260668281199
5350,0.0
5351,0.3082893537882466
5352,2.4523009073205086
5353,0.0
5354,0.25586537591409375
5355,1.9374119199787745
5356,0.0
5357,1.2396878758103873
5358,2.8548140161653266
5359,0.0
5360,0.9028965103572134
5361,1.6848574171116686
5362,0.0
5363,-0.020643368325621303
5364,1.556744599958285
5365,0.0
5366,-0.0697943161524921
5367,1.0525722328543243
5368,0.0
5369,1.555747824976533
5370,3.7119270623407394
5371,0.0
5372,0.3144552778081414
5373,2.5057240980225637
5374,0.0
5375,0.20890565879024858
5376,0.6036483820488331
5377,0.0
5378,1.005165869825638
5379,3.297278546315016
5380,0.0
5381,-10.0
5382,4.364731027122366
5383,0.0
5384,0.7612920404649287
5385,2.824502956516599
5386,0.0
5387,0.47873073327669113
5388,1.4514922258988772
5389,0.0
5390,0.3381084490343621
5391,1.451233908943922
5392,0.0
5393,0.1580395378912255
5394,1.1094446631749908
5395,0.0
5396,0.5308450438605342
5397,3.8532644907293667
5398,0.0
5399,-0.10178963056185053
5400,1.9015389042306845
5401,0.0
5402,0.7119198602764628
5403,7.181612507914826
5404,0.0
5405,-0.036691740732266775
5406,1.1295007030667494
5407,0.0
5408,-0.00925989227304691
5409,2.5761769342969387
5410,0.0
5411,0.4976461281476493
5412,1.9754325227106952
5413,0.0
5414,0.3347884225603265
5415,2.742895557270704
5416,0.0
5417,0.27640512288108454
5418,1.7758688189467742
5419,0.0
5420,0.37006820638879623
5421,1.7341958936666653
5422,0.0
5423,0.7008026759416076
5424,3.2092842049750754
5425,0.0
5426,-0.08243988194089202
5427,8.25301292436399
5428,0.0
5429,-0.026162464571953148
5430,1.3911856510397116
5431,0.0
5432,0.746014007916009
5433,1.1641352494566795
5434,0.0
5435,-0.03876650506341062
5436,-10.0
5437,0.0
5438,1.2286653048611589
5439,6.327685715588085
5440,0.0
5441,-0.10208408481127207
5442,2.495496786546523
5443,0.0
5444,2.6007540986282836
5445,4.0665198799770454
5446,0.0
5447,0.0893643008482986
5448,1.6822232647451398
5449,0.0
5450,0.6978187820805125
5451,3.8193610249767307
5452,0.0
5453,0.416185463216567
5454,1.7100029120778033
5455,0.0
5456,0.13036442898930967
5457,3.0915593544412445
5458,0.0
5459,-0.060579872999452555
5460,2.180576572628488
5461,0.0
5462,0.07742759106147379
5463,1.3129737672414314
5464,0.0
5465,1.9806129655017126
5466,2.8446931096201284
5467,0.0
5468,0.09704104103561384
5469,4.181893407722662
5470,0.0
5471,0.25528772798488986
5472,1.6504047950687577
5473,0.0
5474,0.1580395378912255
5475,1.1580395278912257
5476,0.0
5477,0.0017996710972482122
5478,0.9370432118957158
5479,0.0
5480,0.12094586163838639
5481,0.8588526136911421
5482,0.0
5483,0.6772599115526011
5484,1.9360198157717405
5485,0.0
5486,0.28500369450301377
5487,1.375279033400341
5488,0.0
5489,0.021614974017555633
5490,3.0348191546219656
5491,0.0
5492,-0.22166795614430224
5493,3.491857359353604
5494,0.0
5495,0.29111726287269357
5496,-10.0
5497,0.0
5498,0.21361543639363034
5499,1.9355568800387168
5500,0.0
5501,0.15647005318328022
5502,2.0294824058103567
5503,0.0
5504,0.0033278761914189436
5505,3.6216724406891982
5506,0.0
5507,0.0437813918031037
5508,1.5687219946099507
5509,0.0
5510,0.38828470190452247
5511,1.9490450393667282
5512,0.0
5513,1.711856335417012
5514,4.231276457451909
5515,0.0
5516,1.0550130420433197
5517,2.1282245429893343
5518,0.0
5519,-0.12164117604115543
5520,2.036173128670137
5521,0.0
5522,-0.10761061827380303
5523,1.6892736934316366
5524,0.0
5525,2.0158915007278417
5526,3.729675685455408
5527,0.0
5528,-10.0
5529,3.6141106697136385
5530,0.0
5531,0.3139545895979766
5532,2.1587880466133953
5533,0.0
5534,0.203360958151919
5535,1.8230528528055576
5536,0.0
5537,0.15647005318328022
5538,1.8865792807566262
5539,0.0
5540,0.01451413581366301
5541,2.660078321207661
5542,0.0
5543,0.26132142310893103
5544,2.2202507152662947
5545,0.0
5546,0.1902174308317418
5547,1.4384237456792792
5548,0.0
5549,0.23246022867496408
5550,2.7665590808533675
5551,0.0
5552,0.520162152480767
5553,1.9955990410090394
5554,0.0
5555,0.3374109015611443
5556,2.41753300507799
5557,0.0
5558,0.21750871139118277
5559,2.7622087799636534
5560,0.0
5561,0.13911492228097722
5562,3.066688050194818
5563,0.0
5564,0.28605378202961396
5565,-10.0
5566,0.0
5567,0.42548160898596643
5568,1.6765794481428367
5569,0.0
5570,0.27162397847682496
5571,1.8469299994940007
5572,0.0
5573,0.6361221038163013
5574,2.763497017129023
5575,0.0
5576,-0.1770871644102433
5577,1.3850862082736275
5578,0.0
5579,-0.13849394527906322
5580,1.0193981424899916
5581,0.0
5582,0.16097891122562935
5583,2.885911143575929
5584,0.0
5585,0.4904031959581042
5586,1.9444458186613454
5587,0.0
5588,0.12103294260441999
5589,1.2893483438555247
5590,0.0
5591,1.8826385607206935
5592,3.2117408653831685
5593,0.0
5594,0.8006702523145514
5595,2.027192840273985
5596,0.0
5597,0.14406655185918626
5598,1.4475751883526575
5599,0.0
5600,0.0
5601,0.42666059424318437
5602,2.549358740703748
5603,0.0
5604,0.5127273443964794
5605,2.364709263388679
5606,0.0
5607,0.5208323648782646
5608,1.9211938422650214
5609,0.0
5610,0.10949416150464841
5611,1.2663255137177094
5612,0.0
5613,0.47003620750131947
5614,1.552848978786067
5615,0.0
5616,0.4062569032237856
5617,1.3771947756308933
5618,0.0
5619,0.21931505026171283
5620,1.4614047604664218
5621,0.0
5622,0.7428680513289999
5623,2.2858773205099725
5624,0.0
5625,0.010290148800110921
5626,3.8156510690393093
5627,0.0
5628,0.10401952373498513
5629,1.777294049445721
5630,0.0
5631,0.7745841164882495
5632,2.2391516429254343
5633,0.0
5634,0.21294665451653916
5635,3.1000998775862696
5636,0.0
5637,0.3377011885993969
5638,2.054195216902569
5639,0.0
5640,0.5249160619052117
5641,2.159207793691581
5642,0.0
5643,0.25528772798488986
5644,2.0371996768526004
5645,0.0
5646,-0.22775600487375203
5647,1.000327875800079
5648,0.0
5649,0.29253726181719875
5650,1.4874771814393921
5651,0.0
5652,-0.20180436150561498
5653,1.1846401957750992
5654,0.0
5655,0.20213944390540972
5656,1.4634551611154738
5657,0.0
5658,0.9380396487133763
5659,3.3939286514159988
5660,0.0
5661,1.6162998365178716
5662,1.8774880074304492
5663,0.0
5664,-10.0
5665,2.984197307744679
5666,0.0
5667,1.3604662957315083
5668,2.0563628550922433
5669,0.0
5670,0.5585814167971278
5671,1.6607402634725204
5672,0.0
5673,0.263503528835907
5674,0.6926906319436388
5675,0.0
5676,0.9830801646775972
5677,1.6623757049285297
5678,0.0
5679,0.22161632909354567
5680,1.3308917012147938
5681,0.0
5682,0.30544720988561813
5683,1.556712633085104
5684,0.0
5685,-10.0
5686,2.3158962299386543
5687,0.0
5688,0.04362274407584177
5689,2.048455476612399
5690,0.0
5691,0.20408886139395965
5692,2.54619762114694
5693,0.0
5694,0.13797024084442977
5695,1.5017972041207468
5696,0.0
5697,0.6202297750734994
5698,2.3057655548802733
5699,0.0
5700,-0.02446347826115214
5701,1.5544260397649339
5702,0.0
5703,0.668061148863539
5704,1.9771769388969704
5705,0.0
5706,0.2417375162646681
5707,0.8306529383258299
5708,0.0
5709,0.12927510876144577
5710,1.4281502374396815
5711,0.0
5712,0.07086921034712279
5713,1.4162769431141737
5714,0.0
5715,0.03479796478134778
5716,0.9425289519872037
5717,0.0
5718,0.7961883661405632
5719,0.7509289645285395
5720,0.0
5721,1.0705382299283612
5722,3.1994054260310927
5723,0.0
5724,0.48223883775893384
5725,1.6750339512139674
5726,0.0
5727,0.36229699441192065
5728,1.6084177128291115
5729,0.0
5730,0.8777359210504659
5731,3.003804746263799
5732,0.0
5733,0.8094841967374994
5734,1.3614088796239396
5735,0.0
5736,0.7517398429354597
5737,13.488406316322571
5738,0.0
5739,-0.026239768597256186
5740,0.9131711451627366
5741,0.0
5742,-0.007128361218516011
5743,1.9891558955711621
5744,0.0
5745,0.3046460582052396
5746,2.9058225573677983
5747,0.0
5748,0.5084119438480149
5749,1.508411933848015
5750,0.0
5751,0.5038498122652727
5752,2.414209576520933
5753,0.0
5754,0.5666801975244763
5755,1.8006546529635783
5756,0.0
5757,0.854567308970087
5758,0.6282146498834695
5759,0.0
5760,-0.014622761514564653
5761,1.1586755686182912
5762,0.0
5763,0.7488576914477328
5764,-10.0
5765,0.0
5766,0.4348221413201486
5767,1.2657701865212199
5768,0.0
5769,0.10281470881316912
5770,1.4873997828162675
5771,0.0
5772,0.47943711313764636
5773,1.8401298818953458
5774,0.0
5775,0.21132412107080356
5776,2.2976157849295715
5777,0.0
5778,0.8341389889767655
5779,3.386885202964139
5780,0.0
5781,-0.00925989227304691
5782,2.0820060342750395
5783,0.0
5784,0.07563988559316426
5785,1.4311651653598305
5786,0.0
5787,-0.017763182975724434
5788,1.4326833799851055
5789,0.0
5790,0.5441047423832953
5791,2.07383276620695
5792,0.0
5793,0.2629753974356498
5794,1.4931562382506167
5795,0.0
5796,0.250456798134293
5797,1.4914012961010072
5798,0.0
5799,0.04362274407584177
5800,2.4701199644733904
5801,0.0
5802,0.12617026627503158
5803,2.480822222338813
5804,0.0
5805,0.26322129781446757
5806,3.0599120543797
5807,0.0
5808,1.638550540543505
5809,3.6447594275053032
5810,0.0
5811,0.0
5812,0.4313292457852912
5813,1.3154703509403878
5814,0.0
5815,0.00015522725783745361
5816,1.6690552040555149
5817,0.0
5818,1.0770448865557736
5819,12.901778796451971
5820,0.0
5821,0.3989598939905431
5822,1.8648541570662454
5823,0.0
5824,0.09012804540316688
5825,4.1307787094984185
5826,0.0
5827,0.595089042899834
5828,3.417428639400835
5829,0.0
5830,-0.1191693992710845
5831,1.4069587069256535
5832,0.0
5833,0.03475799507596078
5834,-10.0
5835,0.0
5836,0.4346208772993049
5837,1.8952735087947075
5838,0.0
5839,0.4791421244159767
5840,2.766637352663315
5841,0.0
5842,0.9882729373652929
5843,2.5770925511454563
5844,0.0
5845,-0.16620772758464486
5846,1.2383518515058916
5847,0.0
5848,0.1789022230824645
5849,1.352436783318809
5850,0.0
5851,1.461464197094565
5852,2.093081743849699
5853,0.0
5854,0.4319195749580699
5855,2.41480966975437
5856,0.0
5857,-0.08842897909021186
5858,2.2501082073612357
5859,0.0
5860,-0.17408799541515285
5861,1.914598744891769
5862,0.0
5863,0.043278855991109144
5864,2.020056251390371
5865,0.0
5866,0.06863187095979606
5867,1.9339533337780135
5868,0.0
5869,1.555747824976533
5870,5.722810618254787
5871,0.0
5872,0.3114123338974425
5873,2.6788412527011713
5874,0.0
5875,-10.0
5876,2.5758520765068145
5877,0.0
5878,0.0
5879,0.7885859018730846
5880,0.7939300047547733
5881,0.0
5882,0.2770957513111626
5883,1.794153589704714
5884,0.0
5885,0.4764575977831903
5886,2.96225477485829
5887,0.0
5888,0.31704350585000574
5889,1.9481213672004005
5890,0.0
5891,0.2520636005229394
5892,1.34450655218117
5893,0.0
5894,-0.03364337781228954
5895,2.143975614289353
5896,0.0
5897,0.44381445717901535
5898,1.3113243474553749
5899,0.0
5900,0.488555501798719
5901,1.6538082130489264
5902,0.0
5903,0.22738771072569863
5904,1.878398274030831
5905,0.0
5906,-0.030982196380645144
5907,2.161615634134081
5908,0.0
5909,0.19367726419839804
5910,2.480529432002984
5911,0.0
5912,-10.0
5913,-10.0
5914,0.0
5915,0.2208809962968722
5916,2.368464989711515
5917,0.0
5918,0.09836457276351973
5919,1.5392397827775495
5920,0.0
5921,0.4668062555285192
5922,2.7780271950265147
5923,0.0
5924,0.7033005092687247
5925,1.625205101409145
5926,0.0
5927,0.46211680832152024
5928,3.2942043681371813
5929,0.0
5930,0.9671135903925739
5931,4.247034838288136
5932,0.0
5933,0.027150064004350383
5934,1.4712381657540772
5935,0.0
5936,0.2761294531902462
5937,2.3325412534054113
5938,0.0
5939,0.03189185832665287
5940,1.4964753424067085
5941,0.0
5942,0.15087035258947668
5943,2.5074745892545494
5944,0.0
5945,-0.036252741018435786
5946,1.6590759886737794
5947,0.0
5948,0.21053106734987026
5949,1.9486175119289488
5950,0.0
5951,0.0013651118058760625
5952,1.568918839439032
5953,0.0
5954,2.232946748502687
5955,1.3520260267803281
5956,0.0
5957,0.4277853162007822
5958,1.7293603802996171
5959,0.0
5960,0.0675754720449463
5961,1.3406622430441675
5962,0.0
5963,-0.008992406793653651
5964,1.60741995385737
5965,0.0
5966,0.038449088170647294
5967,1.901724706992113
5968,0.0
5969,0.825741043721883
5970,2.8399281073558686
5971,0.0
5972,0.24544985148650567
5973,1.4157025412649789
5974,0.0
5975,0.43648646601277175
5976,2.099534287219595
5977,0.0
5978,0.6751743014312305
5979,1.479685236685655
5980,0.0
5981,-0.22460424202288076
5982,3.1956643527816784
5983,0.0
5984,0.5547886835654178
5985,1.8243363848107226
5986,0.0
5987,0.17818363421234873
5988,1.5031573739015571
5989,0.0
5990,0.23540696510057224
5991,-10.0
5992,0.0
5993,0.2963921587753472
5994,1.3707282827290368
5995,0.0
5996,0.7203244601175626
5997,3.092601298441509
5998,0.0
5999,-0.12508187774497892
6000,2.2611812072383257
6001,0.0
6002,0.2687089280350653
6003,1.4140857137108611
6004,0.0
6005,-0.07351547421333038
6006,2.0011196384117813
6007,0.0
6008,0.44600007506795525
6009,1.754769752561018
6010,0.0
6011,0.5099367984081916
6012,1.1242131298437825
6013,0.0
6014,1.096915533059831
6015,2.041301920164722
6016,0.0
6017,0.32335504633754
6018,3.794579590580118
6019,0.0
6020,0.4712666183894255
6021,1.6196607339707743
6022,0.0
6023,0.7965264151278845
6024,2.101515464507056
6025,0.0
6026,0.16242104845244787
6027,1.274085648725165
6028,0.0
6029,0.6829755250415589
6030,2.668044398208515
6031,0.0
6032,0.4117541025153163
6033,1.783144490359538
6034,0.0
6035,0.34114012346328704
6036,3.9792087542678383
6037,0.0
6038,-0.12852471954028066
6039,1.406992671985932
6040,0.0
6041,0.3607588039998241
6042,1.8485900101460666
6043,0.0
6044,0.40872438589174254
6045,1.4832623848322277
6046,0.0
6047,1.2986717531527976
6048,2.7332730023859306
6049,0.0
6050,-0.26259200964281504
6051,2.3608399141132237
6052,0.0
6053,0.8190577738434272
6054,1.9416721888381936
6055,0.0
6056,0.06975760424676902
6057,1.921909797653164
6058,0.0
6059,-0.04244890317772876
6060,2.757930681808341
6061,0.0
6062,0.4226556652900354
6063,1.363879606836682
6064,0.0
6065,0.05575801929067625
6066,1.1655041721336468
6067,0.0
6068,0.5247596947917587
6069,2.9084251511719517
6070,0.0
6071,0.5224854333471042
6072,2.0374539468237076
6073,0.0
6074,1.678888050429689
6075,3.2765854377883215
6076,0.0
6077,0.5853637370773256
6078,1.4252843851439818
6079,0.0
6080,0.5417992136149129
6081,2.940025391868022
6082,0.0
6083,0.4505543697201323
6084,1.6371185008058926
6085,0.0
6086,0.1793079398259848
6087,1.44174297571526
6088,0.0
6089,0.17395058375619954
6090,2.0006071369688554
6091,0.0
6092,0.12188721932648139
6093,1.2720867355360455
6094,0.0
6095,0.2111826142390093
6096,1.7789787603717002
6097,0.0
6098,0.7745841164882495
6099,1.5550968460660564
6100,0.0
6101,0.3037742466101375
6102,8.908760459189038
6103,0.0
6104,0.8981386086496804
6105,1.4899105903280652
6106,0.0
6107,0.21425441865744232
6108,1.9980827872454554
6109,0.0
6110,0.3246968402837235
6111,2.055136959440805
6112,0.0
6113,0.3954616927395499
6114,1.9022239643818617
6115,0.0
6116,0.34252149973326784
6117,5.184450912988952
6118,0.0
6119,0.9905772896857238
6120,3.9492343776931387
6121,0.0
6122,-0.13174681006226097
6123,1.2382899639916671
6124,0.0
6125,-0.04995407735860413
6126,2.1522285765600335
6127,0.0
6128,0.5453590817646338
6129,2.3924343407478483
6130,0.0
6131,0.4347471564367339
6132,5.528134631709346
6133,0.0
6134,0.6081795150061223
6135,2.522888414123912
6136,0.0
6137,0.20884574106607146
6138,1.6743795130515176
6139,0.0
6140,0.39411401676637803
6141,0.9953216147131869
6142,0.0
6143,0.35487101703980295
6144,1.3548710070398031
6145,0.0
6146,0.007187156856263033
6147,3.068828295298192
6148,0.0
6149,0.0994235019619153
6150,1.6030988861733027
6151,0.0
6152,0.3404853897137873
6153,3.32956655101626
6154,0.0
6155,0.19459537021026663
6156,1.6982338685433047
6157,0.0
6158,0.3851626455172491
6159,1.4801635481826527
6160,0.0
6161,0.0
6162,0.0
6163,0.35495247516421224
6164,1.979145098504508
6165,0.0
6166,0.06175320042381427
6167,1.61251901001927
6168,0.0
6169,0.9518076092069142
6170,1.9491634848439818
6171,0.0
6172,0.2544548430935666
6173,1.0282346034310983
6174,0.0
6175,0.0
6176,0.0
6177,0.38280675948884146
6178,1.8210942517814241
6179,0.0
6180,0.2907513405207215
6181,1.4766353106552204
6182,0.0
6183,1.2250607898458665
6184,3.590817243434482
6185,0.0
6186,0.5569738581296076
6187,1.8282064349530665
6188,0.0
6189,0.46346215356293785
6190,1.09402297597585
6191,0.0
6192,0.5045117114427781
6193,6.081670971780448
6194,0.0
6195,0.2943170371861371
6196,1.1077326959211486
6197,0.0
6198,-0.06487518335875375
6199,1.661474228240394
6200,0.0
6201,1.116734431201047
6202,2.1547547382776635
6203,0.0
6204,-0.24131142629473978
6205,1.4291906867940152
6206,0.0
6207,0.23009053048532613
6208,1.9503811049020867
6209,0.0
6210,0.3575103925028088
6211,3.3247065181439384
6212,0.0
6213,0.23316334272845085
6214,5.283527994566763
6215,0.0
6216,0.14676032758837432
6217,1.726638771728743
6218,0.0
6219,0.13384647779786107
6220,1.7147098765986668
6221,0.0
6222,0.23013671999154084
6223,1.2552528450905633
6224,0.0
6225,0.1535506338838758
6226,1.6497726082107966
6227,0.0
6228,0.7838030875153917
6229,1.7392313746095478
6230,0.0
6231,0.37232823743715004
6232,-10.0
6233,0.0
6234,-10.0
6235,2.184867975906327
6236,0.0
6237,0.2882283515750764
6238,2.0009877300478305
6239,0.0
6240,0.10575188684438175
6241,1.153506591655235
6242,0.0
6243,1.0373560806521809
6244,1.6494602890806644
6245,0.0
6246,0.40672473549237875
6247,1.9631966418931903
6248,0.0
6249,0.1949307182100094
6250,1.5290278455167514
6251,0.0
6252,0.2548316612138791
6253,1.4878631284129793
6254,0.0
6255,-0.2444018385965483
6256,2.3971217659168724
6257,0.0
6258,0.18333086104357987
6259,2.962615363208003
6260,0.0
6261,0.6314899369342478
6262,1.9039125940488009
6263,0.0
6264,0.09071011607358093
6265,1.464150728147531
6266,0.0
6267,-10.0
6268,-10.0
6269,0.0
6270,0.37019965338296734
6271,2.419724316778751
6272,0.0
6273,0.1669562693293568
6274,1.9029144148622754
6275,0.0
6276,0.5973801391953629
6277,1.743425495563423
6278,0.0
6279,1.2812409006657437
6280,2.0178309769577143
6281,0.0
6282,0.3258958073484065
6283,1.607591581819434
6284,0.0
6285,0.5581942358553315
6286,1.635582717426918
6287,0.0
6288,0.15485639565174247
6289,1.72760277738022
6290,0.0
6291,0.05453846845679611
6292,1.5163133203466481
6293,0.0
6294,0.4150025038104962
6295,1.9996223374334345
6296,0.0
6297,-0.10374792279719802
6298,0.9970246351724245
6299,0.0
6300,0.6753013634317465
6301,2.6222679060373584
6302,0.0
6303,0.4343349415657286
6304,3.3441477972162605
6305,0.0
6306,0.7295297308275842
6307,1.7222887342314366
6308,0.0
6309,0.5444023756175947
6310,5.23149233954965
6311,0.0
6312,1.3439803400501722
6313,14.354059867773714
6314,0.0
6315,0.38656389837370886
6316,2.3214091565275106
6317,0.0
6318,0.043287047410001
6319,0.9930585886636392
6320,0.0
6321,0.05688166072274614
6322,1.5187352796737597
6323,0.0
6324,-10.0
6325,2.7953841464017204
6326,0.0
6327,0.1253011466197108
6328,1.8412815010102268
6329,0.0
6330,0.1988511559059486
6331,2.7535094760816574
6332,0.0
6333,0.0
6334,-0.11474098462749804
6335,1.633247475911004
6336,0.0
6337,-0.3623662817558375
6338,2.106915176834903
6339,0.0
6340,0.21082899176198666
6341,2.840271338521595
6342,0.0
6343,0.2140180712119174
6344,2.5416844066982005
6345,0.0
6346,0.8013367678806068
6347,2.1383810040212374
6348,0.0
6349,0.042472729225962014
6350,1.6722879990741664
6351,0.0
6352,0.20195266872698625
6353,1.5597284245010359
6354,0.0
6355,0.4542718376583462
6356,2.318441251928597
6357,0.0
6358,-0.059085097659866026
6359,2.1794228552350248
6360,0.0
6361,0.21843400325963314
6362,-10.0
6363,0.0
6364,0.6052731727298805
6365,2.0390163835832387
6366,0.0
6367,0.24032601174113133
6368,2.9572626913366986
6369,0.0
6370,0.2563443362142185
6371,2.0909033583558987
6372,0.0
6373,-0.026190213219109748
6374,1.221804303356232
6375,0.0
6376,0.4676033347035794
6377,1.6162037809147083
6378,0.0
6379,0.4980677074907601
6380,1.8923776539386905
6381,0.0
6382,0.2706552468753153
6383,1.3081932889803318
6384,0.0
6385,0.4543520609721686
6386,1.925871057718206
6387,0.0
6388,0.4676033347035794
6389,1.6534166296267008
6390,0.0
6391,1.3415835708766877
6392,2.4746279975698724
6393,0.0
6394,0.34016783232032266
6395,2.1999099760509706
6396,0.0
6397,3.3895121344020636
6398,3.086707919175654
6399,0.0
6400,-0.3553842512145191
6401,1.0304815432893608
6402,0.0
6403,-0.2819287826398721
6404,1.1850902508416619
6405,0.0
6406,0.5656638588478778
6407,1.3827603419424104
6408,0.0
6409,0.15625035083123173
6410,1.505569031195626
6411,0.0
6412,-0.11014292743743026
6413,2.0770286238569278
6414,0.0
6415,0.0902526969679226
6416,1.1212751975662485
6417,0.0
6418,0.09727984448601046
6419,1.5548570218503321
6420,0.0
6421,-0.10552315799883982
6422,-10.0
6423,0.0
6424,0.5795968669237325
6425,7.522034357579915
6426,0.0
6427,0.43020484699694805
6428,1.551124652626386
6429,0.0
6430,0.2874027839234655
6431,1.5277144733701555
6432,0.0
6433,1.3661701147001293
6434,3.022212755335371
6435,0.0
6436,-0.12699582826742428
6437,1.9100883221631584
6438,0.0
6439,0.7119198602764628
6440,2.578973907709811
6441,0.0
6442,1.2568552453951058
6443,6.298479236434565
6444,0.0
6445,0.7517398429354597
6446,1.7642729478040193
6447,0.0
6448,1.630829710357307
6449,-10.0
6450,0.0
6451,0.0
6452,0.393792650692841
6453,2.4773757959683973
6454,0.0
6455,0.28045549006856996
6456,1.3010453297847875
6457,0.0
6458,0.5118787216203503
6459,2.7684729290260073
6460,0.0
6461,0.7100211160435016
6462,4.304517472591387
6463,0.0
6464,0.23462841847006677
6465,2.269998019151293
6466,0.0
6467,0.5759256981649555
6468,1.6231180917362706
6469,0.0
6470,0.5150829410668231
6471,1.5449658977681908
6472,0.0
6473,0.3594322288964721
6474,4.167688652961142
6475,0.0
6476,0.7112256505312554
6477,1.8892106475445172
6478,0.0
6479,0.020328614044031412
6480,1.4647047385374987
6481,0.0
6482,0.022603610783335726
6483,2.087608118432808
6484,0.0
6485,0.6314899369342478
6486,2.4260131009428454
6487,0.0
6488,0.3848980462932702
6489,1.6707755998051468
6490,0.0
6491,0.23462841847006677
6492,1.6620982636678223
6493,0.0
6494,0.03202259141385844
6495,3.6229529402660177
6496,0.0
6497,0.03900956774951114
6498,1.9637116738716085
6499,0.0
6500,0.24593977793133093
6501,1.8207464711676253
6502,0.0
6503,0.42927934340917806
6504,1.9726530453780229
6505,0.0
6506,0.3084677595204385
6507,3.430540703712082
6508,0.0
6509,-10.0
6510,3.0107549747698137
6511,0.0
6512,0.44565270989339767
6513,3.3010165238551514
6514,0.0
6515,0.5242766572415506
6516,1.909402285886684
6517,0.0
6518,0.06025540810755359
6519,-10.0
6520,0.0
6521,0.35917469835464344
6522,1.6096359372126676
6523,0.0
6524,0.16945364941785257
6525,1.9020931504267473
6526,0.0
6527,0.3381084490343621
6528,1.4538762738046251
6529,0.0
6530,0.5335060308257628
6531,1.4036741754651045
6532,0.0
6533,1.601857024860505
6534,2.635571885055763
6535,0.0
6536,-10.0
6537,2.9621103251221714
6538,0.0
6539,-0.03146023664209896
6540,1.267216861425419
6541,0.0
6542,0.5123010550594297
6543,-10.0
6544,0.0
6545,0.07979383325807221
6546,2.024060483066264
6547,0.0
6548,1.187465710910233
6549,2.194848140330626
6550,0.0
6551,-0.048684479887896814
6552,1.2737260403490964
6553,0.0
6554,0.8190147428504989
6555,2.9035873308568045
6556,0.0
6557,-10.0
6558,3.66808126141425
6559,0.0
6560,0.023002739271066663
6561,4.11545781272683
6562,0.0
6563,-0.11474098462749804
6564,1.715607719439343
6565,0.0
6566,0.2966145011448399
6567,1.2516896839434275
6568,0.0
6569,-0.2246811202201655
6570,0.9889987999345088
6571,0.0
6572,0.013878627871695026
6573,1.9234457310874957
6574,0.0
6575,-0.32010335551786606
6576,2.5720235484045038
6577,0.0
6578,-0.08652820651310567
6579,3.0037262769431736
6580,0.0
6581,-0.010175696315729232
6582,2.6096385272568208
6583,0.0
6584,-0.007130379162682443
6585,1.3094199981987944
6586,0.0
6587,0.6222881602800187
6588,2.176890095118694
6589,0.0
6590,0.52505761789481
6591,1.2694560458181607
6592,0.0
6593,-0.1469168361637505
6594,1.1475649037739264
6595,0.0
6596,0.6379353066468295
6597,4.6047143145975635
6598,0.0
6599,0.07674016298215325
6600,1.2236235428558626
6601,0.0
6602,0.17797707565433163
6603,2.517176576694972
6604,0.0
6605,0.661863709116905
6606,2.805231637330415
6607,0.0
6608,0.24470616940903145
6609,2.2129337164727563
6610,0.0
6611,0.5572662531998885
6612,1.970479045304899
6613,0.0
6614,0.34104570017479274
6615,1.6351205107865876
6616,0.0
6617,0.5129853006817376
6618,3.9018909738576517
6619,0.0
6620,-0.08095320093889713
6621,1.1354992122231495
6622,0.0
6623,0.16720138506522064
6624,1.368035732214621
6625,0.0
6626,1.0384331250329875
6627,2.2260250746903747
6628,0.0
6629,0.6727637801830398
6630,1.5369445973118367
6631,0.0
6632,1.3334024788703043
6633,2.3446616251670958
6634,0.0
6635,0.4144560306275348
6636,2.3368631803770183
6637,0.0
6638,1.4102377304727405
6639,2.324518430517832
6640,0.0
6641,-10.0
6642,3.6545094610120987
6643,0.0
6644,0.3420010494473117
6645,2.211083611360947
6646,0.0
6647,0.17797707565433163
6648,2.294764107623362
6649,0.0
6650,-10.0
6651,3.4457132093218865
6652,0.0
6653,0.1550299441644355
6654,1.6857961134284962
6655,0.0
6656,0.43903010056150127
6657,1.3086075524959104
6658,0.0
6659,0.3404077170228096
6660,2.0960298408639675
6661,0.0
6662,0.0034970012896525793
6663,2.145958326220941
6664,0.0
6665,-0.043341488350222335
6666,2.1438136436421296
6667,0.0
6668,0.5691448443449204
6669,-10.0
6670,0.0
6671,0.8013367678806068
6672,3.4465406651569817
6673,0.0
6674,4.583544675733013
6675,-1.8969972561307664
6676,0.0
6677,0.28307029415022356
6678,1.5994089835829077
6679,0.0
6680,0.3597780183429068
6681,1.5125227932996812
6682,0.0
6683,0.21965904883353826
6684,2.874137217038064
6685,0.0
6686,0.11267104809353012
6687,2.19434454065203
6688,0.0
6689,2.9480478482590278
6690,-10.0
6691,0.0
6692,0.7123663850404488
6693,-10.0
6694,0.0
6695,-10.0
6696,5.824403248633887
6697,0.0
6698,1.2495466776493172
6699,0.6346797478718704
6700,0.0
6701,4.583544675733013
6702,-2.614592372665144
6703,0.0
6704,1.627595256465963
6705,-10.0
6706,0.0
6707,0.23973554651944984
6708,1.4407415031317619
6709,0.0
6710,0.8067826159716956
6711,2.898357778194392
6712,0.0
6713,0.2483525113516406
6714,1.4206694806049192
6715,0.0
6716,0.4063589470120704
6717,1.9159649653121653
6718,0.0
6719,0.3819190288422739
6720,2.2887613733576484
6721,0.0
6722,0.5839298949863075
6723,2.0630600058090183
6724,0.0
6725,-0.23996259763117367
6726,1.3165893824426558
6727,0.0
6728,0.1288260514424483
6729,1.5016174932492345
6730,0.0
6731,0.16317909857845436
6732,1.7977002598414147
6733,0.0
6734,0.6320434878948998
6735,2.337795921409195
6736,0.0
6737,0.2443098647127394
6738,1.8293989192736981
6739,0.0
6740,0.5866508688982767
6741,4.6289965662929475
6742,0.0
6743,0.3421973369755268
6744,1.351897321324741
6745,0.0
6746,0.2761294531902462
6747,1.1912268070168586
6748,0.0
6749,0.16119189036011472
6750,2.6907013972128615
6751,0.0
6752,0.22387427394082338
6753,2.038654398410293
6754,0.0
6755,1.084916637868767
6756,5.227017368005738
6757,0.0
6758,1.5802219549110506
6759,2.73680612946699
6760,0.0
6761,0.2268542624531079
6762,2.575869623323987
6763,0.0
6764,0.43513939549468417
6765,1.148543420045437
6766,0.0
6767,0.21319747209428852
6768,-10.0
6769,0.0
6770,0.031043955981390314
6771,1.8877667395047242
6772,0.0
6773,0.23356448781542427
6774,1.1261315336100945
6775,0.0
6776,0.851701668163085
6777,1.1948096002614976
6778,0.0
6779,0.0
6780,1.063547281357323
6781,1.986640510445203
6782,0.0
6783,0.7965264151278845
6784,1.9505767728113963
6785,0.0
6786,0.23520410681819326
6787,1.2790757207175885
6788,0.0
6789,0.1959078406045266
6790,2.0874320973867997
6791,0.0
6792,0.5754047727087718
6793,1.501609635925792
6794,0.0
6795,0.787124080287258
6796,2.1696923915540935
6797,0.0
6798,-10.0
6799,2.569417532640083
6800,0.0
6801,0.5749884295842184
6802,1.4046788969638935
6803,0.0
6804,0.15344993710196786
6805,1.783210352408602
6806,0.0
6807,0.4751637260191267
6808,2.7317946065352254
6809,0.0
6810,1.053639062924959
6811,1.4282893667165713
6812,0.0
6813,0.354201928090511
6814,2.530757975969652
6815,0.0
6816,0.16237606216476552
6817,4.310244647934451
6818,0.0
6819,0.2882283515750764
6820,1.6773841929567577
6821,0.0
6822,2.27305178987231
6823,5.19916719453081
6824,0.0
6825,0.43227914422797287
6826,1.6041825438869572
6827,0.0
6828,0.28307029415022356
6829,2.614590213008866
6830,0.0
6831,0.2904689385691993
6832,1.2904689285691995
6833,0.0
6834,0.24535282750189935
6835,3.1062565875405914
6836,0.0
6837,0.8011685789799162
6838,2.2016754159439387
6839,0.0
6840,0.7869862197488001
6841,3.6726914051959834
6842,0.0
6843,0.24282889639758742
6844,2.322003632257642
6845,0.0
6846,0.1599129993236167
6847,2.7024570649043174
6848,0.0
6849,0.37862774295166324
6850,3.7463746731990284
6851,0.0
6852,0.3873338381943744
6853,1.846139272527701
6854,0.0
6855,0.10276967824947725
6856,1.2920430530596352
6857,0.0
6858,0.1435291257117176
6859,1.78496114123192
6860,0.0
6861,-10.0
6862,5.808184072892335
6863,0.0
6864,0.8080858466240689
6865,3.4059295802008887
6866,0.0
6867,0.08163806853279143
6868,2.0691685379517626
6869,0.0
6870,0.2994506018791524
6871,2.4453374627286175
6872,0.0
6873,-0.07612260064572163
6874,1.274579777176709
6875,0.0
6876,0.6412112629650192
6877,-10.0
6878,0.0
6879,0.0035485381892382817
6880,1.5547313786592936
6881,0.0
6882,0.679861623417617
6883,2.7313829333935304
6884,0.0
6885,0.7904128783384318
6886,1.4217974890130003
6887,0.0
6888,2.3360656104358255
6889,3.983169151232952
6890,0.0
6891,0.45121899147277833
6892,2.1703335145095206
6893,0.0
6894,0.5072431035260304
6895,1.9392285736287076
6896,0.0
6897,0.7135800609602324
6898,5.382649216869864
6899,0.0
6900,0.16354504520486357
6901,5.220407174422059
6902,0.0
6903,0.861865323871107
6904,2.940982412386341
6905,0.0
6906,0.17795535444907606
6907,1.222976651942683
6908,0.0
6909,0.22651362052769086
6910,1.688691081241532
6911,0.0
6912,-0.11718152599146403
6913,2.762937255606003
6914,0.0
6915,0.06197138656821133
6916,1.436430696974138
6917,0.0
6918,0.5723467186873118
6919,1.5548461922315144
6920,0.0
6921,0.4389854677529085
6922,1.6409294110616341
6923,0.0
6924,0.11107843861570099
6925,1.3076005820260417
6926,0.0
6927,-0.11418737068940066
6928,1.6773022442048189
6929,0.0
6930,0.4045044687841294
6931,1.1056244718296302
6932,0.0
6933,0.739506751485682
6934,2.423585668568218
6935,0.0
6936,0.1255178621966958
6937,1.4442667028936615
6938,0.0
6939,0.1869838595366572
6940,1.6384693977969087
6941,0.0
6942,0.44730872267919664
6943,5.517909916155965
6944,0.0
6945,0.4086081409751573
6946,1.2820709747557009
6947,0.0
6948,0.34179679787516737
6949,4.253359130769942
6950,0.0
6951,0.2972330482942124
6952,2.447134607125509
6953,0.0
6954,0.34489444758324106
6955,1.9284099767456842
6956,0.0
6957,0.5739641203249003
6958,3.44961128033688
6959,0.0
6960,0.6026914998006626
6961,0.9320004613411905
6962,0.0
6963,0.21132412107080356
6964,1.3729001366298117
6965,0.0
6966,0.27336816213864956
6967,1.7829495053331357
6968,0.0
6969,0.3788019270284936
6970,-10.0
6971,0.0
6972,0.3467246848541855
6973,2.4467593188715173
6974,0.0
6975,0.19772816153164408
6976,0.8443235081680889
6977,0.0
6978,-0.28844512926974886
6979,1.5024345128765226
6980,0.0
6981,0.3727384785851956
6982,0.941217841887166
6983,0.0
6984,1.0562240217597245
6985,1.9718589906506145
6986,0.0
6987,0.7587569269249704
6988,-10.0
6989,0.0
6990,0.61896098514265
6991,2.736346297072557
6992,0.0
6993,0.7109400874874651
6994,2.5101882353936444
6995,0.0
6996,0.5431931741866799
6997,1.9708428966930938
6998,0.0
6999,0.4543520609721686
7000,2.9495479135938605
7001,0.0
7002,-0.10080376684050385
7003,1.4569095950623123
7004,0.0
7005,0.41450035935209006
7006,5.324154180041269
7007,0.0
7008,0.6154676601705295
7009,2.023789928505147
7010,0.0
7011,-10.0
7012,3.6369535804451143
7013,0.0
7014,0.6366779967034423
7015,1.9602000286188799
7016,0.0
7017,0.2511842778824861
7018,3.15629090303912
7019,0.0
7020,0.18722133804247865
7021,1.6913908782458014
7022,0.0
7023,-10.0
7024,3.1249581673949933
7025,0.0
7026,2.7555070000740227
7027,3.578258768224988
7028,0.0
7029,-0.02861660032168256
7030,-10.0
7031,0.0
7032,0.07955787814954152
7033,1.1961155232189142
7034,0.0
7035,0.39316707304047627
7036,1.5413723169297635
7037,0.0
7038,0.5454607421388359
7039,1.5903987316679042
7040,0.0
7041,0.33143274427188596
7042,1.0036895331267521
7043,0.0
7044,0.20804758098104503
7045,4.958031604432006
7046,0.0
7047,0.6197973040816717
7048,3.6988632087409083
7049,0.0
7050,-10.0
7051,-10.0
7052,0.0
7053,0.39855585423197326
7054,2.121031183813965
7055,0.0
7056,0.5376336821049629
7057,2.3321179956654188
7058,0.0
7059,-0.11804650475286493
7060,1.5198149209427783
7061,0.0
7062,-0.22028572193466167
7063,2.202997390195862
7064,0.0
7065,1.8684778547993153
7066,4.334546945863193
7067,0.0
7068,1.1128580770913095
7069,2.2710247298248283
7070,0.0
7071,1.163296108090484
7072,3.327032759571747
7073,0.0
7074,1.276357329500212
7075,1.9529383339684205
7076,0.0
7077,0.5548931895786923
7078,2.2646524426621495
7079,0.0
7080,0.390637184014207
7081,1.2952992608527927
7082,0.0
7083,-0.04667435163449818
7084,1.0411565313667515
7085,0.0
7086,0.31471351787348
7087,1.9632587080082182
7088,0.0
7089,0.43777918731524623
7090,1.714582710107221
7091,0.0
7092,0.32487848105037764
7093,1.5480023921242834
7094,0.0
7095,0.45314137610042093
7096,1.0252736715809727
7097,0.0
7098,0.1608144415695948
7099,1.989037911682843
7100,0.0
7101,0.22493166555763444
7102,8.720359259093794
7103,0.0
7104,0.49768502075737675
7105,2.077307332735995
7106,0.0
7107,0.7123663850404488
7108,-10.0
7109,0.0
7110,0.34451939738269777
7111,1.9955712046278726
7112,0.0
7113,0.036519005898402956
7114,2.4065325297564746
7115,0.0
7116,0.08559790217455043
7117,1.0292917697357022
7118,0.0
7119,0.4575180005926879
7120,2.0291560832817526
7121,0.0
7122,0.41285110828081606
7123,2.863598008849058
7124,0.0
7125,0.3797337920832352
7126,2.300289358513443
7127,0.0
7128,0.8679006562431076
7129,1.8247075502151837
7130,0.0
7131,-10.0
7132,4.724567449361885
7133,0.0
7134,0.05875096981577632
7135,-10.0
7136,0.0
7137,-0.034751288157229276
7138,1.25572769854916
7139,0.0
7140,-10.0
7141,3.0946350788401142
7142,0.0
7143,0.044388160694521894
7144,2.4321882460199653
7145,0.0
7146,0.3551950285765032
7147,1.7971742828465262
7148,0.0
7149,0.38672677913530806
7150,5.577087024041523
7151,0.0
7152,0.0
7153,0.0
7154,0.764603715064032
7155,1.2815158573481005
7156,0.0
7157,-0.06592528338080084
7158,3.4091803507240126
7159,0.0
7160,0.31353654996915836
7161,1.7859068233196782
7162,0.0
7163,0.27133168588069345
7164,1.9271435705668623
7165,0.0
7166,0.4774382643661933
7167,5.584513991969457
7168,0.0
7169,0.8396970547284047
7170,-10.0
7171,0.0
7172,0.3377656181689531
7173,2.0261912843583225
7174,0.0
7175,0.13869079319659672
7176,1.3981487146397589
7177,0.0
7178,1.1515227366618848
7179,2.690055341454379
7180,0.0
7181,0.24912310376805957
7182,1.2313903409625993
7183,0.0
7184,-0.01179520270397083
7185,2.653853533269575
7186,0.0
7187,0.5674828876269203
7188,-10.0
7189,0.0
7190,0.13797024084442977
7191,2.2704559724843074
7192,0.0
7193,-0.015219731729834485
7194,2.0886601105240956
7195,0.0
7196,-0.28844512926974886
7197,1.4806757228333227
7198,0.0
7199,0.06286488845216998
7200,2.2917661992144005
7201,0.0
7202,-0.1278760374668767
7203,1.573323720236309
7204,0.0
7205,0.15329864460481135
7206,2.4011522801375618
7207,0.0
7208,0.3362998203779418
7209,2.0980198378661146
7210,0.0
7211,1.8688975121668792
7212,4.260038581583913
7213,0.0
7214,0.2276449905292638
7215,1.5589587753163483
7216,0.0
7217,0.22911271066633343
7218,3.675207774808091
7219,0.0
7220,0.38280675948884146
7221,1.574554636155942
7222,0.0
7223,-10.0
7224,2.9227608636551974
7225,0.0
7226,1.1754618609004361
7227,2.7779327995490193
7228,0.0
7229,3.71064491414287
7230,12.004366470219821
7231,0.0
7232,0.3002517961724155
7233,-10.0
7234,0.0
7235,0.6184623207297492
7236,3.453075104378419
7237,0.0
7238,-0.03651739606980475
7239,1.5753519462531531
7240,0.0
7241,1.5849722900777659
7242,2.0324689984883046
7243,0.0
7244,0.34109745808310954
7245,1.1644001821968388
7246,0.0
7247,-0.09198436047424308
7248,5.802444996512651
7249,0.0
7250,0.5187471146092927
7251,1.5594365458785022
7252,0.0
7253,0.0
7254,0.0
7255,1.043968273785715
7256,3.22976551907579
7257,0.0
7258,0.9023004413873531
7259,2.256379850296436
7260,0.0
7261,0.37164191291478066
7262,2.35188698814747
7263,0.0
7264,0.20872082159554262
7265,1.5887578400512832
7266,0.0
7267,-0.031133683360914155
7268,1.2947487393501143
7269,0.0
7270,0.0
7271,0.0
7272,-0.08442068029433147
7273,3.561291610601862
7274,0.0
7275,0.31408151929126327
7276,2.1314751231172075
7277,0.0
7278,1.3732726414103977
7279,2.873704572347602
7280,0.0
7281,0.3258453219788241
7282,1.9397377708516925
7283,0.0
7284,0.618940786498353
7285,4.634809864804498
7286,0.0
7287,0.4150360168950046
7288,5.6924855784151935
7289,0.0
7290,0.005705638232888277
7291,0.9844757732216727
7292,0.0
7293,0.5771783742805253
7294,4.244450239057978
7295,0.0
7296,-0.005841321318941439
7297,2.022323478556337
7298,0.0
7299,0.9371841007880998
7300,1.2744522379438894
7301,0.0
7302,0.18351214621117717
7303,2.136454980960462
7304,0.0
7305,1.063547281357323
7306,4.3134434852430115
7307,0.0
7308,0.28898655277370333
7309,1.4062339979507457
7310,0.0
7311,0.2327764575532486
7312,1.4306046446679808
7313,0.0
7314,4.967892440162149
7315,-0.9639059863040869
7316,0.0
7317,0.3066837300065207
7318,3.5770036338746287
7319,0.0
7320,0.11826750129835151
7321,1.2342740858596288
7322,0.0
7323,0.06498326248607256
7324,1.8908585549655819
7325,0.0
7326,1.2568552453951058
7327,5.416660101947533
7328,0.0
7329,0.42836768883161846
7330,1.533718162737294
7331,0.0
7332,0.023002739271066663
7333,0.9281366779906787
7334,0.0
7335,0.27540059602997846
7336,7.1006324871860205
7337,0.0
7338,0.2196026276430666
7339,3.515182683413674
7340,0.0
7341,-0.15294760165614796
7342,-10.0
7343,0.0
7344,0.1501949193084432
7345,2.3152949850982782
7346,0.0
7347,0.18476241660980108
7348,2.829839285468468
7349,0.0
7350,-0.15272040470189652
7351,1.0041086660090366
7352,0.0
7353,0.4755862435752428
7354,1.6821540688770824
7355,0.0
7356,0.19157183843943326
7357,2.00835940248093
7358,0.0
7359,0.5985543883481573
7360,2.597538139623321
7361,0.0
7362,0.28970879266924066
7363,1.2825357943386442
7364,0.0
7365,0.22966141636496185
7366,2.082824239130228
7367,0.0
7368,0.1170303537968308
7369,1.07642677584737
7370,0.0
7371,0.4559666837900672
7372,7.902010027827339
7373,0.0
7374,0.43719210108409834
7375,4.108219769304766
7376,0.0
7377,0.35444056798643786
7378,1.7185863576755651
7379,0.0
7380,2.0954670247770752
7381,-10.0
7382,0.0
7383,0.17478731353329235
7384,1.9750056347048142
7385,0.0
7386,0.196831797130388
7387,1.191869094834851
7388,0.0
7389,0.7242500322124111
7390,1.0125736797356566
7391,0.0
7392,1.0386624330098932
7393,3.7545515377939123
7394,0.0
7395,0.7100211160435016
7396,5.299366720411058
7397,0.0
7398,-0.2258623429650254
7399,0.7741376470349748
7400,0.0
7401,0.03662833403619181
7402,6.769922054738181
7403,0.0
7404,0.0
7405,0.0
7406,0.5613124906115089
7407,1.677333890281598
7408,0.0
7409,0.4797974778071953
7410,2.4720677733982166
7411,0.0
7412,0.08044531530668986
7413,2.2634655453796757
7414,0.0
7415,-0.27529786221833763
7416,1.9875531621697726
7417,0.0
7418,0.5661443951743458
7419,-10.0
7420,0.0
7421,0.11223993758995865
7422,3.7852175305933007
7423,0.0
7424,0.25425581604121417
7425,4.937060013528363
7426,0.0
7427,0.7432920778313551
7428,3.7350307047489295
7429,0.0
7430,0.2877437464560407
7431,2.259581717904716
7432,0.0
7433,0.9122693290774243
7434,4.921460016475077
7435,0.0
7436,0.020804886521639143
7437,2.078782059114199
7438,0.0
7439,0.3399413293495416
7440,2.443494864709682
7441,0.0
7442,0.14507763127545859
7443,2.2404301398140642
7444,0.0
7445,1.3734166021963947
7446,2.1068054867108894
7447,0.0
7448,0.11424999053249996
7449,2.4216638342546775
7450,0.0
7451,0.14093379553992602
7452,2.4933851856417073
7453,0.0
7454,2.1277657679423587
7455,4.5849589801676025
7456,0.0
7457,0.3733386866286804
7458,1.8499478845474542
7459,0.0
7460,-10.0
7461,2.6194118546040643
7462,0.0
7463,0.28891273292254216
7464,2.522943223136574
7465,0.0
7466,0.15960357325442998
7467,1.5738208212066815
7468,0.0
7469,0.4347471564367339
7470,2.166300849083729
7471,0.0
7472,0.09012804540316688
7473,1.8703568369087578
7474,0.0
7475,-0.10508584322020298
7476,2.3778010394444387
7477,0.0
7478,0.4637136414840982
7479,1.6764657284011115
7480,0.0
7481,1.0688055427906424
7482,2.509125465911714
7483,0.0
7484,-0.0074755642682901025
7485,2.4877565537992545
7486,0.0
7487,-0.32431797267546314
7488,1.5427788664318773
7489,0.0
7490,0.03376136349247638
7491,1.3712441919421297
7492,0.0
7493,1.0635219006566938
7494,1.6678795876107044
7495,0.0
7496,0.8613021883260416
7497,1.8613021783260417
7498,0.0
7499,0.07927363380225227
7500,1.5017472781351346
7501,0.0
7502,0.33151994776262683
7503,1.9618830488653194
7504,0.0
7505,0.8363294317706903
7506,2.5392523800494633
7507,0.0
7508,0.17570321114497445
7509,2.47409048554904
7510,0.0
7511,0.7298600876242273
7512,2.316739680016048
7513,0.0
7514,0.09971125200748088
7515,2.4996759943929145
7516,0.0
7517,0.13351119315700044
7518,1.412902142399919
7519,0.0
7520,0.43513939549468417
7521,2.5004319174541774
7522,0.0
7523,-0.1537884395015766
7524,1.4550429017650317
7525,0.0
7526,0.293857775208182
7527,1.5533618731086267
7528,0.0
7529,0.3404853897137873
7530,3.19436877287386
7531,0.0
7532,-10.0
7533,7.056912467465583
7534,0.0
7535,-0.11380766545506538
7536,1.6866915075956697
7537,0.0
7538,2.0638200494521635
7539,1.4155779812328997
7540,0.0
7541,1.566288038815129
7542,2.141746039863771
7543,0.0
7544,-10.0
7545,4.079129238760111
7546,0.0
7547,0.2031427761929271
7548,1.3621115782886897
7549,0.0
7550,0.3407693286069443
7551,1.6473542678095912
7552,0.0
7553,-0.13225530761320536
7554,1.2107308204478018
7555,0.0
7556,0.005705638232888277
7557,1.5348258871425924
7558,0.0
7559,1.3989978333550415
7560,4.909292562824836
7561,0.0
7562,0.11424999053249996
7563,4.275110017277684
7564,0.0
7565,1.3732670461140701
7566,2.4630495308947387
7567,0.0
7568,0.14760083573816496
7569,2.741182601743847
7570,0.0
7571,0.19546205676253903
7572,2.142608787850003
7573,0.0
7574,0.09338907380509187
7575,1.3735500821782405
7576,0.0
7577,0.025097196481003947
7578,2.4453677560776725
7579,0.0
7580,2.449999565740261
7581,4.183724952850637
7582,0.0
7583,0.4262214151249991
7584,1.2709320428307576
7585,0.0
7586,0.3448145209437693
7587,-10.0
7588,0.0
7589,0.6698426233024556
7590,5.734879783461975
7591,0.0
7592,0.5313067002632891
7593,1.2911892798406888
7594,0.0
7595,0.30072304529031346
7596,2.6246911513994418
7597,0.0
7598,0.9670907593986829
7599,2.651448145837427
7600,0.0
7601,0.24912310376805957
7602,1.7609406906248701
7603,0.0
7604,-0.0470685933685997
7605,4.303017039351893
7606,0.0
7607,0.768581846629015
7608,3.624773214894551
7609,0.0
7610,0.2443098647127394
7611,1.5290189651511623
7612,0.0
7613,0.2826759318684947
7614,1.5655646012156759
7615,0.0
7616,0.07086354887567359
7617,1.249838808647078
7618,0.0
7619,-0.1191693992710845
7620,1.5652428759364463
7621,0.0
7622,0.3330875004164596
7623,1.5951770400874798
7624,0.0
7625,0.4791421244159767
7626,1.3573758920944836
7627,0.0
7628,-10.0
7629,3.2215391427238727
7630,0.0
7631,3.73991027109406
7632,4.5268631382091185
7633,0.0
7634,0.6914851446182005
7635,1.8641669259587894
7636,0.0
7637,-0.018692736522034847
7638,1.5863311219480292
7639,0.0
7640,0.5911902470495501
7641,2.134990484545405
7642,0.0
7643,-0.09797817214380955
7644,1.1319065110786182
7645,0.0
7646,0.2944946789988482
7647,2.200559262580356
7648,0.0
7649,1.6936843310925407
7650,2.9240834854258426
7651,0.0
7652,0.11140913417401743
7653,2.39322562674434
7654,0.0
7655,0.5770653108006124
7656,1.3949116269328194
7657,0.0
7658,0.41970497857081834
7659,4.46996177261827
7660,0.0
7661,0.1812931647786894
7662,2.4699635198239682
7663,0.0
7664,0.03376136349247638
7665,2.4267650970232975
7666,0.0
7667,0.2972330482942124
7668,2.122858070746158
7669,0.0
7670,1.1688329893960758
7671,4.236752162838155
7672,0.0
7673,0.22577545771077123
7674,2.3010244161410194
7675,0.0
7676,0.32925561848917095
7677,3.292366270935348
7678,0.0
7679,0.193715697769843
7680,2.105181141150005
7681,0.0
7682,0.2001166324865774
7683,2.3369913943488143
7684,0.0
7685,0.3360868751135967
7686,2.625554814347291
7687,0.0
7688,0.11621143416015356
7689,1.0794547690384424
7690,0.0
7691,0.4365438654070547
7692,1.7547236938275348
7693,0.0
7694,-0.0055505524629723135
7695,1.6525124658999153
7696,0.0
7697,-0.06501257514186343
7698,1.7829671205329292
7699,0.0
7700,0.7286980933261001
7701,2.3408802306842817
7702,0.0
7703,0.5333142077514051
7704,1.621085270366491
7705,0.0
7706,0.019022606925661933
7707,0.821024746101772
7708,0.0
7709,0.44614095655645036
7710,1.6229598895463881
7711,0.0
7712,0.23995989039019883
7713,2.101102988612853
7714,0.0
7715,-0.08563912836710152
7716,1.3015157525481766
7717,0.0
7718,0.3148710920636263
7719,1.5563491089972918
7720,0.0
7721,0.1369245056400955
7722,1.371243647390746
7723,0.0
7724,0.9845929716448788
7725,2.1595604268266033
7726,0.0
7727,-0.09752197248246652
7728,2.090131046455672
7729,0.0
7730,-0.2196905435287284
7731,1.853157439885287
7732,0.0
7733,0.9992262323235107
7734,9.740694603350587
7735,0.0
7736,2.4903504235954594
7737,3.220285790158999
7738,0.0
7739,0.1658446604120335
7740,2.2337342218272145
7741,0.0
7742,1.0068061626211868
7743,5.623041560664742
7744,0.0
7745,-0.007836748798015436
7746,1.5118228813865815
7747,0.0
7748,0.07392336963869173
7749,2.7554080312334674
7750,0.0
7751,-0.2702142291655144
7752,2.270991278667769
7753,0.0
7754,0.0043490700252711845
7755,1.8800890554557657
7756,0.0
7757,1.0040737495672878
7758,2.740387674092781
7759,0.0
7760,0.11534577829121073
7761,1.8146107502145223
7762,0.0
7763,0.3627141164073754
7764,1.4237615661317389
7765,0.0
7766,0.21334397059799481
7767,1.338610359094711
7768,0.0
7769,0.2952624987599274
7770,2.6887607583558966
7771,0.0
7772,0.30882822360910633
7773,-10.0
7774,0.0
7775,0.11826750129835151
7776,1.8399337701594138
7777,0.0
7778,0.2743544312832146
7779,1.2064961366955915
7780,0.0
7781,0.1520305194199404
7782,2.682976501730214
7783,0.0
7784,0.26878142090727175
7785,1.417355681033211
7786,0.0
7787,0.014626556572271299
7788,1.2596504036248946
7789,0.0
7790,0.043287047410001
7791,1.950225440485105
7792,0.0
7793,-0.0858917461274501
7794,2.2042271384274237
7795,0.0
7796,1.1103720337803225
7797,2.981483545690189
7798,0.0
7799,0.23939872046455413
7800,1.9432088876552709
7801,0.0
7802,1.627595256465963
7803,-10.0
7804,0.0
7805,0.17416868119787832
7806,1.2160856466340122
7807,0.0
7808,-0.06571953024134458
7809,1.504670898967991
7810,0.0
7811,2.1535658348558773
7812,5.737738012700936
7813,0.0
7814,0.2270637243061263
7815,1.7482464423845578
7816,0.0
7817,-0.1690173323241776
7818,-10.0
7819,0.0
7820,0.12068341442908925
7821,1.7189895909372865
7822,0.0
7823,0.33859804998992205
7824,-10.0
7825,0.0
7826,-0.24221299044408284
7827,1.5359919770901833
7828,0.0
7829,0.22435973426189648
7830,1.252439828524312
7831,0.0
7832,0.6061435524565367
7833,2.1832498182948012
7834,0.0
7835,-0.006295913063303016
7836,-10.0
7837,0.0
7838,0.4214008103181198
7839,2.874697973696046
7840,0.0
7841,0.38328872359523214
7842,2.7064576305409678
7843,0.0
7844,0.9625692765694974
7845,4.1696693136605125
7846,0.0
7847,0.33552071294779673
7848,2.3142890524566333
7849,0.0
7850,-0.1831673578273706
7851,1.213249793515903
7852,0.0
7853,0.01693450610534708
7854,1.768179223035305
7855,0.0
7856,-0.11954629825836083
7857,1.3128709520753299
7858,0.0
7859,0.33038644668431527
7860,1.9413309872218523
7861,0.0
7862,0.3075912463278011
7863,2.733489124590504
7864,0.0
7865,0.8833971013544412
7866,2.262948203426454
7867,0.0
7868,0.554359308418794
7869,-10.0
7870,0.0
7871,-0.022049095028551458
7872,1.5520608843212509
7873,0.0
7874,1.1927031559843289
7875,2.8052988378509975
7876,0.0
7877,-0.20481052047141035
7878,1.3462064904399957
7879,0.0
7880,0.045655820236517486
7881,2.341398969440099
7882,0.0
7883,3.6087174142937357
7884,-1.052418999618589
7885,0.0
7886,0.2616557047302649
7887,2.192522957437229
7888,0.0
7889,0.4297915452748776
7890,2.207982493518034
7891,0.0
7892,0.12617026627503158
7893,1.126819845074799
7894,0.0
7895,1.0635219006566938
7896,2.051469812844758
7897,0.0
7898,0.2140180712119174
7899,-10.0
7900,0.0
7901,-0.06489561043942504
7902,1.7538174975539502
7903,0.0
7904,0.13313049525958298
7905,2.0895341276769237
7906,0.0
7907,0.30831315901921863
7908,1.8216594973170268
7909,0.0
7910,0.48767074657307663
7911,1.3864603049754074
7912,0.0
7913,2.6007540986282836
7914,3.224826524475994
7915,0.0
7916,1.1517816800135408
7917,3.8781182226739457
7918,0.0
7919,-0.012394780698139596
7920,1.4351365295371143
7921,0.0
7922,0.29576814559682274
7923,1.5790098055594823
7924,0.0
7925,0.6071629105958997
7926,4.955578537725032
7927,0.0
7928,0.15698215718076314
7929,1.9583779567864559
7930,0.0
7931,0.2153139198619668
7932,1.143454244144769
7933,0.0
7934,0.8152292262083728
7935,2.03426102120148
7936,0.0
7937,0.21104493739432184
7938,1.3955450832648517
7939,0.0
7940,0.3379064582514154
7941,3.4277700263184228
7942,0.0
7943,0.8799969001012594
7944,5.499367070990314
7945,0.0
7946,0.8908381338944603
7947,0.7130497736759478
7948,0.0
7949,0.8132338878664557
7950,2.5356772329570387
7951,0.0
7952,-0.24452281475999682
7953,1.5834153556611241
7954,0.0
7955,1.9806129655017126
7956,4.365268938563634
7957,0.0
7958,0.17478731353329235
7959,3.588442438480188
7960,0.0
7961,0.221720113818748
7962,1.9876658865394323
7963,0.0
7964,0.1406543079679713
7965,2.9791561784517224
7966,0.0
7967,-10.0
7968,3.3097660443023056
7969,0.0
7970,0.6248378697554032
7971,2.5213199638947295
7972,0.0
7973,0.0
7974,1.1669784671433159
7975,2.1035884146712855
7976,0.0
7977,0.6264690777644152
7978,2.5745166063967666
7979,0.0
7980,0.5429592151640049
7981,1.7615493348752551
7982,0.0
7983,0.3570545370129915
7984,3.6717377369445563
7985,0.0
7986,0.341810456072121
7987,1.491573883283033
7988,0.0
7989,0.30370916097700207
7990,-10.0
7991,0.0
7992,-0.179261922512861
7993,1.1543862619897185
7994,0.0
7995,-0.0002841648426411547
7996,1.8970435229613376
7997,0.0
7998,0.3512097951776688
7999,2.3079711307451665
8000,0.0
8001,0.2465031462027386
8002,1.5051456972758819
8003,0.0
8004,-0.17266720193775165
8005,1.5219056382687128
8006,0.0
8007,0.6221083358798211
8008,1.9857531324445012
8009,0.0
8010,0.33726768944754515
8011,1.4146661725772511
8012,0.0
8013,0.07799876316226173
8014,1.585061122129927
8015,0.0
8016,0.8061874845099396
8017,1.710882077418285
8018,0.0
8019,0.6998303646056799
8020,2.35130244295922
8021,0.0
8022,-0.05939883669752932
8023,1.3731155181158012
8024,0.0
8025,0.0877874389672334
8026,1.1440703205943348
8027,0.0
8028,1.9193915803579142
8029,6.05415439710908
8030,0.0
8031,0.12617026627503158
8032,2.925294936704155
8033,0.0
8034,-0.24047885130325142
8035,1.022872106421461
8036,0.0
8037,0.30921365310558035
8038,1.15708654237811
8039,0.0
8040,1.5615197453894294
8041,2.7786291637717015
8042,0.0
8043,0.09918245528887815
8044,1.6471811613681475
8045,0.0
8046,-0.23872817375453959
8047,1.3531322121461242
8048,0.0
8049,3.0202973018313974
8050,5.017980059495611
8051,0.0
8052,0.6736031654689342
8053,2.7216317795843024
8054,0.0
8055,0.1800276497181913
8056,1.1251711419215584
8057,0.0
8058,0.733370657362956
8059,1.8348681575912622
8060,0.0
8061,0.5990761127563128
8062,1.2718137883544531
8063,0.0
8064,0.19802405084215302
8065,1.6318662438472977
8066,0.0
8067,1.0260055343242769
8068,2.73766323662872
8069,0.0
8070,0.23246022867496408
8071,5.737739436701068
8072,0.0
8073,0.5150829410668231
8074,6.3502476467389215
8075,0.0
8076,-0.2677916949723401
8077,1.2676771591444354
8078,0.0
8079,1.0166630495457176
8080,2.9307455940171754
8081,0.0
8082,0.4781148647076977
8083,1.1572084677243972
8084,0.0
8085,-0.00034698098361918284
8086,2.279034089700212
8087,0.0
8088,0.32626170301261104
8089,5.266712460566454
8090,0.0
8091,0.29991323314385954
8092,1.9561733125038725
8093,0.0
8094,0.14994503075275356
8095,2.0869323354274636
8096,0.0
8097,0.8458054716252109
8098,2.8972985242687788
8099,0.0
8100,0.7829010343038526
8101,1.806509653698762
8102,0.0
8103,0.67163480479429
8104,3.174538795765497
8105,0.0
8106,-0.10373409101996789
8107,1.7220181501405252
8108,0.0
8109,-0.039143634170938246
8110,1.4539082517695958
8111,0.0
8112,0.170793619915398
8113,2.1625082382424345
8114,0.0
8115,1.3692096149795563
8116,2.014688741976433
8117,0.0
8118,0.578109705242379
8119,3.90904808466021
8120,0.0
8121,0.48878939905087215
8122,-10.0
8123,0.0
8124,0.0
8125,0.14475878952505494
8126,2.8572318220607347
8127,0.0
8128,0.7442398401283589
8129,1.441769167252856
8130,0.0
8131,0.4095497624520953
8132,3.2349655826216805
8133,0.0
8134,0.45629527377575185
8135,3.554785712333701
8136,0.0
8137,0.14108938691664197
8138,4.334820149632573
8139,0.0
8140,1.1698287616597614
8141,11.20621501438141
8142,0.0
8143,0.4936926200117594
8144,1.888891868066858
8145,0.0
8146,0.4745468972446162
8147,2.269542964183451
8148,0.0
8149,-0.1347925830534238
8150,1.438369156930368
8151,0.0
8152,0.0
8153,0.19861202988379
8154,1.430752675487369
8155,0.0
8156,0.47064249628074195
8157,1.6816470104143213
8158,0.0
8159,0.5611268540746132
8160,2.266928594702475
8161,0.0
8162,-0.16620772758464486
8163,2.7911457269265094
8164,0.0
8165,0.06540557276142389
8166,2.923188918995269
8167,0.0
8168,0.0226015331323125
8169,1.076481309387303
8170,0.0
8171,0.17051878097328632
8172,-10.0
8173,0.0
8174,0.491242736227662
8175,1.768872452457349
8176,0.0
8177,-0.1690173323241776
8178,1.2896268895061156
8179,0.0
8180,0.588276736427274
8181,1.77181126713362
8182,0.0
8183,0.35969141535581095
8184,1.4790590684788756
8185,0.0
8186,0.006702330705576798
8187,1.7744787623409422
8188,0.0
8189,0.009598302890050925
8190,1.8024141990987157
8191,0.0
8192,0.15695918858402103
8193,1.429201772375219
8194,0.0
8195,0.6222881602800187
8196,3.6103400784031745
8197,0.0
8198,0.4344938770380754
8199,1.6318537218957798
8200,0.0
8201,0.3793555568711363
8202,2.376659111450301
8203,0.0
8204,0.7933051690867546
8205,5.253662436099496
8206,0.0
8207,0.3593738170857844
8208,4.2817054603941145
8209,0.0
8210,0.8831045636793454
8211,2.2480524771071932
8212,0.0
8213,0.351273993540577
8214,1.4072096832151109
8215,0.0
8216,0.00954644957490236
8217,2.4223632177115046
8218,0.0
8219,-10.0
8220,4.541392367559162
8221,0.0
8222,0.3793555568711363
8223,4.578056588934029
8224,0.0
8225,0.4734477077115459
8226,1.3946353853509947
8227,0.0
8228,0.18459756079337242
8229,6.041227595178332
8230,0.0
8231,0.5779989069081598
8232,-10.0
8233,0.0
8234,0.24164032724616324
8235,3.996346774029287
8236,0.0
8237,0.44756616948780203
8238,6.3891005204999
8239,0.0
8240,0.051958670218994585
8241,3.4176251621934908
8242,0.0
8243,0.3292479591393328
8244,6.061585030646787
8245,0.0
8246,-0.08127590508959026
8247,2.6085047124543785
8248,0.0
8249,0.20299594235928964
8250,3.0182057301515575
8251,0.0
8252,0.18749108766616607
8253,1.1874910776661662
8254,0.0
8255,0.12641741411964624
8256,1.3730053556826045
8257,0.0
8258,1.7558168911387875
8259,2.33899582872156
8260,0.0
8261,0.7772348846284601
8262,4.520380481667204
8263,0.0
8264,0.02711855889063164
8265,3.6314394138436503
8266,0.0
8267,0.8445442052533584
8268,2.9178601829198856
8269,0.0
8270,0.7003062857260237
8271,2.305251272051615
8272,0.0
8273,0.2791151888541762
8274,2.42086763575254
8275,0.0
8276,0.2275563456408286
8277,2.0802189837600364
8278,0.0
8279,-0.0470685933685997
8280,2.3082527445690038
8281,0.0
8282,1.0043224809008109
8283,4.053556550307763
8284,0.0
8285,0.6657543984252953
8286,4.894473844928161
8287,0.0
8288,0.14810558943945995
8289,2.8926173838407645
8290,0.0
8291,0.019768004022849284
8292,2.0359987182020403
8293,0.0
8294,0.2500795918040001
8295,1.2005810067458202
8296,0.0
8297,0.34119448785533
8298,1.4126898705952389
8299,0.0
8300,-0.13350826411881422
8301,1.2607334974166822
8302,0.0
8303,-0.09867217250832117
8304,0.9280759385640532
8305,0.0
8306,0.12510653976791863
8307,1.5813752349993593
8308,0.0
8309,0.9406260241649388
8310,1.0019025267225055
8311,0.0
8312,0.26446561780869604
8313,1.5507642693131583
8314,0.0
8315,0.2806582784597299
8316,1.28065826845973
8317,0.0
8318,0.375309163461938
8319,1.5496289918810664
8320,0.0
8321,0.23758932524273535
8322,1.2834748664672357
8323,0.0
8324,0.44013708151322894
8325,1.941070764862534
8326,0.0
8327,-0.05323700291462585
8328,2.4656539443941923
8329,0.0
8330,0.01603267813720055
8331,2.176785484098809
8332,0.0
8333,0.2984100979260961
8334,1.604355383869234
8335,0.0
8336,0.7612920404649287
8337,2.181194534664151
8338,0.0
8339,0.26912839653731246
8340,0.9850171640837377
8341,0.0
8342,-0.26349037512653983
8343,1.359853106981991
8344,0.0
8345,0.08582898077146817
8346,4.246508618507709
8347,0.0
8348,0.33260790883662816
8349,0.6701532379553334
8350,0.0
8351,1.0058619488738936
8352,7.370081613613751
8353,0.0
8354,0.47888425390461953
8355,1.3759637353158323
8356,0.0
8357,0.2965483065958098
8358,2.7559954486619143
8359,0.0
8360,0.41191887483015177
8361,0.7997665401947567
8362,0.0
8363,0.6686034225293306
8364,2.2751092658733265
8365,0.0
8366,0.01603267813720055
8367,1.5155887112439197
8368,0.0
8369,-0.0077562580105364765
8370,1.1371528183208701
8371,0.0
8372,-0.13537440286052638
8373,1.0265631959424257
8374,0.0
8375,0.746014007916009
8376,3.0205981339784547
8377,0.0
8378,0.36962274011776197
8379,1.0564549908506893
8380,0.0
8381,0.30216763285238224
8382,-10.0
8383,0.0
8384,0.16798055069714357
8385,1.4084413466382095
8386,0.0
8387,0.4372990571245857
8388,-10.0
8389,0.0
8390,0.6716519653893848
8391,2.3767867730839956
8392,0.0
8393,0.39979297572075423
8394,2.6952240716502454
8395,0.0
8396,-0.0768441605719995
8397,2.008361160391969
8398,0.0
8399,0.09613576486250375
8400,1.1870777490099238
8401,0.0
8402,0.08792060560815196
8403,2.651292546695
8404,0.0
8405,-10.0
8406,2.3937528370598127
8407,0.0
8408,0.2093814279710825
8409,2.5551329972788435
8410,0.0
8411,0.3683264034727508
8412,1.3486708592719425
8413,0.0
8414,0.19031961688306598
8415,2.5495740381512713
8416,0.0
8417,0.7827127350466255
8418,3.0565278101812874
8419,0.0
8420,0.22869400389370786
8421,1.2523726843161123
8422,0.0
8423,0.26292584473306857
8424,-10.0
8425,0.0
8426,-10.0
8427,5.041443025945601
8428,0.0
8429,0.0
8430,0.0
8431,0.2974937884859937
8432,1.3882101701413443
8433,0.0
8434,-10.0
8435,2.5665558539589974
8436,0.0
8437,0.33038644668431527
8438,1.613619586580649
8439,0.0
8440,0.7155097552362252
8441,2.948032582200116
8442,0.0
8443,1.638550540543505
8444,3.694088342111476
8445,0.0
8446,0.2268542624531079
8447,1.1976289960971582
8448,0.0
8449,0.0
8450,1.3964762261154369
8451,2.9207221689631244
8452,0.0
8453,0.39443178487166286
8454,3.650042841764196
8455,0.0
8456,0.19076968307165887
8457,1.4954203452107526
8458,0.0
8459,0.11413182359230645
8460,1.0068005918578542
8461,0.0
8462,0.589752546178972
8463,4.315431762731257
8464,0.0
8465,0.7766107864556387
8466,5.792083467671081
8467,0.0
8468,2.1496996334206107
8469,1.3387385835698042
8470,0.0
8471,-0.020972067274098727
8472,1.5245584798070582
8473,0.0
8474,0.6071736410153105
8475,1.1400379056657182
8476,0.0
8477,4.685813168829788
8478,4.398363258683501
8479,0.0
8480,0.05549904631912994
8481,1.4741029817265627
8482,0.0
8483,0.0
8484,0.35813888792073867
8485,2.8354362137953597
8486,0.0
8487,0.0
8488,0.2408815324620618
8489,1.5033192320975985
8490,0.0
8491,0.20421797640037742
8492,2.2939816321398085
8493,0.0
8494,0.21127262006356762
8495,-10.0
8496,0.0
8497,0.38178394434560403
8498,0.8888481363820346
8499,0.0
8500,0.5427408027678645
8501,-10.0
8502,0.0
8503,0.056900827555848354
8504,0.9165535126839821
8505,0.0
8506,0.16560853939932552
8507,0.9520065937001956
8508,0.0
8509,1.4902642158258086
8510,6.3295191202124785
8511,0.0
8512,0.5712564230776539
8513,2.074383164565922
8514,0.0
8515,0.024848429043331177
8516,1.8271790255927787
8517,0.0
8518,0.06580428066147526
8519,1.3249903323153402
8520,0.0
8521,0.4986443355526514
8522,1.0932383505980854
8523,0.0
8524,0.4746732330938265
8525,2.605032235140069
8526,0.0
8527,-0.09379350134619557
8528,2.435282710926545
8529,0.0
8530,0.26774917893678307
8531,1.4810295791871613
8532,0.0
8533,0.13746189410577359
8534,1.105331304135905
8535,0.0
8536,0.28115831656956936
8537,1.283609281784388
8538,0.0
8539,0.7494981891319593
8540,3.1443375005299465
8541,0.0
8542,0.23681152615812884
8543,3.8057132827402977
8544,0.0
8545,0.34240995619115633
8546,4.869630108318409
8547,0.0
8548,0.5884691902267208
8549,2.346841755391961
8550,0.0
8551,0.9415483881755907
8552,1.923653174929414
8553,0.0
8554,-0.2763753903226256
8555,1.3404010344887707
8556,0.0
8557,-0.18482585181974986
8558,-10.0
8559,0.0
8560,0.5716230576660949
8561,1.9425598699250755
8562,0.0
8563,-0.19644784617655642
8564,1.3269362159421267
8565,0.0
8566,0.3539521144262615
8567,1.4086219743874175
8568,0.0
8569,1.6027336148666889
8570,2.9205174025601153
8571,0.0
8572,0.3347884225603265
8573,1.5072849777062274
8574,0.0
8575,0.11942009540042442
8576,-10.0
8577,0.0
8578,0.32102654311167467
8579,1.1785132062118937
8580,0.0
8581,0.2845226047431234
8582,2.207487980613098
8583,0.0
8584,0.03189185832665287
8585,1.6847004614276424
8586,0.0
8587,0.14806940184470962
8588,1.413954999955423
8589,0.0
8590,0.43379546790573353
8591,2.7859666750433467
8592,0.0
8593,0.2549332019835676
8594,1.1913159216336056
8595,0.0
8596,0.651221971388437
8597,2.1924358047034387
8598,0.0
8599,0.48786304733971575
8600,-10.0
8601,0.0
8602,0.055664546255942526
8603,2.1600192936001283
8604,0.0
8605,0.39238714501814187
8606,1.9916086313347572
8607,0.0
8608,0.2802433912021757
8609,1.672505457779441
8610,0.0
8611,-10.0
8612,4.4075105872743965
8613,0.0
8614,0.17199862411434597
8615,2.536855503615416
8616,0.0
8617,0.2951192836979707
8618,1.5006583822397574
8619,0.0
8620,0.8469616596456851
8621,2.372325182855566
8622,0.0
8623,0.004050966691201974
8624,1.27990556930445
8625,0.0
8626,-0.014015116940503058
8627,1.9526539169246677
8628,0.0
8629,0.7675030578437064
8630,2.6856192543778
8631,0.0
8632,0.3637556883277643
8633,1.7669790569986406
8634,0.0
8635,0.2749956652811515
8636,2.100174715364309
8637,0.0
8638,0.0
8639,0.0
8640,0.31062866648747767
8641,5.152375777187871
8642,0.0
8643,-0.09186173317647761
8644,3.838855015373592
8645,0.0
8646,0.10092111315698438
8647,0.4555347548572417
8648,0.0
8649,-0.05188417323550887
8650,1.497328908185811
8651,0.0
8652,0.13511349573382836
8653,1.1116314958633624
8654,0.0
8655,0.4021145814352939
8656,1.5870540270591005
8657,0.0
8658,0.03816849106327436
8659,2.1870786506054385
8660,0.0
8661,0.45248794863920117
8662,2.3865611668719424
8663,0.0
8664,0.0
8665,0.0
8666,-0.16611211687806393
8667,1.2037970268595763
8668,0.0
8669,-0.2561131790937391
8670,2.8551982686425355
8671,0.0
8672,-0.04864579244063183
8673,0.9490696499094881
8674,0.0
8675,1.309787593854384
8676,0.844410820471857
8677,0.0
8678,0.22017272166712887
8679,1.3048571362746348
8680,0.0
8681,0.1539163983781201
8682,4.525561845286234
8683,0.0
8684,0.12748675994683867
8685,1.4716407128669824
8686,0.0
8687,0.6257905482317899
8688,1.9600740002686838
8689,0.0
8690,-0.07032965710266192
8691,2.956979995333272
8692,0.0
8693,0.14897398180569354
8694,2.1102587806100868
8695,0.0
8696,0.39595040846418306
8697,3.559090746416437
8698,0.0
8699,0.3029281288998157
8700,3.2314154534392046
8701,0.0
8702,-0.19068838961724555
8703,1.4933716995772723
8704,0.0
8705,0.059033756454723973
8706,-10.0
8707,0.0
8708,0.27640512288108454
8709,1.3094703919752682
8710,0.0
8711,0.5021878954097659
8712,1.3255677882926618
8713,0.0
8714,-10.0
8715,-10.0
8716,0.0
8717,0.0
8718,1.4400363738757962
8719,1.187365779913333
8720,0.0
8721,0.903780076559883
8722,6.240865777164506
8723,0.0
8724,1.7558168911387875
8725,1.8951181819655214
8726,0.0
8727,0.2352046579732553
8728,3.1229233647166614
8729,0.0
8730,-10.0
8731,3.6294924334602254
8732,0.0
8733,-0.11258230108851841
8734,3.589568313601121
8735,0.0
8736,-0.08132560212411977
8737,1.25550545370943
8738,0.0
8739,0.013477557087809955
8740,4.792472415392275
8741,0.0
8742,0.3004788247422595
8743,1.2880453558109415
8744,0.0
8745,0.15979142806736857
8746,3.6483399077600493
8747,0.0
8748,0.20137487722357583
8749,7.542223018160424
8750,0.0
8751,-0.11626077789968003
8752,0.9877546513417071
8753,0.0
8754,0.24742667490598091
8755,1.247426664905981
8756,0.0
8757,0.47298565618958965
8758,2.704451169416167
8759,0.0
8760,3.71064491414287
8761,5.835306667092014
8762,0.0
8763,-10.0
8764,3.0473221296828905
8765,0.0
8766,1.0647393389390025
8767,3.1916221268419105
8768,0.0
8769,-0.21151255287632398
8770,1.130378387288617
8771,0.0
8772,-0.10073697241355661
8773,2.0885121415795864
8774,0.0
8775,1.3964762261154369
8776,9.596412460690082
8777,0.0
8778,0.4806138900117213
8779,-10.0
8780,0.0
8781,0.18749108766616607
8782,3.55909137558243
8783,0.0
8784,0.598761806126331
8785,1.7111346756681391
8786,0.0
8787,0.117308003509765
8788,2.3822855459236036
8789,0.0
8790,1.2610074880687372
8791,3.5620738595448582
8792,0.0
8793,0.21299564040334074
8794,1.212995630403341
8795,0.0
8796,0.5346065072237799
8797,3.6612683438780103
8798,0.0
8799,-0.003610049494240153
8800,2.1086648739394844
8801,0.0
8802,-0.1946032679204004
8803,1.6782367538872163
8804,0.0
8805,0.3036727322328233
8806,2.527010258456958
8807,0.0
8808,1.3592363026314978
8809,1.765598760810831
8810,0.0
8811,0.151097747492401
8812,1.6316996464053433
8813,0.0
8814,0.3150343262909826
8815,-10.0
8816,0.0
8817,0.534984464871178
8818,1.8244862540409534
8819,0.0
8820,0.002296115677205779
8821,2.1743750641203015
8822,0.0
8823,0.00954644957490236
8824,2.72398068645387
8825,0.0
8826,0.8216855208712407
8827,3.1790467946162613
8828,0.0
8829,0.33726768944754515
8830,0.8762282006406772
8831,0.0
8832,0.7862776408618396
8833,6.370483837303594
8834,0.0
8835,0.48557837914355784
8836,5.4111128030349
8837,0.0
8838,0.9445171909016666
8839,5.34373212783049
8840,0.0
8841,0.17858434033954074
8842,1.6918029319752788
8843,0.0
8844,0.08874369845674213
8845,2.9223607687186988
8846,0.0
8847,0.13278674916857758
8848,0.913682632404144
8849,0.0
8850,0.45227039703554384
8851,4.035577125524857
8852,0.0
8853,0.4059376506511919
8854,1.4237012550226193
8855,0.0
8856,0.3705847585077605
8857,1.0140278811538708
8858,0.0
8859,0.7971622529299643
8860,1.597185096780278
8861,0.0
8862,0.6229095345723142
8863,2.5286804967763246
8864,0.0
8865,1.5300812876657393
8866,5.263379195875961
8867,0.0
8868,0.11785604325325083
8869,1.608884101881742
8870,0.0
8871,0.3373108652084621
8872,1.3467989744014521
8873,0.0
8874,0.21224312949573
8875,1.3387216635532777
8876,0.0
8877,0.9247480133495755
8878,2.2766368141336946
8879,0.0
8880,0.5044051470682805
8881,1.5244360744097358
8882,0.0
8883,0.14292857513953872
8884,1.8716399255772098
8885,0.0
8886,0.04043863913098733
8887,2.339263957247159
8888,0.0
8889,0.21972255130577178
8890,1.4561741560006651
8891,0.0
8892,0.2845226047431234
8893,1.6905609332227345
8894,0.0
8895,0.21310983805793826
8896,2.913608478884504
8897,0.0
8898,0.09055449753156475
8899,1.1561881036930537
8900,0.0
8901,0.5550161986363898
8902,4.1626925707234035
8903,0.0
8904,-10.0
8905,2.4872297454101844
8906,0.0
8907,-0.2940780577387314
8908,1.1726269715539022
8909,0.0
8910,1.1257340970144205
8911,3.6669359889451987
8912,0.0
8913,0.5056659443311101
8914,2.1757137891321987
8915,0.0
8916,0.4503124485596549
8917,1.2568791382845537
8918,0.0
8919,0.42234670730650403
8920,2.675492158077941
8921,0.0
8922,0.5839298949863075
8923,2.9602357260944436
8924,0.0
8925,1.627595256465963
8926,20.897103408745036
8927,0.0
8928,0.9180408588494072
8929,5.411714624810301
8930,0.0
8931,1.209825584160165
8932,4.277125063066887
8933,0.0
8934,0.5876547325311462
8935,1.67442549966207
8936,0.0
8937,-0.10881301955322009
8938,0.9569432600933528
8939,0.0
8940,-0.14089059632161416
8941,1.269263119675536
8942,0.0
8943,0.7889311142282939
8944,-10.0
8945,0.0
8946,0.03606518499746303
8947,1.3373403627436085
8948,0.0
8949,0.6222881602800187
8950,2.2090056869039643
8951,0.0
8952,-0.06997515767505469
8953,1.7083298283536419
8954,0.0
8955,0.12966743391651014
8956,2.3440229576981206
8957,0.0
8958,0.1413290884944446
8959,4.324194116821388
8960,0.0
8961,0.6635856409959967
8962,1.5617557919373606
8963,0.0
8964,0.12044331107419814
8965,1.4274503944859436
8966,0.0
8967,0.18260846467280356
8968,3.315444721185746
8969,0.0
8970,-0.2342633344324745
8971,2.001498785766202
8972,0.0
8973,-0.09278692456940008
8974,2.460495021750548
8975,0.0
8976,2.6441807271856264
8977,0.9078655553693582
8978,0.0
8979,1.1279720939381188
8980,1.8745446413975317
8981,0.0
8982,0.381580045525458
8983,1.4897248787085668
8984,0.0
8985,0.4704345732310712
8986,2.604011148593437
8987,0.0
8988,0.42836768883161846
8989,1.5256325054841868
8990,0.0
8991,0.5240176334376133
8992,5.929397955784911
8993,0.0
8994,0.18672934804648456
8995,1.7599330819588404
8996,0.0
8997,0.1960213408901984
8998,1.2939555051832186
8999,0.0
9000,0.2088343037028072
9001,2.752212782964273
9002,0.0
9003,0.4385128789859388
9004,1.1703673111536137
9005,0.0
9006,0.7484294810515443
9007,3.5776073032165066
9008,0.0
9009,-0.06929100673511479
9010,2.290003673722044
9011,0.0
9012,0.8496012889389498
9013,-10.0
9014,0.0
9015,0.25951712398246485
9016,1.0720459495939236
9017,0.0
9018,0.11109887833957466
9019,1.8235836182139318
9020,0.0
9021,0.38108836139688507
9022,2.421524654650752
9023,0.0
9024,0.4144621738447122
9025,1.6698055129154319
9026,0.0
9027,1.9349498782978163
9028,0.15622087131891504
9029,0.0
9030,2.4901942012569873
9031,3.300006355902931
9032,0.0
9033,0.12641741411964624
9034,1.5822150854233268
9035,0.0
9036,-0.010634879052652257
9037,1.1232898622140979
9038,0.0
9039,0.21270063336379164
9040,2.168693163079113
9041,0.0
9042,0.1373042531970704
9043,2.2148481191022094
9044,0.0
9045,0.39238714501814187
9046,1.9385644549229621
9047,0.0
9048,0.48281022600525614
9049,3.849613819930454
9050,0.0
9051,0.143339733091839
9052,2.2488420111299288
9053,0.0
9054,0.7768624260566935
9055,1.8095193863261436
9056,0.0
9057,0.37968107192050937
9058,2.0666138771117475
9059,0.0
9060,0.3404077170228096
9061,1.6106318663487078
9062,0.0
9063,-0.08377420287540494
9064,1.506754727507051
9065,0.0
9066,-0.2470191689563609
9067,1.8985139168084268
9068,0.0
9069,0.13759223008411958
9070,1.6348411654730388
9071,0.0
9072,-0.07974567850531489
9073,5.680953712293583
9074,0.0
9075,0.0
9076,-0.09056034254470702
9077,0.9827658488144901
9078,0.0
9079,-0.002256331449624893
9080,1.5251757792509575
9081,0.0
9082,-0.32431797267546314
9083,0.9103710832458105
9084,0.0
9085,-10.0
9086,-10.0
9087,0.0
9088,0.757520836963678
9089,1.147807681160902
9090,0.0
9091,0.05369540184851751
9092,2.1226111258555704
9093,0.0
9094,0.37698215008271696
9095,3.127686041480163
9096,0.0
9097,0.17858434033954074
9098,1.4445421750863157
9099,0.0
9100,0.7629010403535114
9101,1.7900289404730723
9102,0.0
9103,0.2251900856461978
9104,1.0515156519722322
9105,0.0
9106,0.5723467186873118
9107,1.2262488771653774
9108,0.0
9109,0.2731724577784126
9110,1.2629759939144865
9111,0.0
9112,0.7278836125020128
9113,0.9034434985908932
9114,0.0
9115,0.05875096981577632
9116,1.3081328014255702
9117,0.0
9118,-0.23065952117266864
9119,-10.0
9120,0.0
9121,1.1103720337803225
9122,2.21337902751211
9123,0.0
9124,-10.0
9125,2.473798520549029
9126,0.0
9127,0.0113027266249216
9128,1.1785657983944517
9129,0.0
9130,1.483811651105388
9131,2.589060389151318
9132,0.0
9133,0.6772599115526011
9134,2.119823536507437
9135,0.0
9136,0.190664944462816
9137,1.4230731200816036
9138,0.0
9139,0.024100451178531324
9140,1.0241004411785315
9141,0.0
9142,0.16813358397407596
9143,2.3077101362550234
9144,0.0
9145,-0.073734854895244
9146,2.4953045776527865
9147,0.0
9148,0.7925153482577708
9149,1.3629633750020897
9150,0.0
9151,0.44143838615588116
9152,2.6308471873598247
9153,0.0
9154,-0.014622761514564653
9155,1.3212393127389803
9156,0.0
9157,-0.009648715135126995
9158,2.0338044067697307
9159,0.0
9160,0.2850502225939099
9161,1.784942852125505
9162,0.0
9163,0.6696693903012984
9164,1.6633523168538824
9165,0.0
9166,0.4204640667525338
9167,4.051544122680233
9168,0.0
9169,0.036519005898402956
9170,1.1452520954830572
9171,0.0
9172,0.39115421808536854
9173,1.4963677192898366
9174,0.0
9175,0.26277720995291876
9176,2.395143068083809
9177,0.0
9178,0.021441194856765766
9179,4.664514654803069
9180,0.0
9181,0.23316334272845085
9182,2.1490862012157868
9183,0.0
9184,1.2345100002640756
9185,3.8497853882672697
9186,0.0
9187,-0.015444240771313344
9188,1.3307652147011257
9189,0.0
9190,0.4722449665277221
9191,2.548239645617892
9192,0.0
9193,0.5465097604643608
9194,2.0505936283455974
9195,0.0
9196,-0.007354260664431123
9197,2.1667802029466148
9198,0.0
9199,0.17818363421234873
9200,1.9416134943896888
9201,0.0
9202,-0.052095848235355846
9203,2.894810859992028
9204,0.0
9205,0.07799876316226173
9206,2.5998416524974486
9207,0.0
9208,0.22577545771077123
9209,2.3049143635785705
9210,0.0
9211,2.1535658348558773
9212,0.8821863812002273
9213,0.0
9214,1.5079655845250408
9215,3.5716056397453024
9216,0.0
9217,-10.0
9218,2.8492480366234987
9219,0.0
9220,0.06007175406020637
9221,1.8330096934824511
9222,0.0
9223,0.14681519876038818
9224,1.3116887479435346
9225,0.0
9226,0.41596525046430977
9227,3.841818288994317
9228,0.0
9229,0.2629753974356498
9230,1.3255432772963747
9231,0.0
9232,0.3379064582514154
9233,1.7550649869734827
9234,0.0
9235,0.41371646420356256
9236,4.177655278571113
9237,0.0
9238,0.5308450438605342
9239,2.127562901015567
9240,0.0
9241,0.02149138746435708
9242,1.2416575857031409
9243,0.0
9244,0.023780665089818354
9245,1.8958128878755254
9246,0.0
9247,0.24960003659923313
9248,3.0663147021237087
9249,0.0
9250,-0.19147741397187534
9251,1.4042467783171673
9252,0.0
9253,-0.07538097057463078
9254,1.6048058661508406
9255,0.0
9256,-0.2655769688307408
9257,4.360512955769263
9258,0.0
9259,0.3800401071550604
9260,2.4765063095513393
9261,0.0
9262,2.3450201490251357
9263,3.3062621599219804
9264,0.0
9265,0.7928125380470649
9266,0.38743037706338335
9267,0.0
9268,0.550229460970289
9269,1.896486872797552
9270,0.0
9271,0.30302646062756333
9272,3.61394582781106
9273,0.0
9274,0.7560270845297808
9275,2.869583955962069
9276,0.0
9277,0.043334101411664716
9278,2.4210811482052255
9279,0.0
9280,0.45632962215954354
9281,2.206348714708968
9282,0.0
9283,0.5597329832511603
9284,1.2162505661549867
9285,0.0
9286,0.3685592223882951
9287,1.4964080989164086
9288,0.0
9289,1.3907655936101255
9290,2.7300607265737695
9291,0.0
9292,-0.15047743166005012
9293,1.5590859454765758
9294,0.0
9295,0.1801633954160765
9296,8.048854262814476
9297,0.0
9298,0.05456846423421313
9299,1.904235294606969
9300,0.0
9301,0.25790334048513375
9302,0.9043041840004584
9303,0.0
9304,1.3732670461140701
9305,7.450775995193304
9306,0.0
9307,0.31111036664518654
9308,2.008413367704919
9309,0.0
9310,0.5376336821049629
9311,4.00840342168129
9312,0.0
9313,0.014537188095164466
9314,1.7844754840047203
9315,0.0
9316,-0.2231295352811017
9317,5.3856602060937515
9318,0.0
9319,0.6029100474555317
9320,2.11004236111954
9321,0.0
9322,0.0861809684314282
9323,3.467252406458762
9324,0.0
9325,0.3869930042650541
9326,1.7482287427730019
9327,0.0
9328,1.0232261699310907
9329,4.983305593997406
9330,0.0
9331,0.4031139125027495
9332,3.3842215395714526
9333,0.0
9334,0.3618911827647221
9335,1.9103994643905617
9336,0.0
9337,0.8398130064413875
9338,1.8398129964413876
9339,0.0
9340,-0.0036942024843141796
9341,2.1684391763469657
9342,0.0
9343,0.3526883431859159
9344,1.054262465389549
9345,0.0
9346,-0.056200625301282114
9347,2.9866609687126906
9348,0.0
9349,0.4724009285901777
9350,2.942653102678924
9351,0.0
9352,0.8394246562804947
9353,2.5843645140157827
9354,0.0
9355,0.29569900511064173
9356,1.6517172954989399
9357,0.0
9358,0.39238714501814187
9359,1.779656111281089
9360,0.0
9361,2.225308735186134
9362,5.040988451651215
9363,0.0
9364,0.5815512842730998
9365,1.2913499872509213
9366,0.0
9367,1.9964404833417384
9368,-10.0
9369,0.0
9370,-0.09720763807939714
9371,2.5294658057468626
9372,0.0
9373,-0.0865296131841432
9374,2.9087176582574816
9375,0.0
9376,0.928356497909283
9377,3.373460595663868
9378,0.0
9379,0.031043955981390314
9380,2.532757523727985
9381,0.0
9382,0.31078640085775444
9383,1.737493901957195
9384,0.0
9385,0.5866508688982767
9386,5.45732233208442
9387,0.0
9388,0.39659363730810104
9389,1.7896429275690298
9390,0.0
9391,0.1501949193084432
9392,1.1770660569807998
9393,0.0
9394,0.7933051690867546
9395,3.6657290102936106
9396,0.0
9397,0.5723486537071779
9398,11.063564185158167
9399,0.0
9400,0.17199862411434597
9401,2.1241886875667606
9402,0.0
9403,-0.21032043912002918
9404,1.7070745379782184
9405,0.0
9406,-0.20313089774885207
9407,0.9385504808080851
9408,0.0
9409,-0.02726263315110511
9410,2.306891064758971
9411,0.0
9412,0.3046460582052396
9413,1.5751806047496357
9414,0.0
9415,0.0
9416,0.2793484944304728
9417,1.0165599916324282
9418,0.0
9419,0.5815512842730998
9420,1.9055330686957577
9421,0.0
9422,0.15577822105513428
9423,1.5720248084293365
9424,0.0
9425,0.01840498044503247
9426,1.6469849440018423
9427,0.0
9428,-0.06535719288826358
9429,1.2340641081918975
9430,0.0
9431,0.031043955981390314
9432,1.755374437574051
9433,0.0
9434,2.619057028362043
9435,4.7904403909274125
9436,0.0
9437,1.3415835708766877
9438,7.350562558620614
9439,0.0
9440,1.3860108009472514
9441,2.218880874556728
9442,0.0
9443,-0.0357964373027122
9444,1.8212171952646101
9445,0.0
9446,0.13526727081207446
9447,1.1352672608120746
9448,0.0
9449,0.5613124906115089
9450,1.9782537389355725
9451,0.0
9452,0.30121492178723674
9453,2.5825896722900774
9454,0.0
9455,0.05571567590115489
9456,1.1691252633786164
9457,0.0
9458,0.08559790217455043
9459,1.4227306900098051
9460,0.0
9461,0.7112256505312554
9462,1.4560750494623937
9463,0.0
9464,0.3870933139217686
9465,2.9554065262267533
9466,0.0
9467,1.0017267233493956
9468,1.7047105492603376
9469,0.0
9470,0.21448046814603583
9471,0.8229891919918275
9472,0.0
9473,0.7435784764389343
9474,1.4166080933849352
9475,0.0
9476,0.28835075905644014
9477,0.9698601065121104
9478,0.0
9479,-0.07998617295432076
9480,1.2358902184163474
9481,0.0
9482,0.49606054519532206
9483,2.382175851333299
9484,0.0
9485,0.8132338878664557
9486,4.091788831160002
9487,0.0
9488,1.0610666451408122
9489,4.8841799022346954
9490,0.0
9491,-10.0
9492,9.947901084015335
9493,0.0
9494,-0.1847777594935488
9495,1.2985493089714741
9496,0.0
9497,0.23520410681819326
9498,1.3157249683212957
9499,0.0
9500,0.20137487722357583
9501,1.8536982255508334
9502,0.0
9503,0.4884942710191337
9504,2.389699149331463
9505,0.0
9506,-0.10486774905802165
9507,1.5057614205773964
9508,0.0
9509,0.18523197045795803
9510,1.590115621489747
9511,0.0
9512,0.41858640339621156
9513,2.0756421058651897
9514,0.0
9515,0.6296649046046959
9516,1.8771852446421762
9517,0.0
9518,-10.0
9519,3.4992092979626044
9520,0.0
9521,0.2268929590191927
9522,3.2894170007505616
9523,0.0
9524,-0.18883412031906766
9525,5.1439932075511585
9526,0.0
9527,0.24282889639758742
9528,5.160205856707005
9529,0.0
9530,0.505893644775374
9531,1.7664269797919294
9532,0.0
9533,-10.0
9534,3.228219813815339
9535,0.0
9536,0.2694520818420275
9537,1.6936903052441232
9538,0.0
9539,0.30798150963622695
9540,2.4799517374232503
9541,0.0
9542,-10.0
9543,3.6605975392329606
9544,0.0
9545,0.5597880575016906
9546,1.394647402154091
9547,0.0
9548,0.6375199709890179
9549,4.600349836352923
9550,0.0
9551,1.450720171661084
9552,2.450720161661084
9553,0.0
9554,0.4828936288808706
9555,1.5780311507067175
9556,0.0
9557,3.8919517047798973
9558,6.730185477476159
9559,0.0
9560,0.15485639565174247
9561,1.5822262203823292
9562,0.0
9563,0.3982369101956057
9564,4.360178335823183
9565,0.0
9566,0.17797707565433163
9567,1.1933698204596221
9568,0.0
9569,0.08032760405530015
9570,2.160318947501209
9571,0.0
9572,-0.07177836436793861
9573,1.7382078984853633
9574,0.0
9575,0.24183499904327344
9576,0.8076918365663455
9577,0.0
9578,0.09516713185394765
9579,1.3679900263670954
9580,0.0
9581,0.23681152615812884
9582,1.2258843153465422
9583,0.0
9584,0.1983837207101916
9585,1.5089511267020137
9586,0.0
9587,0.24912310376805957
9588,1.4828378518381617
9589,0.0
9590,0.12188721932648139
9591,1.272090374583331
9592,0.0
9593,1.1671226631293923
9594,3.1055430418905616
9595,0.0
9596,1.417929365423181
9597,3.554335016690129
9598,0.0
9599,0.30686406308269276
9600,1.393480037672559
9601,0.0
9602,0.6257905482317899
9603,1.2449331189733703
9604,0.0
9605,0.7634979413650517
9606,2.3153500358638945
9607,0.0
9608,0.8547771008504988
9609,1.9858495301908152
9610,0.0
9611,0.12103294260441999
9612,1.7693322346301554
9613,0.0
9614,0.2408815324620618
9615,1.6628529499131897
9616,0.0
9617,0.05571567590115489
9618,2.395427796060533
9619,0.0
9620,-0.05425534110506214
9621,2.292732036648321
9622,0.0
9623,-0.0908079593945702
9624,2.6862693284586787
9625,0.0
9626,0.5539291526948568
9627,9.663044845195046
9628,0.0
9629,-10.0
9630,2.334569479398648
9631,0.0
9632,0.05669366085991856
9633,1.733615976464835
9634,0.0
9635,3.148574184918031
9636,6.012724036678273
9637,0.0
9638,0.5043571843993074
9639,2.547405602815323
9640,0.0
9641,0.6038937078685737
9642,1.8315673034648055
9643,0.0
9644,0.05453846845679611
9645,2.005047160043373
9646,0.0
9647,-0.09751834377766133
9648,2.6117636025263375
9649,0.0
9650,0.6026914998006626
9651,1.7600776810450078
9652,0.0
9653,0.18449128649472224
9654,2.444944455742661
9655,0.0
9656,0.3761731402944427
9657,1.850616275507534
9658,0.0
9659,0.054300638254584865
9660,1.0009938954867914
9661,0.0
9662,-0.20481052047141035
9663,0.9836005719347799
9664,0.0
9665,1.4734657174015866
9666,6.320544292916894
9667,0.0
9668,1.2550936526981151
9669,1.622450132939605
9670,0.0
9671,0.029723350911409985
9672,1.3439588706331698
9673,0.0
9674,0.2907513405207215
9675,2.5297801526635135
9676,0.0
9677,-0.015345249923035098
9678,1.8138768555472593
9679,0.0
9680,0.050220283142437316
9681,1.3067036219248767
9682,0.0
9683,0.45801314426670225
9684,1.2864076979572072
9685,0.0
9686,0.39640988101661334
9687,1.6375521500140366
9688,0.0
9689,-0.26120988333792794
9690,1.68055598792155
9691,0.0
9692,0.1421087949594938
9693,2.310236910710719
9694,0.0
9695,0.11302126387391043
9696,1.615537603968497
9697,0.0
9698,0.2251900856461978
9699,1.1245696050762788
9700,0.0
9701,0.5320779243487156
9702,6.026266317118646
9703,0.0
9704,0.6238402664330874
9705,1.8528990518232058
9706,0.0
9707,2.067024180463333
9708,2.8495421998685755
9709,0.0
9710,-0.09379706118255782
9711,1.0572762642442248
9712,0.0
9713,1.4117755370884373
9714,1.5395350315164578
9715,0.0
9716,-0.15083730995414357
9717,1.1643196854846725
9718,0.0
9719,0.12336136934464614
9720,2.6083110022496534
9721,0.0
9722,-0.0005806671220345283
9723,2.1169293926930948
9724,0.0
9725,0.2973252530180074
9726,1.5496795181415628
9727,0.0
9728,-0.07456885420342463
9729,1.331278448512162
9730,0.0
9731,-0.05939883669752932
9732,0.9406011533024708
9733,0.0
9734,0.14260173235975426
9735,1.6669433939093665
9736,0.0
9737,0.10505395185163813
9738,4.438391689603574
9739,0.0
9740,0.09004147871380275
9741,2.23144981091154
9742,0.0
9743,0.44013708151322894
9744,-10.0
9745,0.0
9746,0.32907809319376835
9747,1.849079375394219
9748,0.0
9749,0.2489757276592165
9750,2.5072507051263706
9751,0.0
9752,0.3777697109292334
9753,2.1468268087483904
9754,0.0
9755,-0.03919076839821667
9756,1.1497583068834283
9757,0.0
9758,-0.2526564683392455
9759,2.0303853142929684
9760,0.0
9761,1.707284264453652
9762,3.208755971739556
9763,0.0
9764,0.8148369063698758
9765,1.74348002945917
9766,0.0
9767,0.10794817030533299
9768,2.051898938068567
9769,0.0
9770,0.0
9771,0.0
9772,0.1856017713085304
9773,1.2817656578443992
9774,0.0
9775,0.919051622206012
9776,0.7324042615216373
9777,0.0
9778,0.7085644482184056
9779,2.8480111918549906
9780,0.0
9781,0.10269229284725145
9782,2.1849523939043065
9783,0.0
9784,0.12826122723214695
9785,3.69434884539732
9786,0.0
9787,-0.10552315799883982
9788,1.5672135654088066
9789,0.0
9790,0.2976176590580498
9791,1.8578638624912744
9792,0.0
9793,0.861865323871107
9794,2.0343694188575006
9795,0.0
9796,0.0
9797,0.5894119302175495
9798,1.486782643325024
9799,0.0
9800,0.36465420121023284
9801,1.3166014145738008
9802,0.0
9803,0.24681866783759399
9804,0.8265133197766423
9805,0.0
9806,0.37232823743715004
9807,2.089768878219042
9808,0.0
9809,0.009533809219206657
9810,1.338757390511514
9811,0.0
9812,-0.14760672224419014
9813,1.844902525266305
9814,0.0
9815,0.21878385452830995
9816,1.6048512187970478
9817,0.0
9818,-10.0
9819,-10.0
9820,0.0
9821,0.6257479003471936
9822,2.097829252419135
9823,0.0
9824,0.6433252901063878
9825,1.9162984467657482
9826,0.0
9827,1.6916385603230495
9828,4.2230934300659815
9829,0.0
9830,0.7928125380470649
9831,1.6924168591647057
9832,0.0
9833,0.8188195352111741
9834,1.4992037378595464
9835,0.0
9836,0.5093834082045355
9837,2.3516772891135784
9838,0.0
9839,0.41572869466217865
9840,4.917808742160688
9841,0.0
9842,0.19900061485081466
9843,1.0812557948314485
9844,0.0
9845,-0.13364060026662372
9846,1.4639168943353058
9847,0.0
9848,0.3581424416503992
9849,4.110349861450818
9850,0.0
9851,0.4386159197402669
9852,-10.0
9853,0.0
9854,0.3270612138083596
9855,2.0184178581052574
9856,0.0
9857,0.40667338736987013
9858,1.644355629670775
9859,0.0
9860,0.1229955818005356
9861,1.4499388221716254
9862,0.0
9863,0.05939297613900518
9864,1.1700883617782876
9865,0.0
9866,-0.007158154737118894
9867,1.605970133804638
9868,0.0
9869,0.1742755187547086
9870,1.6747738468702964
9871,0.0
9872,0.05668586259670827
9873,1.1817045087043936
9874,0.0
9875,0.22431009697203808
9876,4.386946020593076
9877,0.0
9878,0.7035599391834894
9879,1.616011040780109
9880,0.0
9881,1.314272990323969
9882,2.417790011196641
9883,0.0
9884,0.12627901018347487
9885,1.7779863147634098
9886,0.0
9887,0.02354294341195684
9888,4.089897601016634
9889,0.0
9890,0.20234098608750017
9891,1.3527726020386717
9892,0.0
9893,1.1604460780466144
9894,2.1604460680466144
9895,0.0
9896,0.18260846467280356
9897,3.0737603956864854
9898,0.0
9899,1.0503073622356576
9900,2.427818888146577
9901,0.0
9902,0.3494722734020953
9903,1.5858999304827506
9904,0.0
9905,0.09651770410613236
9906,2.324471486480805
9907,0.0
9908,0.6285154137402841
9909,2.282535278755512
9910,0.0
9911,0.5347261854900057
9912,1.2364823131111082
9913,0.0
9914,0.4963186445620992
9915,1.643555531142968
9916,0.0
9917,0.97191706005183
9918,1.8449927759478832
9919,0.0
9920,0.9549217830873636
9921,7.147307646346321
9922,0.0
9923,0.4063589470120704
9924,1.4919233941034318
9925,0.0
9926,0.637200054290003
9927,1.738301908217848
9928,0.0
9929,0.3398362666199707
9930,2.8501865322596975
9931,0.0
9932,-0.018238451297749925
9933,2.1256524490437183
9934,0.0
9935,0.44600007506795525
9936,1.9453175980900792
9937,0.0
9938,0.6285154137402841
9939,4.79929147187122
9940,0.0
9941,0.4502258325411127
9942,1.6626165924087426
9943,0.0
9944,0.5044051470682805
9945,-10.0
9946,0.0
9947,0.031043955981390314
9948,2.532757523727985
9949,0.0
9950,0.3270612138083596
9951,3.4102602707068823
9952,0.0
9953,0.39396355173367226
9954,5.293554248774516
9955,0.0
9956,0.0
9957,0.0
9958,0.3193083022182902
9959,1.8052423121259373
9960,0.0
9961,1.1671226631293923
9962,3.8178195424393957
9963,0.0
9964,3.6087174142937357
9965,-0.06114516467380415
9966,0.0
9967,-0.10311770855268698
9968,1.5410514442054546
9969,0.0
9970,0.3981880630318225
9971,2.4340147765753066
9972,0.0
9973,0.3969199385449186
9974,2.700020008742338
9975,0.0
9976,0.7103187004200034
9977,2.0162008743227755
9978,0.0
9979,0.8079069492735763
9980,6.072590919123951
9981,0.0
9982,0.2953678598172528
9983,1.4475211200318916
9984,0.0
9985,-0.10761061827380303
9986,0.841798265368518
9987,0.0
9988,0.5359825147770928
9989,2.260879540739769
9990,0.0
9991,0.7862776408618396
9992,9.85034192352001
9993,0.0
9994,-0.00925989227304691
9995,3.8783128381609484
9996,0.0
9997,0.472927005788392
9998,1.2442402797688783
9999,0.0
10000,0.170793619915398
10001,1.5653060887707786
10002,0.0
10003,1.073601793096027
10004,2.039949294730949
10005,0.0
10006,0.9271456083121558
10007,2.851782599665306
10008,0.0
10009,0.2533154368775036
10010,1.6108652362201872
10011,0.0
10012,0.5269329465157201
10013,2.5591470301360326
10014,0.0
10015,-10.0
10016,3.5225095743478416
10017,0.0
10018,0.4764564165679991
10019,2.34627705810915
10020,0.0
10021,0.28045549006856996
10022,3.0279838077643877
10023,0.0
10024,0.21310531935584576
10025,1.9617011360050374
10026,0.0
10027,-0.3059707002492713
10028,2.0380647721014737
10029,0.0
10030,0.47742078562740875
10031,2.662040803933807
10032,0.0
10033,-10.0
10034,3.556459219162994
10035,0.0
10036,0.30068810737184426
10037,2.606999002167801
10038,0.0
10039,0.020358701057243356
10040,2.0738052260639304
10041,0.0
10042,0.022264247167616324
10043,1.4253549850830574
10044,0.0
10045,-0.260866123879386
10046,1.8191745221169926
10047,0.0
10048,0.2606342546256296
10049,1.1758858137733077
10050,0.0
10051,-10.0
10052,3.4554333106337074
10053,0.0
10054,-0.029088009649204438
10055,3.1348288693437008
10056,0.0
10057,0.3908105729664483
10058,3.5329322045649545
10059,0.0
10060,0.1447457712968362
10061,1.7794110356407093
10062,0.0
10063,0.2967500489929201
10064,1.3928959617280097
10065,0.0
10066,1.3989978333550415
10067,4.658656503994791
10068,0.0
10069,0.33151994776262683
10070,4.149351783972328
10071,0.0
10072,1.4686627972474375
10073,2.7172435720806236
10074,0.0
10075,0.505762585748465
10076,1.7557916276039305
10077,0.0
10078,0.0
10079,-0.042654217207373835
10080,1.1579363476867677
10081,0.0
10082,0.12478737176736565
10083,1.16663301154308
10084,0.0
10085,0.13526727081207446
10086,1.1270834637870157
10087,0.0
10088,1.3942423688261836
10089,1.633303473598735
10090,0.0
10091,0.40648291977370865
10092,1.3747874938492817
10093,0.0
10094,0.47003620750131947
10095,1.7488503712672272
10096,0.0
10097,-0.22951542151205884
10098,1.2297351094715343
10099,0.0
10100,-10.0
10101,-10.0
10102,0.0
10103,1.7182897350518451
10104,4.241591074898228
10105,0.0
10106,-10.0
10107,-10.0
10108,0.0
10109,0.24707002040609038
10110,1.2470700104060906
10111,0.0
10112,-0.15173658289413305
10113,2.1055987288082454
10114,0.0
10115,1.212626774886452
10116,3.6100334228814734
10117,0.0
10118,-0.025404532454060047
10119,1.507402214555855
10120,0.0
10121,-0.12699582826742428
10122,2.738268694201115
10123,0.0
10124,0.27589830021134965
10125,2.3835634064433933
10126,0.0
10127,0.3512097951776688
10128,1.570827442410032
10129,0.0
10130,0.2350281297882567
10131,1.5169829030997373
10132,0.0
10133,0.34174205947930714
10134,2.346928532841642
10135,0.0
10136,0.04731089496322605
10137,2.350531531270093
10138,0.0
10139,0.19802405084215302
10140,1.9030371591319482
10141,0.0
10142,0.340304095331594
10143,1.1842748264936134
10144,0.0
10145,0.12571665506334917
10146,3.0511825990470127
10147,0.0
10148,0.24335557387311624
10149,1.5943783130741909
10150,0.0
10151,0.16070436138011546
10152,1.7337221422705364
10153,0.0
10154,0.3154672806007778
10155,1.7533746872600748
10156,0.0
10157,0.651221971388437
10158,3.0856376361507265
10159,0.0
10160,0.3954616927395499
10161,1.6084071092480747
10162,0.0
10163,0.15070737905144294
10164,1.3265143899316247
10165,0.0
10166,-0.15040738368473183
10167,2.518750788579127
10168,0.0
10169,0.2233667613982543
10170,1.3530220792922878
10171,0.0
10172,0.20955316651302114
10173,3.719476429715866
10174,0.0
10175,0.24014560930965334
10176,1.5026379472620035
10177,0.0
10178,0.5157466064325847
10179,3.330214765498728
10180,0.0
10181,0.9380396487133763
10182,2.35875407628811
10183,0.0
10184,0.2040019273341268
10185,2.771896056726344
10186,0.0
10187,0.11325446561185781
10188,2.2722087472343366
10189,0.0
10190,-0.16500807728005817
10191,1.4546389044155716
10192,0.0
10193,0.3047594086356279
10194,2.0187174734541915
10195,0.0
10196,-0.2868210616974318
10197,2.1256087522383345
10198,0.0
10199,0.4385594759993844
10200,1.5522158755294293
10201,0.0
10202,0.06842791528352643
10203,1.4151812679381273
10204,0.0
10205,0.522157824344989
10206,5.7463946123847105
10207,0.0
10208,0.9518076092069142
10209,2.6277321906193047
10210,0.0
10211,1.086951594665333
10212,-10.0
10213,0.0
10214,0.1768613087822467
10215,1.3342328899193465
10216,0.0
10217,0.4995588476193117
10218,2.3836664997983217
10219,0.0
10220,-0.1847777594935488
10221,1.2446463841683455
10222,0.0
10223,0.525527419213977
10224,2.3469933618001315
10225,0.0
10226,0.20520702976422955
10227,1.218443439988501
10228,0.0
10229,0.5236980310403866
10230,0.9785633337080537
10231,0.0
10232,0.16157364638298322
10233,1.4097002846015945
10234,0.0
10235,-0.0074755642682901025
10236,2.740388952959334
10237,0.0
10238,0.17153131431207502
10239,1.84383097402484
10240,0.0
10241,0.2648743859310704
10242,1.8160321646326483
10243,0.0
10244,0.749885810209011
10245,6.39070138137484
10246,0.0
10247,1.8072819087489265
10248,4.315766506113597
10249,0.0
10250,0.018067898168180663
10251,-10.0
10252,0.0
10253,-10.0
10254,-10.0
10255,0.0
10256,1.9910083770351497
10257,4.5380993264173135
10258,0.0
10259,0.8207124239953286
10260,1.4825403838089848
10261,0.0
10262,0.38731298018601346
10263,4.094155946454279
10264,0.0
10265,0.02258478631416938
10266,1.2279850914430532
10267,0.0
10268,0.02711855889063164
10269,1.070143591341536
10270,0.0
10271,0.6686034225293306
10272,8.393975120485418
10273,0.0
10274,0.5876547325311462
10275,1.321024329017393
10276,0.0
10277,0.18699039125793437
10278,1.8318376977765087
10279,0.0
10280,0.04733222578129703
10281,1.5056866525471366
10282,0.0
10283,-0.06879675866869805
10284,2.7459428898004585
10285,0.0
10286,-0.0649249859651122
10287,0.9917505400065577
10288,0.0
10289,-0.1626017680708518
10290,2.0958667909318223
10291,0.0
10292,0.7484294810515443
10293,1.9788343419565406
10294,0.0
10295,0.5159918948963783
10296,2.545370255885901
10297,0.0
10298,0.6196771001495344
10299,1.5014638074897304
10300,0.0
10301,0.7097373628110958
10302,3.43426428573627
10303,0.0
10304,1.2396878758103873
10305,2.8155592398627083
10306,0.0
10307,-0.21748826141391675
10308,0.9145848532316402
10309,0.0
10310,0.7885859018730846
10311,0.7236825769595447
10312,0.0
10313,1.4916935373223792
10314,2.9897655430855723
10315,0.0
10316,1.0410303332274493
10317,5.537168996208281
10318,0.0
10319,0.3342671969289096
10320,1.702403794582731
10321,0.0
10322,0.05116788419860263
10323,1.436920777514843
10324,0.0
10325,0.23966809264378963
10326,1.8687399061871095
10327,0.0
10328,0.3136807503365652
10329,2.8170424232550095
10330,0.0
10331,1.092840239149072
10332,2.509863868181868
10333,0.0
10334,1.5740559434512296
10335,1.2305333919638917
10336,0.0
10337,0.11248078479458046
10338,1.1570721522418805
10339,0.0
10340,0.746014007916009
10341,1.9280142484826066
10342,0.0
10343,0.01340347755323068
10344,1.4664195530569897
10345,0.0
10346,1.4017579412799304
10347,2.9423140544064825
10348,0.0
10349,0.5815512842730998
10350,-10.0
10351,0.0
10352,-10.0
10353,4.477922042792557
10354,0.0
10355,0.01308706100440149
10356,3.1209167466450163
10357,0.0
10358,0.6197973040816717
10359,2.7119767094701577
10360,0.0
10361,0.07931676589278569
10362,-10.0
10363,0.0
10364,0.20701833632734845
10365,1.4881681847881454
10366,0.0
10367,-0.11954629825836083
10368,2.310851606499598
10369,0.0
10370,-0.08554478865235982
10371,1.0623027740455373
10372,0.0
10373,0.36615615452368366
10374,2.178299396315149
10375,0.0
10376,0.1488466667757532
10377,4.619894636113741
10378,0.0
10379,1.5623205428376696
10380,1.974976470233834
10381,0.0
10382,-10.0
10383,-10.0
10384,0.0
10385,-0.2130103216599708
10386,2.637056556250547
10387,0.0
10388,0.8524269578837546
10389,9.154261425866167
10390,0.0
10391,0.5154458110389665
10392,2.023156942890692
10393,0.0
10394,0.4958091355739037
10395,2.536052236958924
10396,0.0
10397,0.7596404872802055
10398,1.656695879490931
10399,0.0
10400,0.1268610399708322
10401,1.3865263258918865
10402,0.0
10403,0.67163480479429
10404,-10.0
10405,0.0
10406,0.12336136934464614
10407,2.420552889124145
10408,0.0
10409,-0.16611211687806393
10410,1.869568545322914
10411,0.0
10412,1.7057367038459308
10413,2.6244643429903207
10414,0.0
10415,0.31704350585000574
10416,2.3937179670028232
10417,0.0
10418,-0.061754979157082834
10419,1.0819675488270353
10420,0.0
10421,0.333019348284728
10422,6.700915260859547
10423,0.0
10424,0.3229433331654926
10425,1.399779350340589
10426,0.0
10427,0.21299564040334074
10428,1.1087463963987783
10429,0.0
10430,0.24449325247569076
10431,1.7801456427707125
10432,0.0
10433,-0.029233053925341812
10434,0.9707669360746584
10435,0.0
10436,0.29544767490348944
10437,4.331920434471931
10438,0.0
10439,0.7067653833129491
10440,3.277296928759235
10441,0.0
10442,0.7869862197488001
10443,1.755239061838591
10444,0.0
10445,0.23315711696185148
10446,5.0747955515322545
10447,0.0
10448,0.16770735910383106
10449,1.3706206481355117
10450,0.0
10451,-0.32863190267075615
10452,1.3849719059368877
10453,0.0
10454,-10.0
10455,3.5420038656953268
10456,0.0
10457,0.4918082256312707
10458,1.860271652349943
10459,0.0
10460,0.7858456970526698
10461,1.0156517647383743
10462,0.0
10463,0.5338675814165535
10464,3.4571557377492166
10465,0.0
10466,0.2529543678766578
10467,2.0615501442995146
10468,0.0
10469,0.655940280315067
10470,1.3269420871078534
10471,0.0
10472,0.9271456083121558
10473,2.851782599665306
10474,0.0
10475,0.051441641962804874
10476,1.0050209344557335
10477,0.0
10478,1.6100126907673151
10479,2.680723212349643
10480,0.0
10481,0.36962274011776197
10482,3.7549098835348156
10483,0.0
10484,-10.0
10485,2.6290604423844153
10486,0.0
10487,0.1373042531970704
10488,1.4274170834583622
10489,0.0
10490,0.061285495450594696
10491,1.4748436984774067
10492,0.0
10493,0.11224790704751342
10494,1.4810703873486293
10495,0.0
10496,1.0035275312438765
10497,4.126489742409725
10498,0.0
10499,0.695189567894284
10500,2.4057808886069605
10501,0.0
10502,-0.13285919594401785
10503,1.4987194284044296
10504,0.0
10505,0.6164675848516458
10506,0.6670076791721757
10507,0.0
10508,-0.2631302325481266
10509,1.6355001909745273
10510,0.0
10511,0.3859811057420378
10512,0.8767399957190392
10513,0.0
10514,1.063547281357323
10515,2.6085573675374962
10516,0.0
10517,0.40829259633565396
10518,2.228900134924084
10519,0.0
10520,0.13347027307253623
10521,1.498861661968274
10522,0.0
10523,0.36135639025443356
10524,2.9233937990307926
10525,0.0
10526,0.7565818120589048
10527,2.3201435263449666
10528,0.0
10529,0.0
10530,0.0
10531,0.24894295083069162
10532,1.6266097642570665
10533,0.0
10534,0.505893644775374
10535,1.7799464298219336
10536,0.0
10537,0.3919132849879806
10538,3.564903588012357
10539,0.0
10540,0.31047831116385727
10541,5.1846747549988335
10542,0.0
10543,0.09706031539349802
10544,1.6328492213646582
10545,0.0
10546,0.12180735497007922
10547,1.559961899577963
10548,0.0
10549,0.023197472307429412
10550,1.6677489693544567
10551,0.0
10552,-0.10257321705070133
10553,1.2372905129847795
10554,0.0
10555,0.8792390210861855
10556,4.131160611713586
10557,0.0
10558,0.5815512842730998
10559,8.402276727622407
10560,0.0
10561,0.07771974463643982
10562,1.5409725277489998
10563,0.0
10564,2.246561939182565
10565,5.603867426407918
10566,0.0
10567,0.3357186539921645
10568,2.125867638865509
10569,0.0
10570,0.4465774983146037
10571,1.3027519850092644
10572,0.0
10573,-0.073734854895244
10574,1.2970476027785138
10575,0.0
10576,0.5956117263805328
10577,2.3934771030277995
10578,0.0
10579,0.8445442052533584
10580,-10.0
10581,0.0
10582,0.5429705387524212
10583,2.2046829788041737
10584,0.0
10585,0.0
10586,0.0
10587,0.12103294260441999
10588,3.1684723506189045
10589,0.0
10590,4.334625005563197
10591,3.987422031379338
10592,0.0
10593,0.08237091166394805
10594,1.4577877100454515
10595,0.0
10596,0.9355898492301745
10597,5.90307345141273
10598,0.0
10599,0.41701453102617203
10600,1.9862790355936069
10601,0.0
10602,0.0
10603,0.005705638232888277
10604,0.8203242590919545
10605,0.0
10606,0.3823219098819922
10607,0.9979346628442904
10608,0.0
10609,0.10226507500864834
10610,1.348515026537613
10611,0.0
10612,2.1927618866348206
10613,7.941357634052352
10614,0.0
10615,0.03434436108665284
10616,1.034344351086653
10617,0.0
10618,0.49244387476383433
10619,2.0994513627132543
10620,0.0
10621,0.1545651505642286
10622,1.2381547626347067
10623,0.0
10624,2.6156091753216932
10625,4.211769350180026
10626,0.0
10627,0.4226305635367852
10628,2.0193513855175995
10629,0.0
10630,0.1285059967629566
10631,1.2702250359714344
10632,0.0
10633,-0.20313089774885207
10634,0.8993534663911337
10635,0.0
10636,0.3112908884547291
10637,1.3713269906421015
10638,0.0
10639,2.9731064102164253
10640,8.463689848692049
10641,0.0
10642,-0.06457889036849396
10643,2.7304284524041167
10644,0.0
10645,-0.15889685014005284
10646,2.9889543097934435
10647,0.0
10648,0.028485470620181252
10649,1.7707993266223248
10650,0.0
10651,-0.0697943161524921
10652,1.9048746051000816
10653,0.0
10654,0.17032652820086314
10655,-10.0
10656,0.0
10657,1.053114348943275
10658,2.119616828007353
10659,0.0
10660,0.2702791646771944
10661,0.9759578729527247
10662,0.0
10663,0.13702778618726608
10664,2.408841373354406
10665,0.0
10666,-10.0
10667,4.971482072197746
10668,0.0
10669,0.2996189782150841
10670,0.7470286497462937
10671,0.0
10672,0.3054899970810422
10673,4.788312865911629
10674,0.0
10675,0.03900956774951114
10676,2.221217310720175
10677,0.0
10678,1.1399687675960735
10679,2.948575152313152
10680,0.0
10681,0.8654362853628624
10682,2.2294558502150643
10683,0.0
10684,1.0681101637809949
10685,2.4660704943167473
10686,0.0
10687,0.33639626466546735
10688,1.5652537995218379
10689,0.0
10690,0.785494572599238
10691,2.192158715999826
10692,0.0
10693,0.37347519140395347
10694,4.572756021760648
10695,0.0
10696,0.6918803985190275
10697,1.7848124434884065
10698,0.0
10699,0.6914861781713056
10700,1.6935674125789435
10701,0.0
10702,0.7288733546933294
10703,6.976728130251725
10704,0.0
10705,-0.2935506390756959
10706,1.388011149546803
10707,0.0
10708,0.7657007401448562
10709,2.537670695305838
10710,0.0
10711,0.4461599694760926
10712,-10.0
10713,0.0
10714,-0.14760672224419014
10715,2.0267145878934985
10716,0.0
10717,0.08137131407825382
10718,1.081371304078254
10719,0.0
10720,0.04043863913098733
10721,3.553768516533772
10722,0.0
10723,0.0
10724,0.10319149876959799
10725,1.9615244488949384
10726,0.0
10727,0.5252636281037341
10728,1.8249627411299993
10729,0.0
10730,-0.08563912836710152
10731,1.940264643736169
10732,0.0
10733,-0.06096991999175394
10734,3.178571870627963
10735,0.0
10736,-0.1392131300595364
10737,1.7604206021922097
10738,0.0
10739,-0.08904832310731525
10740,1.3709445159276628
10741,0.0
10742,-10.0
10743,2.9317967519858454
10744,0.0
10745,0.6198529103588156
10746,1.0826723482305518
10747,0.0
10748,0.6269498995422799
10749,1.772510792714547
10750,0.0
10751,0.25790334048513375
10752,1.4481360539640677
10753,0.0
10754,0.7084575958745608
10755,2.510031645589036
10756,0.0
10757,-0.0074755642682901025
10758,-10.0
10759,0.0
10760,-0.3992433752090807
10761,0.9769066358860075
10762,0.0
10763,0.5825345296065315
10764,3.164988054029993
10765,0.0
10766,0.19505426515825397
10767,8.341527009124555
10768,0.0
10769,-0.2693200514032672
10770,1.7421899561583878
10771,0.0
10772,0.7499455445612498
10773,1.3768314305706684
10774,0.0
10775,-0.025217038975618555
10776,1.5318817392671353
10777,0.0
10778,1.206544176345171
10779,-10.0
10780,0.0
10781,0.3236308244827112
10782,1.6374445704405545
10783,0.0
10784,0.2233667613982543
10785,3.6101063635610577
10786,0.0
10787,1.3964762261154369
10788,5.170817979387506
10789,0.0
10790,0.08046597891301521
10791,4.852188750688852
10792,0.0
10793,0.6906328934489808
10794,1.765566596916097
10795,0.0
10796,0.1812931647786894
10797,1.6529834871530429
10798,0.0
10799,0.14475878952505494
10800,2.3056460736865025
10801,0.0
10802,0.23997840423661299
10803,0.8163197074430721
10804,0.0
10805,1.6896642746856325
10806,2.0678867393742757
10807,0.0
10808,0.2791151888541762
10809,2.352931950780752
10810,0.0
10811,0.11393792268890379
10812,2.931175022462731
10813,0.0
10814,0.7750844220127385
10815,3.0479539400269355
10816,0.0
10817,0.04357232007196721
10818,1.9028850110204396
10819,0.0
10820,-0.022971822406123166
10821,1.4344430900771412
10822,0.0
10823,0.12211156714582805
10824,3.5332099411586904
10825,0.0
10826,1.1688329893960758
10827,2.168832979396076
10828,0.0
10829,0.09846488901060046
10830,1.4281943471076972
10831,0.0
10832,2.385980535357631
10833,3.35659246303003
10834,0.0
10835,0.08072722379739006
10836,1.1230043034124626
10837,0.0
10838,-0.27066030569666644
10839,8.019172619215018
10840,0.0
10841,0.9816483895555957
10842,2.1621652419044675
10843,0.0
10844,0.8062898215593647
10845,3.043331322510981
10846,0.0
10847,-0.2866690800262808
10848,0.7374968039591624
10849,0.0
10850,0.22986828630018807
10851,4.210287319732678
10852,0.0
10853,0.4389167785325495
10854,2.773516576788941
10855,0.0
10856,0.08730178893904006
10857,2.6884715631213925
10858,0.0
10859,1.3623537588919867
10860,3.722832612694963
10861,0.0
10862,-0.335403030198814
10863,1.6670792317457757
10864,0.0
10865,-0.13349126720339233
10866,1.4360233234086668
10867,0.0
10868,0.24021931977323507
10869,1.1908018523272497
10870,0.0
10871,0.28843650810903176
10872,-10.0
10873,0.0
10874,1.0138867764383397
10875,4.427089194659597
10876,0.0
10877,1.3964762261154369
10878,2.2265565294131515
10879,0.0
10880,0.9760860113431863
10881,1.9760860013431865
10882,0.0
10883,0.8241992501972256
10884,1.6891426799882001
10885,0.0
10886,0.4114247931722458
10887,2.2282347236866786
10888,0.0
10889,0.570758484456867
10890,1.9382940327618101
10891,0.0
10892,0.1793079398259848
10893,1.7754370759554574
10894,0.0
10895,0.06103776664110827
10896,1.6231191370567546
10897,0.0
10898,0.4846783130472333
10899,2.532701097082205
10900,0.0
10901,-0.058099039676009157
10902,1.0686999424489367
10903,0.0
10904,0.0
10905,0.0
10906,-0.23267085828793066
10907,1.5362045685394476
10908,0.0
10909,0.0
10910,0.0
10911,-0.028980049511316608
10912,1.5802027026851393
10913,0.0
10914,0.16969495543572355
10915,2.1521830122404206
10916,0.0
10917,0.31859577190049404
10918,1.4116909093109542
10919,0.0
10920,0.8167366124533407
10921,1.687076127142682
10922,0.0
10923,1.1335393160371812
10924,-10.0
10925,0.0
10926,0.0
10927,-0.15272040470189652
10928,1.0433698013746024
10929,0.0
10930,0.32925561848917095
10931,1.5445951822373667
10932,0.0
10933,0.2097972953038426
10934,1.803486431815904
10935,0.0
10936,0.07931676589278569
10937,1.7293004458741563
10938,0.0
10939,0.17092105827183557
10940,1.1936141105121878
10941,0.0
10942,-10.0
10943,4.370818249789096
10944,0.0
10945,0.5389335611270395
10946,8.722331692758015
10947,0.0
10948,0.04901315392473771
10949,0.8782299638987562
10950,0.0
10951,0.08730178893904006
10952,1.9596273736908634
10953,0.0
10954,-0.10472068531427914
10955,2.394870859196946
10956,0.0
10957,-0.10761061827380303
10958,1.072236408629041
10959,0.0
10960,0.2477781903282087
10961,2.8804947187137104
10962,0.0
10963,0.7878976088022035
10964,3.6749096155001166
10965,0.0
10966,0.1254165094421812
10967,2.150550833399862
10968,0.0
10969,0.5087015936249139
10970,4.987839164275664
10971,0.0
10972,-10.0
10973,3.5244938032996385
10974,0.0
10975,0.24951947282896747
10976,-10.0
10977,0.0
10978,1.33690087564369
10979,8.08304145414913
10980,0.0
10981,0.34114012346328704
10982,3.5663654836129415
10983,0.0
10984,-0.08377420287540494
10985,2.9918071081044086
10986,0.0
10987,-0.10433281911144243
10988,0.8844608349567912
10989,0.0
10990,0.23807613122023163
10991,2.940081463830982
10992,0.0
10993,0.45015910474070286
10994,2.2259609904532094
10995,0.0
10996,0.3457859355419671
10997,2.0235134735447815
10998,0.0
10999,0.0
11000,0.0
11001,0.6389391501380995
11002,2.4419535823975664
11003,0.0
11004,1.8275551373608527
11005,0.7512434637573229
11006,0.0
11007,0.0
11008,0.0
11009,-0.01357090127455196
11010,2.065919145865959
11011,0.0
11012,0.034584291667097866
11013,1.034584281667098
11014,0.0
11015,-0.08697862212062712
11016,1.774242357991267
11017,0.0
11018,0.5613124906115089
11019,2.3628187510646996
11020,0.0
11021,0.13522280986084445
11022,2.567323704201742
11023,0.0
11024,0.5939546001171881
11025,1.7664215851479932
11026,0.0
11027,2.188435125055659
11028,3.927808052705508
11029,0.0
11030,0.03733952947920349
11031,1.6477449495864365
11032,0.0
11033,0.47718006793214973
11034,0.8537107953397778
11035,0.0
11036,0.9355898492301745
11037,1.9237291264403824
11038,0.0
11039,0.2756495955214614
11040,2.1965749599278164
11041,0.0
11042,0.7286980933261001
11043,1.8236614432548879
11044,0.0
11045,-10.0
11046,-10.0
11047,0.0
11048,0.22765896438188793
11049,2.0751032006638424
11050,0.0
11051,0.27224551017526466
11052,1.6476910362248989
11053,0.0
11054,0.35783466877421455
11055,1.913837943772571
11056,0.0
11057,0.4113954087314641
11058,1.3960125681298576
11059,0.0
11060,-10.0
11061,-10.0
11062,0.0
11063,0.117308003509765
11064,2.0792475600895797
11065,0.0
11066,0.45308073586250186
11067,2.00521405681279
11068,0.0
11069,0.23807613122023163
11070,-10.0
11071,0.0
11072,1.332923972193329
11073,3.162788673833507
11074,0.0
11075,-0.2523724830764982
11076,0.499352331923833
11077,0.0
11078,0.03479796478134778
11079,1.5211775501454512
11080,0.0
11081,-10.0
11082,6.708313417594171
11083,0.0
11084,0.5857559099737645
11085,0.4477995350147288
11086,0.0
11087,0.14484037716402753
11088,2.7688854833347474
11089,0.0
11090,1.5676847170026695
11091,1.923962323572166
11092,0.0
11093,0.5000431422757708
11094,1.747116763619211
11095,0.0
11096,0.40672473549237875
11097,1.9020771562265701
11098,0.0
11099,0.08055349172129589
11100,1.3189810376874724
11101,0.0
11102,0.1116101159587154
11103,1.449180184864736
11104,0.0
11105,0.9122693290774243
11106,4.921460016475077
11107,0.0
11108,0.7045111590186192
11109,3.820093463190757
11110,0.0
11111,0.4297472375556569
11112,2.392968024856557
11113,0.0
11114,0.3448145209437693
11115,5.372239902368765
11116,0.0
11117,0.458055765372258
11118,1.9585947464532683
11119,0.0
11120,0.4761939711721984
11121,6.718756627417289
11122,0.0
11123,-0.23158151521876746
11124,4.055256964080598
11125,0.0
11126,0.886935020852209
11127,3.1944586624056672
11128,0.0
11129,1.362294456995897
11130,1.678437090660457
11131,0.0
11132,1.2672043073255153
11133,5.706478814727047
11134,0.0
11135,0.03913886009594225
11136,1.21170023825554
11137,0.0
11138,0.10973085509790248
11139,1.2160119406228562
11140,0.0
11141,0.9100946197232359
11142,2.239714343068755
11143,0.0
11144,0.3236651070436688
11145,1.6409653954919696
11146,0.0
11147,1.073601793096027
11148,1.6969789317070418
11149,0.0
11150,0.2874027839234655
11151,2.1740806202083327
11152,0.0
11153,2.13878246238962
11154,3.526905788962195
11155,0.0
11156,0.2966267488895139
11157,1.737546139677418
11158,0.0
11159,0.8850335704805469
11160,13.471011745829543
11161,0.0
11162,0.07288406998093822
11163,2.0930606180159668
11164,0.0
11165,0.08430048175404281
11166,1.3943489003815026
11167,0.0
11168,0.09422147443095208
11169,2.7596569750518025
11170,0.0
11171,0.34352090124401047
11172,1.6817122338298993
11173,0.0
11174,0.6630184827383788
11175,1.7063555913675417
11176,0.0
11177,-10.0
11178,2.201413520805017
11179,0.0
11180,0.33639626466546735
11181,1.8326327212008913
11182,0.0
11183,-10.0
11184,2.737829309863368
11185,0.0
11186,0.21928103700218637
11187,1.4714409246806868
11188,0.0
11189,0.0
11190,0.0
11191,0.6266304352264748
11192,1.8554321515810068
11193,0.0
11194,0.2932068978020098
11195,4.076922395755776
11196,0.0
11197,0.06809537403454746
11198,2.542427249006562
11199,0.0
11200,0.3398885797468033
11201,1.0900149552753156
11202,0.0
11203,0.13192767856416043
11204,2.4252266200899233
11205,0.0
11206,-0.03360739327684825
11207,1.5303318778089998
11208,0.0
11209,0.6139547210908084
11210,1.5553923383181094
11211,0.0
11212,0.105226826946197
11213,1.0325121527060803
11214,0.0
11215,0.340304095331594
11216,3.1037678474405106
11217,0.0
11218,0.15153332670832131
11219,1.6974143507674069
11220,0.0
11221,0.1801633954160765
11222,2.2189223260720485
11223,0.0
11224,0.31226194181847833
11225,2.1261323552869724
11226,0.0
11227,0.3374380399445681
11228,1.1222396874192233
11229,0.0
11230,0.08008713119708133
11231,1.5747500347317644
11232,0.0
11233,0.1218738825519935
11234,0.9651648672958628
11235,0.0
11236,0.1091970475839138
11237,1.5457322368570205
11238,0.0
11239,0.040122573575089526
11240,1.3146051646601518
11241,0.0
11242,0.14106249832099416
11243,1.3808919275866534
11244,0.0
11245,0.13759223008411958
11246,0.885669384645642
11247,0.0
11248,0.3235165972583841
11249,1.5586297166547234
11250,0.0
11251,-0.08945942067453305
11252,1.017088590874164
11253,0.0
11254,0.6753013634317465
11255,0.49037378451171265
11256,0.0
11257,0.13078745795363467
11258,1.2763508811969178
11259,0.0
11260,0.0
11261,0.7490365120204486
11262,1.6686179060386197
11263,0.0
11264,0.3377011885993969
11265,3.770005046782068
11266,0.0
11267,0.25425581604121417
11268,6.518257606012829
11269,0.0
11270,0.354201928090511
11271,2.409658150906715
11272,0.0
11273,-0.29025675981726984
11274,0.8238733373820892
11275,0.0
11276,0.6559609174626678
11277,7.828792646239732
11278,0.0
11279,-0.07478711791521253
11280,1.3544286078018009
11281,0.0
11282,0.4241282253661748
11283,1.7888033766063571
11284,0.0
11285,0.8654362853628624
11286,2.805924606414862
11287,0.0
11288,0.6052731727298805
11289,3.7886687127087133
11290,0.0
11291,0.4062569032237856
11292,2.048515858481286
11293,0.0
11294,0.14769163168449018
11295,1.8277431946370726
11296,0.0
11297,0.5697963413955679
11298,1.1074206176246235
11299,0.0
11300,0.5505410399748366
11301,1.5505410299748368
11302,0.0
11303,0.0037168278660238974
11304,1.1409961387739944
11305,0.0
11306,0.10949416150464841
11307,1.2235156564668963
11308,0.0
11309,-0.14089059632161416
11310,1.9893550470737449
11311,0.0
11312,-10.0
11313,3.0471413492798263
11314,0.0
11315,-0.06096991999175394
11316,2.555516102905574
11317,0.0
11318,0.24742667490598091
11319,2.0316905448088756
11320,0.0
11321,-0.348251663426551
11322,1.4771600564150746
11323,0.0
11324,0.596266061222635
11325,1.1961616000798814
11326,0.0
11327,0.3685538097174942
11328,1.769441879535325
11329,0.0
11330,0.37491092829479367
11331,2.26065685806127
11332,0.0
11333,0.38656389837370886
11334,3.0679773556544427
11335,0.0
11336,0.28680812886983464
11337,2.5182193331750025
11338,0.0
11339,0.5093834082045355
11340,2.6446655167375788
11341,0.0
11342,0.8792390210861855
11343,3.1362510206937033
11344,0.0
11345,0.023780665089818354
11346,1.0821909770919722
11347,0.0
11348,0.33569974878650266
11349,1.957057492173814
11350,0.0
11351,0.6398805923709882
11352,1.7534850223125635
11353,0.0
11354,0.2861973894621458
11355,1.8057051242539983
11356,0.0
11357,0.47692012312590426
11358,-10.0
11359,0.0
11360,0.29806021811404937
11361,3.8324552375701835
11362,0.0
11363,0.2548074872620464
11364,1.4766074436224288
11365,0.0
11366,0.31298933385479877
11367,1.6240986911683633
11368,0.0
11369,-0.15438168189153745
11370,1.8789430646082779
11371,0.0
11372,-0.13410038898788268
11373,1.4555190594816891
11374,0.0
11375,0.11327573166768012
11376,2.2147390513499148
11377,0.0
11378,0.12669822194747138
11379,1.0630854620207932
11380,0.0
11381,0.0
11382,0.0
11383,0.20736622555774809
11384,2.631496216536969
11385,0.0
11386,0.2139484181930632
11387,1.7620675640286934
11388,0.0
11389,1.2224002086636943
11390,2.469533277370877
11391,0.0
11392,0.570780321161746
11393,3.6728540300756007
11394,0.0
11395,0.24376449611680517
11396,2.9727520939218146
11397,0.0
11398,0.41410029688665706
11399,1.4190020536665768
11400,0.0
11401,0.6415674683375968
11402,3.422995644317727
11403,0.0
11404,0.7225555249709336
11405,2.5338901507737335
11406,0.0
11407,0.24295185021160093
11408,2.3548612406534906
11409,0.0
11410,0.4044341629896083
11411,-10.0
11412,0.0
11413,0.3075912463278011
11414,2.936785712194514
11415,0.0
11416,0.3142943712745102
11417,2.466706088294247
11418,0.0
11419,0.6885302214415262
11420,1.0878137972597552
11421,0.0
11422,0.2836388798128747
11423,2.0265051984736404
11424,0.0
11425,0.32526189703650543
11426,1.9113124773506946
11427,0.0
11428,0.4379500910076969
11429,1.437950081007697
11430,0.0
11431,1.4134208573650762
11432,3.1972781247163065
11433,0.0
11434,0.059850492834319424
11435,0.8695341776015717
11436,0.0
11437,0.1768613087822467
11438,2.352381623239348
11439,0.0
11440,-0.07460958670652207
11441,1.3714222614929432
11442,0.0
11443,0.745321403910553
11444,2.3628448455089144
11445,0.0
11446,0.5797917306396124
11447,2.4520171684478287
11448,0.0
11449,0.05483227290809334
11450,1.7768409545778885
11451,0.0
11452,1.0408157883331857
11453,2.6762231253131605
11454,0.0
11455,0.598761806126331
11456,1.2503428980601095
11457,0.0
11458,0.3509276805161622
11459,1.8109654145762786
11460,0.0
11461,0.9027925255501376
11462,1.7489285196895943
11463,0.0
11464,1.2993815517472234
11465,3.575085144864646
11466,0.0
11467,-0.2720921322025782
11468,1.408299727751545
11469,0.0
11470,1.394918667012556
11471,2.842029183637678
11472,0.0
11473,0.0
11474,0.0
11475,0.20004076208058474
11476,1.760145508200172
11477,0.0
11478,0.23075127013693575
11479,2.8676636613221023
11480,0.0
11481,1.456040757087973
11482,2.262327505888888
11483,0.0
11484,0.35487101703980295
11485,1.303253814848214
11486,0.0
11487,0.39316707304047627
11488,1.110169797261132
11489,0.0
11490,0.5612850459079232
11491,-10.0
11492,0.0
11493,0.6929438827975726
11494,1.1787894670116812
11495,0.0
11496,0.0043490700252711845
11497,2.288305507589696
11498,0.0
11499,0.49303215149337964
11500,3.835186725915186
11501,0.0
11502,0.2141630816048502
11503,1.4838352183410406
11504,0.0
11505,0.41285110828081606
11506,2.388298779023211
11507,0.0
11508,0.05485772982448511
11509,2.3360600673390253
11510,0.0
11511,0.20894358335606722
11512,3.2966072269323488
11513,0.0
11514,0.23939872046455413
11515,2.571931851462729
11516,0.0
11517,0.1186964413408137
11518,4.990225071693107
11519,0.0
11520,0.12270310805742024
11521,1.2247737298663746
11522,0.0
11523,1.9022926277033725
11524,3.682342211090338
11525,0.0
11526,0.31110674429652685
11527,1.8769958730583285
11528,0.0
11529,-0.13014694855135167
11530,3.1433747318238523
11531,0.0
11532,-0.04197745170604972
11533,2.10447492634123
11534,0.0
11535,0.3538277387279637
11536,6.486646808668813
11537,0.0
11538,0.31839157071044066
11539,2.611987266668784
11540,0.0
11541,0.4764564165679991
11542,2.51957274891023
11543,0.0
11544,0.3919835093277374
11545,-10.0
11546,0.0
11547,0.4377654968616186
11548,4.919165797660964
11549,0.0
11550,0.3819190288422739
11551,3.463023366730079
11552,0.0
11553,0.6537876004563482
11554,1.6846859227815296
11555,0.0
11556,0.0006305109936187714
11557,1.504548547106579
11558,0.0
11559,-0.06489561043942504
11560,2.582990804501185
11561,0.0
11562,0.03575273943265256
11563,1.7492525927349145
11564,0.0
11565,0.12821815633027123
11566,2.281764145306729
11567,0.0
11568,0.1495252904815666
11569,2.288930926079271
11570,0.0
11571,-0.1802019848036236
11572,1.8993548175602974
11573,0.0
11574,0.17495626549165755
11575,1.193737406873495
11576,0.0
11577,-0.1450369617461028
11578,2.016753318388148
11579,0.0
11580,0.34866689328324096
11581,2.1356550626813595
11582,0.0
11583,0.8185867351741757
11584,1.684627012335101
11585,0.0
11586,0.4117541025153163
11587,1.6527342096750546
11588,0.0
11589,0.7006175621573857
11590,2.0767725919523534
11591,0.0
11592,0.0649175755884871
11593,2.2352914183108616
11594,0.0
11595,0.05987497516254148
11596,2.7471797303722116
11597,0.0
11598,0.9992262323235107
11599,4.8136884279295185
11600,0.0
11601,-0.11380766545506538
11602,1.2052540691812972
11603,0.0
11604,0.10288259110040843
11605,4.827957943039302
11606,0.0
11607,1.0562240217597245
11608,5.121968085272697
11609,0.0
11610,0.27303564687331805
11611,0.9719792950339976
11612,0.0
11613,0.6606074288943368
11614,7.181519974323898
11615,0.0
11616,0.10505395185163813
11617,1.4624931365469986
11618,0.0
11619,0.26529334641292646
11620,1.915496752926153
11621,0.0
11622,0.32114286296627237
11623,1.9895593712151645
11624,0.0
11625,0.5306767376809126
11626,3.190523010477836
11627,0.0
11628,0.0
11629,0.19267217917230595
11630,2.1598934493745032
11631,0.0
11632,-0.05033486076330662
11633,2.46020079211081
11634,0.0
11635,0.2709613302193742
11636,3.707629117713943
11637,0.0
11638,-0.2246811202201655
11639,2.9701936251815413
11640,0.0
11641,-0.08154394111965568
11642,2.1355256515372996
11643,0.0
11644,-0.030982196380645144
11645,1.485179165760297
11646,0.0
11647,0.20441611133709936
11648,1.9877503884729963
11649,0.0
11650,0.5597880575016906
11651,-10.0
11652,0.0
11653,0.051699426616794164
11654,1.3699334088739668
11655,0.0
11656,0.6569618583981679
11657,4.076506117719338
11658,0.0
11659,0.34119448785533
11660,1.5948655112694325
11661,0.0
11662,0.010384302279696223
11663,1.7434186750260805
11664,0.0
11665,0.24735219893828353
11666,1.8648932707144894
11667,0.0
11668,0.06250786468069613
11669,1.7342777963708234
11670,0.0
11671,0.3057406201395746
11672,2.729723201163784
11673,0.0
11674,0.6995358968221789
11675,2.4445916318651353
11676,0.0
11677,0.7647777073840815
11678,2.769689414322916
11679,0.0
11680,0.11255247057119766
11681,2.421936431719365
11682,0.0
11683,-10.0
11684,2.04794206598912
11685,0.0
11686,1.1330394100905479
11687,3.0977687239462592
11688,0.0
11689,0.4153286607944514
11690,2.5237875629951683
11691,0.0
11692,0.12172651715052119
11693,1.9146433693830665
11694,0.0
11695,0.381580045525458
11696,1.5273756756469594
11697,0.0
11698,0.8435436761114793
11699,9.5284475141833
11700,0.0
11701,0.6415674683375968
11702,3.411950250101835
11703,0.0
11704,-0.12137670113297583
11705,1.4332676654956509
11706,0.0
11707,0.2796740624263515
11708,1.363538220899691
11709,0.0
11710,0.6336157718736667
11711,1.5515051660395034
11712,0.0
11713,-0.08556865229773647
11714,2.4270521256194124
11715,0.0
11716,0.8392574268988581
11717,2.186731256670602
11718,0.0
11719,0.34311055725327433
11720,1.5533482502160143
11721,0.0
11722,1.1257768111047541
11723,1.8551602043876096
11724,0.0
11725,-0.015115556524156526
11726,1.9143218111585414
11727,0.0
11728,0.3380314827076797
11729,1.8389296460614015
11730,0.0
11731,0.38829398504388324
11732,1.60632916918709
11733,0.0
11734,0.33725369291647145
11735,2.3154582454501282
11736,0.0
11737,1.2483545123641622
11738,5.213363386597301
11739,0.0
11740,0.0185563655332458
11741,2.1333689665618683
11742,0.0
11743,1.9177499665191124
11744,3.102206148788227
11745,0.0
11746,0.8492172371492476
11747,1.835839968801695
11748,0.0
11749,0.41494331731220535
11750,-10.0
11751,0.0
11752,0.9380468851009677
11753,2.290978844585325
11754,0.0
11755,0.33143274427188596
11756,1.8700308291441832
11757,0.0
11758,-0.1760574670121573
11759,1.9242273389369637
11760,0.0
11761,0.46151289764045955
11762,1.7393631609283955
11763,0.0
11764,0.22387427394082338
11765,2.2492210898928593
11766,0.0
11767,3.289037123207967
11768,5.028637641946002
11769,0.0
11770,0.1371672096593587
11771,1.4873421578390313
11772,0.0
11773,0.1916853721458952
11774,1.4238081901095516
11775,0.0
11776,0.49082592559442795
11777,1.4969981971836155
11778,0.0
11779,-0.3269980712891579
11780,4.033450299108448
11781,0.0
11782,-0.06501257514186343
11783,1.0247301660879868
11784,0.0
11785,-0.025768903060064186
11786,3.232864232317368
11787,0.0
11788,0.09481997735861836
11789,1.4512790899822223
11790,0.0
11791,0.2772213557763782
11792,2.338439715575971
11793,0.0
11794,0.275129177853909
11795,3.415141257241614
11796,0.0
11797,0.07437302408983693
11798,2.010869102123417
11799,0.0
11800,0.037731119296589344
11801,0.9391906019234899
11802,0.0
11803,0.23157570508692948
11804,1.1355963940437306
11805,0.0
11806,0.9785475368822031
11807,1.7800851123998738
11808,0.0
11809,-0.32431797267546314
11810,2.7730120553868183
11811,0.0
11812,-0.2130103216599708
11813,1.3405087956059232
11814,0.0
11815,0.4244856021887008
11816,1.548832543030152
11817,0.0
11818,-0.04471252512973911
11819,1.9234980672025817
11820,0.0
11821,1.334787812818329
11822,2.9185698059425516
11823,0.0
11824,0.6764550959746972
11825,2.061592491542912
11826,0.0
11827,0.4347471564367339
11828,1.56682864328169
11829,0.0
11830,1.3456810085083784
11831,2.318051061122111
11832,0.0
11833,0.34247039139324154
11834,1.4370812695302826
11835,0.0
11836,-0.2008389348448285
11837,1.5544469603578723
11838,0.0
11839,1.0102707076142385
11840,2.1583781123813672
11841,0.0
11842,0.07665089386002533
11843,1.346321428218638
11844,0.0
11845,0.22328494976551172
11846,6.228012411133978
11847,0.0
11848,0.5567885222230949
11849,2.1897314034030706
11850,0.0
11851,1.483811651105388
11852,2.485626215692764
11853,0.0
11854,0.0
11855,0.0
11856,-10.0
11857,2.6325163356797363
11858,0.0
11859,0.2952423982616682
11860,1.3501679091313874
11861,0.0
11862,-0.20217258827190998
11863,1.4910621317888566
11864,0.0
11865,-0.015444240771313344
11866,3.614161865251567
11867,0.0
11868,0.17771513792869398
11869,4.61781106556299
11870,0.0
11871,0.2655259757658025
11872,1.0621448652268692
11873,0.0
11874,0.26292584473306857
11875,-10.0
11876,0.0
11877,0.006751146245217776
11878,1.6577136771978986
11879,0.0
11880,0.2830292612461217
11881,3.5405300763121805
11882,0.0
11883,-0.014015116940503058
11884,3.3361273632142914
11885,0.0
11886,0.3157538516390178
11887,0.6940430023538635
11888,0.0
11889,1.6725353046778855
11890,3.473018718449158
11891,0.0
11892,0.16604903220035372
11893,2.07053165679833
11894,0.0
11895,0.277099679145386
11896,3.034040103095231
11897,0.0
11898,0.3028794796038544
11899,2.0374821620448835
11900,0.0
11901,0.06450493046585393
11902,1.1023775190444018
11903,0.0
11904,0.3733386866286804
11905,1.8351028770796753
11906,0.0
11907,-10.0
11908,1.944673909437153
11909,0.0
11910,0.6249996986245906
11911,1.3334911400102418
11912,0.0
11913,-0.1831673578273706
11914,1.0333695959947253
11915,0.0
11916,0.38828470190452247
11917,1.2080278169505563
11918,0.0
11919,-0.025076857930467766
11920,1.3683655716583838
11921,0.0
11922,0.5187471146092927
11923,2.285426988043449
11924,0.0
11925,0.04217177451629428
11926,1.3910400014505289
11927,0.0
11928,0.35627707316204116
11929,1.2333043486240145
11930,0.0
11931,2.1927618866348206
11932,5.201349665217025
11933,0.0
11934,0.41623460994894723
11935,1.7279734817533332
11936,0.0
11937,1.3640080193432356
11938,1.6086760414190162
11939,0.0
11940,0.6154572900790268
11941,2.8234375418250135
11942,0.0
11943,0.6011102374923477
11944,1.710816486845514
11945,0.0
11946,0.20445148384016154
11947,1.2579837888808671
11948,0.0
11949,0.6199753524093258
11950,5.17618133920281
11951,0.0
11952,0.522034240207007
11953,-10.0
11954,0.0
11955,0.4023296779937139
11956,3.445894880570956
11957,0.0
11958,0.38791127455545504
11959,6.6481310414028165
11960,0.0
11961,0.0520563526708665
11962,1.8718262729148054
11963,0.0
11964,-0.040227551000932116
11965,2.1897379651539097
11966,0.0
11967,-0.11557627861984276
11968,1.4459905131914499
11969,0.0
11970,0.5071600847580519
11971,-10.0
11972,0.0
11973,0.5417992136149129
11974,2.5025888357358372
11975,0.0
11976,0.49777672348237745
11977,1.958775180030033
11978,0.0
11979,0.13351119315700044
11980,1.6007637381931992
11981,0.0
11982,0.1752808427366933
11983,2.709923632167725
11984,0.0
11985,-0.003567728556548966
11986,1.8680228229516802
11987,0.0
11988,-0.010921328037789557
11989,2.3638428326477627
11990,0.0
11991,0.6998303646056799
11992,4.282632122323584
11993,0.0
11994,0.5966565868041068
11995,1.3973994155730303
11996,0.0
11997,0.050703806724272105
11998,1.7492626937765745
11999,0.0
12000,-0.08391216096779264
12001,2.0391035570169422
12002,0.0
12003,0.12563944857303422
12004,1.5133946709700579
12005,0.0
12006,0.0
12007,0.0
12008,0.3368251102928447
12009,1.8611612710449996
12010,0.0
12011,3.800033832353911
12012,3.2909686822427924
12013,0.0
12014,-10.0
12015,3.0674389894215714
12016,0.0
12017,0.36710633094571843
12018,4.109949175951936
12019,0.0
12020,0.3622998995232102
12021,1.6718163477263157
12022,0.0
12023,0.16097891122562935
12024,2.0057753201164195
12025,0.0
12026,0.09114376186523543
12027,2.0471260704643712
12028,0.0
12029,0.13451833992620832
12030,1.2363055324053522
12031,0.0
12032,0.13078745795363467
12033,1.2065546850434674
12034,0.0
12035,0.6238912288690807
12036,2.550856121213304
12037,0.0
12038,0.13242946822513668
12039,1.7078554433628566
12040,0.0
12041,1.6162998365178716
12042,4.9812241328602855
12043,0.0
12044,0.3270612138083596
12045,3.4834126640359537
12046,0.0
12047,0.20004076208058474
12048,1.2583580093636404
12049,0.0
12050,0.06774567339067994
12051,1.320428485473938
12052,0.0
12053,0.1371672096593587
12054,1.5022616345100197
12055,0.0
12056,0.7531548757450476
12057,1.5479054123032794
12058,0.0
12059,0.40241481147810154
12060,1.5536100126871275
12061,0.0
12062,0.3700219855379331
12063,1.5117600505914817
12064,0.0
12065,0.3962721835612174
12066,-10.0
12067,0.0
12068,1.0711387770214498
12069,1.12507885171267
12070,0.0
12071,0.5281169309265942
12072,1.7451518171582387
12073,0.0
12074,-0.18338237596645546
12075,2.0538322795952797
12076,0.0
12077,0.2064222582461389
12078,1.3452987357345039
12079,0.0
12080,0.3245240160898041
12081,1.2921649810225688
12082,0.0
12083,0.06025540810755359
12084,0.8423110071148076
12085,0.0
12086,0.1845685826827318
12087,1.6732609257760276
12088,0.0
12089,0.2602423737693006
12090,1.6870136932109772
12091,0.0
12092,0.3476494362563146
12093,2.2604870276660205
12094,0.0
12095,0.4216300178821418
12096,1.2174300605754647
12097,0.0
12098,-0.07764153399125662
12099,2.3536579366531196
12100,0.0
12101,0.6085889784215514
12102,3.2297301161061824
12103,0.0
12104,0.8364977535958485
12105,2.5719870380707466
12106,0.0
12107,0.019183118668405608
12108,2.2591366435646996
12109,0.0
12110,0.1490735010878067
12111,1.9868968577927193
12112,0.0
12113,-10.0
12114,2.5730930508058014
12115,0.0
12116,0.7293177853240699
12117,5.373992559264463
12118,0.0
12119,0.6213204306425474
12120,2.5127654294020134
12121,0.0
12122,0.09436746955040898
12123,1.3968043900322937
12124,0.0
12125,1.7595376809081076
12126,3.117664706186336
12127,0.0
12128,0.7543575900152898
12129,1.621615287862672
12130,0.0
12131,-0.0636067478793122
12132,2.2453179859800567
12133,0.0
12134,0.4263525892639982
12135,0.9132723399098186
12136,0.0
12137,0.7700976098043874
12138,1.8390971976754669
12139,0.0
12140,1.1817362526268402
12141,2.72130960980416
12142,0.0
12143,0.1626030628800218
12144,1.6608546089602751
12145,0.0
12146,0.26322129781446757
12147,1.8784291078436504
12148,0.0
12149,0.6559609174626678
12150,1.805875883238162
12151,0.0
12152,0.20445148384016154
12153,1.2579837888808671
12154,0.0
12155,0.9996350438546074
12156,1.9322346002756885
12157,0.0
12158,0.1401710323695896
12159,2.0214801788859673
12160,0.0
12161,-0.1142337599423755
12162,1.0702288604198549
12163,0.0
12164,0.711453993258273
12165,0.9889269880077005
12166,0.0
12167,0.5359825147770928
12168,2.1222837900191216
12169,0.0
12170,-0.1393149189659192
12171,1.9043472940025603
12172,0.0
12173,-10.0
12174,4.479876924352865
12175,0.0
12176,1.7358555673042346
12177,6.116322538055411
12178,0.0
12179,0.28600230229222257
12180,3.091721962612434
12181,0.0
12182,0.03143330423903812
12183,1.9239763096651346
12184,0.0
12185,0.14650322357106826
12186,2.6264396291365144
12187,0.0
12188,0.05451898550660006
12189,1.5548712143174228
12190,0.0
12191,-0.0697943161524921
12192,1.958492741176825
12193,0.0
12194,0.15120290115197144
12195,1.8465269835999798
12196,0.0
12197,0.015489070543896255
12198,1.285288552719024
12199,0.0
12200,0.08248617612521791
12201,4.151453911446681
12202,0.0
12203,0.6983861368656251
12204,2.49249399251366
12205,0.0
12206,0.38829398504388324
12207,1.6391754902946574
12208,0.0
12209,0.6797707321406593
12210,2.17293029145198
12211,0.0
12212,0.17868872081758413
12213,3.867993487298863
12214,0.0
12215,2.3450201490251357
12216,1.8760812247310428
12217,0.0
12218,0.08884219354735101
12219,1.36207367420035
12220,0.0
12221,-10.0
12222,3.447524974763253
12223,0.0
12224,0.5058550072950322
12225,0.495837279185517
12226,0.0
12227,0.20840450376111097
12228,2.3572223667437155
12229,0.0
12230,0.12907766680818555
12231,1.5501680019621082
12232,0.0
12233,0.28452051858609806
12234,4.217023371609855
12235,0.0
12236,0.2953678598172528
12237,1.4728602152305499
12238,0.0
12239,0.0033053304854381294
12240,-10.0
12241,0.0
12242,0.10463349780142195
12243,1.7229239593474095
12244,0.0
12245,0.45569526850541975
12246,1.7256102389711339
12247,0.0
12248,0.8652779088898243
12249,2.61139438393414
12250,0.0
12251,0.19269821492537254
12252,1.1011221092403218
12253,0.0
12254,1.403348754864405
12255,4.06080141139636
12256,0.0
12257,0.5268696407346428
12258,3.5086544953714784
12259,0.0
12260,1.6750875618488372
12261,2.6750875518488373
12262,0.0
12263,0.7003224734693007
12264,4.527331810011089
12265,0.0
12266,-0.05523516460221212
12267,2.5076447325906113
12268,0.0
12269,0.17365850330361765
12270,1.7734862811129748
12271,0.0
12272,-0.1687201334646713
12273,1.207069852521403
12274,0.0
12275,0.39443178487166286
12276,1.5176129558175626
12277,0.0
12278,1.9925722612284078
12279,3.3398549355706617
12280,0.0
12281,-10.0
12282,14.836851002277394
12283,0.0
12284,0.39192086700902384
12285,3.2684147726249044
12286,0.0
12287,0.7499455445612498
12288,1.5497160165463937
12289,0.0
12290,0.3695936022823513
12291,1.3695935922823514
12292,0.0
12293,0.1453617394065846
12294,1.7356151783963796
12295,0.0
12296,0.02258478631416938
12297,1.2279850914430532
12298,0.0
12299,-0.09198436047424308
12300,2.553263596074396
12301,0.0
12302,0.12748675994683867
12303,1.5286645622409605
12304,0.0
12305,0.0
12306,0.0
12307,0.0033612723652204357
12308,1.297424160700477
12309,0.0
12310,0.23462841847006677
12311,4.426162583692816
12312,0.0
12313,0.31729430149873294
12314,2.1621825796053273
12315,0.0
12316,0.14684885250977942
12317,1.1489743555794873
12318,0.0
12319,0.5333021761692341
12320,1.130853240116142
12321,0.0
12322,1.9706215885264617
12323,-10.0
12324,0.0
12325,0.3497433603044776
12326,1.9585684580616198
12327,0.0
12328,-0.004589896791022063
12329,1.2941803770117832
12330,0.0
12331,0.1730606937480007
12332,0.9412169496243956
12333,0.0
12334,0.9882729373652929
12335,4.516087312662041
12336,0.0
12337,0.5552264508846957
12338,1.4785278453878845
12339,0.0
12340,0.16817885270828448
12341,1.4847380844646811
12342,0.0
12343,1.0989007845042722
12344,5.0815093883710345
12345,0.0
12346,0.2135826270857567
12347,1.2473256460906106
12348,0.0
12349,0.3104119341656618
12350,1.2349401985663426
12351,0.0
12352,1.3661701147001293
12353,2.1644219469155694
12354,0.0
12355,0.12435138958779224
12356,1.7094647403562104
12357,0.0
12358,0.07074688065895296
12359,1.779945053505603
12360,0.0
12361,0.3380314827076797
12362,1.2323452320344936
12363,0.0
12364,-0.15272040470189652
12365,1.229397130275855
12366,0.0
12367,0.458055765372258
12368,1.73405928996214
12369,0.0
12370,-0.15104972340894351
12371,1.2976185114998944
12372,0.0
12373,-0.06592528338080084
12374,2.7377455179087513
12375,0.0
12376,0.0752084500934741
12377,2.3243969977447536
12378,0.0
12379,0.7258467293579433
12380,2.5001395730798333
12381,0.0
12382,-0.20880727885522798
12383,1.8550766739032742
12384,0.0
12385,0.8190577738434272
12386,5.693975568098339
12387,0.0
12388,-0.08365228004880565
12389,1.1681848852389625
12390,0.0
12391,0.14093379553992602
12392,2.146534856584129
12393,0.0
12394,-0.26259200964281504
12395,2.116956622934051
12396,0.0
12397,-0.40188797921859065
12398,1.3219713659555214
12399,0.0
12400,0.6193494336656636
12401,3.0993581521996543
12402,0.0
12403,0.0675754720449463
12404,0.8638696852934548
12405,0.0
12406,0.6962587768076688
12407,1.7745389161911593
12408,0.0
12409,-10.0
12410,2.9481181146640285
12411,0.0
12412,0.4216300178821418
12413,4.862383224640322
12414,0.0
12415,0.47742078562740875
12416,2.6207009591905837
12417,0.0
12418,0.5679942937504102
12419,2.719803665168686
12420,0.0
12421,0.39014752681473175
12422,1.9534083316161985
12423,0.0
12424,1.2112269850796187
12425,3.03894406113644
12426,0.0
12427,0.7514080950239025
12428,1.6203974357877158
12429,0.0
12430,0.007744960499526887
12431,1.5788468561913551
12432,0.0
12433,0.7827127350466255
12434,1.97115273828353
12435,0.0
12436,1.5849722900777659
12437,3.7905875806775575
12438,0.0
12439,0.9524849168127297
12440,2.812287794171235
12441,0.0
12442,0.44466840901850235
12443,0.9401034253777447
12444,0.0
12445,1.8101257294487163
12446,3.584955885049299
12447,0.0
12448,1.0702313779693204
12449,2.3269792321039504
12450,0.0
12451,0.19762824012244218
12452,2.4873803980151346
12453,0.0
12454,-0.17739030823882362
12455,2.0014647288761855
12456,0.0
12457,-0.3269980712891579
12458,2.91740581508157
12459,0.0
12460,0.0826704809603539
12461,1.461449909849718
12462,0.0
12463,0.30121492178723674
12464,1.3319185739068824
12465,0.0
12466,0.3398885797468033
12467,2.110068030308687
12468,0.0
12469,0.11223963966852624
12470,1.5876211978654402
12471,0.0
12472,0.5127273443964794
12473,3.251707028058247
12474,0.0
12475,0.1265300260784904
12476,4.95622332391097
12477,0.0
12478,0.39339544724695374
12479,1.4932799921554902
12480,0.0
12481,-0.14438901351621747
12482,1.8610399036946725
12483,0.0
12484,0.16157364638298322
12485,3.9455278366120012
12486,0.0
12487,0.3189650855344729
12488,1.6660299214878012
12489,0.0
12490,0.13968644567097466
12491,2.3556827770431834
12492,0.0
12493,0.20853384253115814
12494,2.804751410519022
12495,0.0
12496,-0.07974567850531489
12497,-10.0
12498,0.0
12499,0.15462566735651928
12500,1.5237909025638563
12501,0.0
12502,0.21644912340253997
12503,1.8753034560197956
12504,0.0
12505,0.5213501481223181
12506,4.279623811708486
12507,0.0
12508,0.3191163470675925
12509,1.0478692943104093
12510,0.0
12511,1.0711387770214498
12512,-10.0
12513,0.0
12514,0.1456743580086005
12515,1.5882817250011816
12516,0.0
12517,0.3662767368454648
12518,4.541256793313524
12519,0.0
12520,0.06422951127945142
12521,1.8632810839657663
12522,0.0
12523,-0.05523516460221212
12524,2.8027216689696086
12525,0.0
12526,0.19076968307165887
12527,1.558236251181916
12528,0.0
12529,0.34352090124401047
12530,1.3753387726216963
12531,0.0
12532,4.5261516824541035
12533,6.294321333838985
12534,0.0
12535,0.1753853874615846
12536,2.048037061550138
12537,0.0
12538,0.30201451744836116
12539,1.360705170289354
12540,0.0
12541,1.6285086206734052
12542,-10.0
12543,0.0
12544,0.15128126029914923
12545,1.407999406415045
12546,0.0
12547,0.3343414796720895
12548,1.2924260376593868
12549,0.0
12550,0.33639626466546735
12551,2.0158440542671006
12552,0.0
12553,0.42695254987564624
12554,1.7594179491390105
12555,0.0
12556,0.263503528835907
12557,0.9009592801925908
12558,0.0
12559,0.22365823668112317
12560,1.441551500770024
12561,0.0
12562,0.08884219354735101
12563,-10.0
12564,0.0
12565,0.5491100840764721
12566,2.6829032307054286
12567,0.0
12568,3.7393374934233155
12569,5.890150456256565
12570,0.0
12571,0.25880205783168886
12572,1.6492167956365666
12573,0.0
12574,0.007420335060296268
12575,0.9684883963096732
12576,0.0
12577,0.13530226783214838
12578,0.9507418386246231
12579,0.0
12580,0.705874016128394
12581,0.6944800572525542
12582,0.0
12583,-0.0005806671220345283
12584,1.2955574572148663
12585,0.0
12586,-0.10080376684050385
12587,2.8391770256016473
12588,0.0
12589,0.13351119315700044
12590,1.5274659537110187
12591,0.0
12592,-0.10424413335005456
12593,1.6183053376678256
12594,0.0
12595,0.3025945045117765
12596,2.0798897246807697
12597,0.0
12598,0.08559790217455043
12599,1.1507877429839113
12600,0.0
12601,0.4675576898898256
12602,2.0682066062908477
12603,0.0
12604,-10.0
12605,3.3860321146337853
12606,0.0
12607,0.09846488901060046
12608,1.8046480623030032
12609,0.0
12610,-0.026162464571953148
12611,1.5708946028822075
12612,0.0
12613,0.02813748292968532
12614,1.5673881974745547
12615,0.0
12616,0.12639724719084733
12617,1.788299775896291
12618,0.0
12619,-10.0
12620,-10.0
12621,0.0
12622,0.26730170897227257
12623,1.5173449293355536
12624,0.0
12625,0.2687382924650551
12626,1.6395320772017024
12627,0.0
12628,0.27162397847682496
12629,1.873019052592012
12630,0.0
12631,0.18261343266270724
12632,-10.0
12633,0.0
12634,-0.2850384244507934
12635,0.9471595945098471
12636,0.0
12637,-0.008182745966050842
12638,1.2273612857219793
12639,0.0
12640,-10.0
12641,-10.0
12642,0.0
12643,0.5309838925727847
12644,2.3589150782668025
12645,0.0
12646,1.2489180069355155
12647,10.165247799815178
12648,0.0
12649,0.5772066801258718
12650,1.5936509344162255
12651,0.0
12652,0.41623460994894723
12653,5.735272250240111
12654,0.0
12655,0.0922067621784769
12656,4.961986418051497
12657,0.0
12658,0.08683541799730043
12659,1.5230819112569514
12660,0.0
12661,1.0449991942391237
12662,2.0700274595902144
12663,0.0
12664,0.2572419684587436
12665,1.9335700144281214
12666,0.0
12667,0.4469306021555203
12668,1.1991144208506594
12669,0.0
12670,0.2743544312832146
12671,1.1605604989809557
12672,0.0
12673,-0.2488838277368507
12674,1.1148597601985384
12675,0.0
12676,0.3129495824094294
12677,5.413194703018341
12678,0.0
12679,0.2952624987599274
12680,1.9358565895155426
12681,0.0
12682,0.4676033347035794
12683,1.7135720990707906
12684,0.0
12685,0.7096282520255909
12686,1.2451923784515766
12687,0.0
12688,0.8061874845099396
12689,3.145284587764581
12690,0.0
12691,0.39091073672151266
12692,1.3909107267215128
12693,0.0
12694,0.4895841043760044
12695,2.2189249139357607
12696,0.0
12697,1.095450206058175
12698,6.389071649827139
12699,0.0
12700,-0.0074755642682901025
12701,2.4877565537992545
12702,0.0
12703,0.2141630816048502
12704,1.7546957962975922
12705,0.0
12706,0.1610445660501355
12707,1.1537189794787537
12708,0.0
12709,0.34102361224194777
12710,1.7372810277255257
12711,0.0
12712,0.6860927765436083
12713,1.6949393889214563
12714,0.0
12715,0.2731724577784126
12716,1.1348542999822475
12717,0.0
12718,0.8245954282647442
12719,2.8444567298734578
12720,0.0
12721,0.6664501506613366
12722,1.1437456332973683
12723,0.0
12724,0.20887917459966843
12725,1.3241699647524234
12726,0.0
12727,0.040122573575089526
12728,1.6390121813477028
12729,0.0
12730,-0.05829043667401812
12731,1.8180957470506762
12732,0.0
12733,-0.09295715420059647
12734,0.9070428357994037
12735,0.0
12736,-10.0
12737,2.803804130074906
12738,0.0
12739,0.3066837300065207
12740,-10.0
12741,0.0
12742,0.3828339294130464
12743,2.360463561654041
12744,0.0
12745,0.2335412179354578
12746,1.453662649568965
12747,0.0
12748,-10.0
12749,2.4322737713116385
12750,0.0
12751,0.21913650181707645
12752,2.1141718141178254
12753,0.0
12754,0.733850706059269
12755,3.636072339710002
12756,0.0
12757,-0.08554478865235982
12758,1.6557797789005968
12759,0.0
12760,0.8001134760033305
12761,1.4219486743984557
12762,0.0
12763,2.602228876672027
12764,6.546576532877916
12765,0.0
12766,0.09611608895799317
12767,2.3959297244411095
12768,0.0
12769,0.5389335611270395
12770,3.6629648538813635
12771,0.0
12772,0.5077772682568503
12773,1.1917319728611628
12774,0.0
12775,0.38293743818489234
12776,24.743541596902975
12777,0.0
12778,0.554359308418794
12779,-10.0
12780,0.0
12781,0.35917469835464344
12782,1.754909732306765
12783,0.0
12784,-0.04864579244063183
12785,1.70711108705965
12786,0.0
12787,1.0386624330098932
12788,1.0723008190972803
12789,0.0
12790,-0.13349126720339233
12791,1.5318372391753028
12792,0.0
12793,-0.08563912836710152
12794,1.6788401962005697
12795,0.0
12796,0.4831777986251772
12797,2.0324524936974786
12798,0.0
12799,0.7652683704780808
12800,11.367711662793056
12801,0.0
12802,0.24560200133678867
12803,4.813647323708467
12804,0.0
12805,0.2237908615351215
12806,2.4663482902444187
12807,0.0
12808,-0.15272040470189652
12809,-10.0
12810,0.0
12811,0.3297599468181388
12812,5.007305217203649
12813,0.0
12814,0.8279269518082076
12815,1.599508357927178
12816,0.0
12817,0.21826911622102763
12818,0.9014221496839747
12819,0.0
12820,0.2850502225939099
12821,2.609985683371665
12822,0.0
12823,0.4811767611042782
12824,1.5004684555466015
12825,0.0
12826,0.519353951478371
12827,1.9360968590920546
12828,0.0
12829,0.45227039703554384
12830,5.590653670140101
12831,0.0
12832,-0.14553634586033604
12833,1.0130043792914885
12834,0.0
12835,0.42288978788457976
12836,-10.0
12837,0.0
12838,0.07927363380225227
12839,-10.0
12840,0.0
12841,0.5144201327790422
12842,1.8414687781663794
12843,0.0
12844,0.4088200962606098
12845,1.6150474873537886
12846,0.0
12847,0.051441641962804874
12848,1.5572620554303986
12849,0.0
12850,0.29965182482029895
12851,4.433532889106547
12852,0.0
12853,0.09687571515751536
12854,2.3228151906253047
12855,0.0
12856,0.007420335060296268
12857,2.607896116197029
12858,0.0
12859,0.1102916724479942
12860,5.11026168854246
12861,0.0
12862,0.0
12863,1.62997594733057
12864,-10.0
12865,0.0
12866,0.04731089496322605
12867,2.295127730515016
12868,0.0
12869,0.02040753354919722
12870,1.1433169082100283
12871,0.0
12872,0.3346128481110312
12873,2.8649228626902854
12874,0.0
12875,0.10567481838257031
12876,2.5426448822796908
12877,0.0
12878,-0.00880925114037634
12879,2.162297917097731
12880,0.0
12881,0.2408815324620618
12882,4.865093658267451
12883,0.0
12884,0.29052167897984604
12885,1.331280135462014
12886,0.0
12887,0.4095497624520953
12888,2.1939396469775585
12889,0.0
12890,0.5723467186873118
12891,1.364214252824665
12892,0.0
12893,0.0035485381892382817
12894,1.4634665167556764
12895,0.0
12896,0.38138781050175596
12897,0.5545022944600557
12898,0.0
12899,-0.07370974970109412
12900,3.790391064950602
12901,0.0
12902,0.1067862465230155
12903,1.1067862365230157
12904,0.0
12905,0.2802433912021757
12906,1.7357128016338614
12907,0.0
12908,-0.15272040470189652
12909,1.4904158682206603
12910,0.0
12911,0.31110674429652685
12912,2.1331449587010933
12913,0.0
12914,2.419777397113258
12915,3.0362274633134176
12916,0.0
12917,0.17975876590515838
12918,1.722558472498954
12919,0.0
12920,0.24782253038617508
12921,1.4792703887199956
12922,0.0
12923,0.9952382468752164
12924,0.2263162132957106
12925,0.0
12926,0.4853417704009825
12927,3.3592564705421815
12928,0.0
12929,0.2732498538575535
12930,1.6158350359060027
12931,0.0
12932,-0.12508187774497892
12933,1.4235262063413703
12934,0.0
12935,0.48786304733971575
12936,-10.0
12937,0.0
12938,0.39855585423197326
12939,1.6593993504083753
12940,0.0
12941,0.05382122094001629
12942,3.079271433675732
12943,0.0
12944,0.11343506638631984
12945,1.0833153047422377
12946,0.0
12947,0.1425570880590551
12948,1.655442119328131
12949,0.0
12950,0.22161632909354567
12951,1.875679210432862
12952,0.0
12953,-0.011571379063697984
12954,1.421764310666965
12955,0.0
12956,0.4827718373585267
12957,2.4347587410871703
12958,0.0
12959,-10.0
12960,2.3134023459010393
12961,0.0
12962,0.4360373685462654
12963,-10.0
12964,0.0
12965,0.6328171322938164
12966,6.570643293463841
12967,0.0
12968,0.11861062700939617
12969,2.025355182678373
12970,0.0
12971,0.54874333474058
12972,1.05101389478974
12973,0.0
12974,0.20195266872698625
12975,1.6441619023010765
12976,0.0
12977,0.32770809702411186
12978,1.8390332214582297
12979,0.0
12980,3.0304089394651967
12981,3.729439965610241
12982,0.0
12983,0.08884219354735101
12984,2.3011713275563626
12985,0.0
12986,0.6816869653682688
12987,1.681686955368269
12988,0.0
12989,1.5013412196362212
12990,4.166985876159005
12991,0.0
12992,0.5106086016183363
12993,2.735746316140497
12994,0.0
12995,0.2799277910860062
12996,2.206711669011961
12997,0.0
12998,0.630117700049936
12999,2.8022782727600397
13000,0.0
13001,0.11069074660635059
13002,1.7219948870773543
13003,0.0
13004,0.9556572072356565
13005,5.850063035428542
13006,0.0
13007,0.18837019410442346
13008,1.0360891950943167
13009,0.0
13010,0.41666210091859657
13011,2.2888368691761336
13012,0.0
13013,0.4542718376583462
13014,-10.0
13015,0.0
13016,0.24782253038617508
13017,2.0441906751777257
13018,0.0
13019,-0.10111093236323854
13020,1.9955803272243426
13021,0.0
13022,2.590944869320814
13023,4.858509540058039
13024,0.0
13025,0.4467865421934286
13026,2.5011616885612193
13027,0.0
13028,0.8371282701581354
13029,4.16285160705582
13030,0.0
13031,0.3017622618153789
13032,2.7138535839876807
13033,0.0
13034,0.4023296779937139
13035,1.6312817861993358
13036,0.0
13037,0.2699776823360923
13038,1.5551222824550754
13039,0.0
13040,0.3958937435304982
13041,1.8341139827045556
13042,0.0
13043,-0.03193284028300558
13044,1.0297594931973295
13045,0.0
13046,0.6874883891437357
13047,2.09966275868374
13048,0.0
13049,0.5281169309265942
13050,-10.0
13051,0.0
13052,0.2873584800380792
13053,2.4054789297983565
13054,0.0
13055,-0.031970867865039
13056,1.2856933007203288
13057,0.0
13058,-0.22460424202288076
13059,1.1852500302849984
13060,0.0
13061,0.5242766572415506
13062,1.909402285886684
13063,0.0
13064,0.13405108878005312
13065,2.128379094366908
13066,0.0
13067,0.14188336724015482
13068,1.9294647404058214
13069,0.0
13070,0.11993879443567701
13071,2.4577303013731817
13072,0.0
13073,0.8737980795091645
13074,1.9152890286205322
13075,0.0
13076,-0.1847777594935488
13077,1.8829708593735828
13078,0.0
13079,0.07781128931744996
13080,1.394472790584048
13081,0.0
13082,-0.15040738368473183
13083,2.2271685759042104
13084,0.0
13085,0.19640488663158362
13086,1.1166864820715199
13087,0.0
13088,-0.012745822181722044
13089,1.3287660975883695
13090,0.0
13091,0.2768373529072107
13092,1.2247074332760484
13093,0.0
13094,0.2798723625576226
13095,1.3905543955506192
13096,0.0
13097,0.1812931647786894
13098,1.7699812082611186
13099,0.0
13100,-0.23384244024652145
13101,1.6870976837579805
13102,0.0
13103,-10.0
13104,8.246437923005486
13105,0.0
13106,0.30876603556721804
13107,1.6843958046682381
13108,0.0
13109,0.5101745802663621
13110,2.3850014022528834
13111,0.0
13112,0.40667338736987013
13113,1.8103375942388593
13114,0.0
13115,0.30201451744836116
13116,1.1809983263328334
13117,0.0
13118,0.8055458343619747
13119,1.561805516551262
13120,0.0
13121,0.22561445629267707
13122,2.3170110337349756
13123,0.0
13124,0.24240014353143413
13125,1.9068083537256857
13126,0.0
13127,0.36710633094571843
13128,1.7306752755230672
13129,0.0
13130,-0.15272040470189652
13131,1.3850833293670322
13132,0.0
13133,-0.33130918519652575
13134,1.346056953258699
13135,0.0
13136,0.2364233612857135
13137,2.9382937004066507
13138,0.0
13139,0.13228549198010675
13140,2.09982079328113
13141,0.0
13142,0.42215209370261586
13143,0.8635919016276863
13144,0.0
13145,0.5369878369573403
13146,1.4559576805388668
13147,0.0
13148,1.9728901097440397
13149,-10.0
13150,0.0
13151,-0.015459881372035023
13152,1.1999513998464821
13153,0.0
13154,0.6927483994405593
13155,1.5526412782569348
13156,0.0
13157,-0.2894730016986625
13158,1.923652294217875
13159,0.0
13160,1.8101257294487163
13161,4.440141677723966
13162,0.0
13163,0.5643638306325024
13164,1.519620128706825
13165,0.0
13166,0.3519269866639728
13167,1.2445344248178694
13168,0.0
13169,0.3046460582052396
13170,1.3878633420996478
13171,0.0
13172,-0.09720763807939714
13173,1.1665897493111914
13174,0.0
13175,0.3644376162350359
13176,1.2174237122438214
13177,0.0
13178,0.12336136934464614
13179,1.5994158242637
13180,0.0
13181,0.06550576858999257
13182,1.8946130566508126
13183,0.0
13184,0.26232854137530415
13185,3.093691958444082
13186,0.0
13187,0.0
13188,0.0
13189,0.016200953459449274
13190,2.117664216518559
13191,0.0
13192,0.1960213408901984
13193,2.078663892008214
13194,0.0
13195,0.5779812165983563
13196,1.6630632985096934
13197,0.0
13198,-0.1372916737502714
13199,-10.0
13200,0.0
13201,2.4725838688425967
13202,-0.434118279806317
13203,0.0
13204,0.3344930721398235
13205,1.8576532483336987
13206,0.0
13207,0.17818363421234873
13208,2.176720541529199
13209,0.0
13210,-10.0
13211,10.800593858544493
13212,0.0
13213,-10.0
13214,3.8533835543096386
13215,0.0
13216,0.5488463074662887
13217,-10.0
13218,0.0
13219,0.8496435134781714
13220,2.7049839374996196
13221,0.0
13222,0.4495587042402508
13223,1.0149985200017198
13224,0.0
13225,0.2028727515917167
13226,2.2852905842473135
13227,0.0
13228,0.24183407056366757
13229,1.2621524914218485
13230,0.0
13231,0.3846476306100718
13232,2.2776060055861347
13233,0.0
13234,0.0858573046017338
13235,1.8095058593581763
13236,0.0
13237,1.0711387770214498
13238,2.460530816670671
13239,0.0
13240,0.15728018687126333
13241,4.206328188342918
13242,0.0
13243,0.5704909969628175
13244,1.6797605298204321
13245,0.0
13246,0.28665641127849384
13247,1.6396786489685446
13248,0.0
13249,-10.0
13250,2.561160000935017
13251,0.0
13252,0.5427408027678645
13253,2.300012783679934
13254,0.0
13255,0.35783466877421455
13256,1.9867757429493145
13257,0.0
13258,0.5961637428887784
13259,3.406132496238894
13260,0.0
13261,0.16200873669431803
13262,1.1368085981450784
13263,0.0
13264,-0.23780933976647434
13265,1.358217432181538
13266,0.0
13267,-0.1963581121124044
13268,0.8036418778875958
13269,0.0
13270,0.08559790217455043
13271,1.7720790511543147
13272,0.0
13273,0.5776186526363688
13274,1.5873803365256864
13275,0.0
13276,0.6054596808406046
13277,2.3857817559774426
13278,0.0
13279,0.1543149641151792
13280,0.43343220741531296
13281,0.0
13282,-0.04995407735860413
13283,1.2605507322276077
13284,0.0
13285,0.7761430478808763
13286,1.9348096317811923
13287,0.0
13288,0.7068037935019854
13289,2.9206774791205508
13290,0.0
13291,-0.08991502941862428
13292,1.3152640283982195
13293,0.0
13294,0.3151744818815888
13295,1.611473259164619
13296,0.0
13297,0.7003224734693007
13298,2.1240956325880873
13299,0.0
13300,0.31111036664518654
13301,1.7376788157819307
13302,0.0
13303,-10.0
13304,3.1909394729987577
13305,0.0
13306,0.11942009540042442
13307,-10.0
13308,0.0
13309,0.1845685826827318
13310,1.9166410235886744
13311,0.0
13312,0.6490034378124944
13313,1.5703430565543794
13314,0.0
13315,0.46921452033771704
13316,1.6240677279168467
13317,0.0
13318,-0.18589817125148567
13319,2.505061351504406
13320,0.0
13321,4.919365232792748
13322,11.485289170554454
13323,0.0
13324,0.6559609174626678
13325,3.0076435343816987
13326,0.0
13327,0.0
13328,0.11831862542921112
13329,2.0973544673440463
13330,0.0
13331,0.22710470054323417
13332,1.6784932169675548
13333,0.0
13334,0.2661541067688654
13335,4.363448319839959
13336,0.0
13337,1.1510813666109159
13338,2.157957691970252
13339,0.0
13340,-0.04692193941114697
13341,1.189968409140574
13342,0.0
13343,0.11689935406798868
13344,5.243907784839992
13345,0.0
13346,-0.26270716617677004
13347,1.8203826447349556
13348,0.0
13349,-0.020899696252161037
13350,3.3862688757514396
13351,0.0
13352,0.23641931151383144
13353,1.5822762065802396
13354,0.0
13355,0.3534997481261398
13356,4.701959912430252
13357,0.0
13358,0.9284104550280013
13359,6.352148256015322
13360,0.0
13361,0.13384647779786107
13362,1.3464892329013969
13363,0.0
13364,-0.07612260064572163
13365,1.6682914962400228
13366,0.0
13367,0.40648291977370865
13368,2.1300901225095688
13369,0.0
13370,0.29726162022470193
13371,1.2317832627775789
13372,0.0
13373,0.3237428559235086
13374,1.3237428459235088
13375,0.0
13376,0.37391623498827087
13377,2.27675980791156
13378,0.0
13379,0.3001091039906948
13380,-10.0
13381,0.0
13382,0.21082899176198666
13383,5.288942214459993
13384,0.0
13385,-0.073734854895244
13386,1.1012414114027615
13387,0.0
13388,0.06799345450099203
13389,1.314374295432318
13390,0.0
13391,-10.0
13392,2.777704372762007
13393,0.0
13394,0.6117695991480053
13395,2.1008200960305192
13396,0.0
13397,0.04316228965827629
13398,2.0798528009179957
13399,0.0
13400,0.6525157099478031
13401,1.8193135101543185
13402,0.0
13403,0.41747140399862614
13404,2.0243748132089507
13405,0.0
13406,0.8737980795091645
13407,3.2255489182464117
13408,0.0
13409,0.16960031537192866
13410,2.3249757956679673
13411,0.0
13412,1.627595256465963
13413,4.4880844258108965
13414,0.0
13415,0.8510629669100417
13416,15.515382503104192
13417,0.0
13418,0.42581677677514496
13419,0.8593506081029887
13420,0.0
13421,0.4085528328127094
13422,1.4085528228127095
13423,0.0
13424,1.0610666451408122
13425,6.167248580704827
13426,0.0
13427,0.6888255238392847
13428,7.5815774566151175
13429,0.0
13430,0.1169854318500253
13431,2.915837672578135
13432,0.0
13433,1.646744842332403
13434,1.6088190635205994
13435,0.0
13436,-0.054121125701553696
13437,1.616070613016496
13438,0.0
13439,0.4095497624520953
13440,-10.0
13441,0.0
13442,-0.00496176822579264
13443,2.708197689074558
13444,0.0
13445,0.018164193534648265
13446,1.2361855225308807
13447,0.0
13448,2.246561939182565
13449,3.5272944360861005
13450,0.0
13451,0.2602423737693006
13452,2.2480463275733946
13453,0.0
13454,0.09333948383056445
13455,1.8519424903111594
13456,0.0
13457,0.6860927765436083
13458,2.9800887764161605
13459,0.0
13460,-0.15040738368473183
13461,2.1179687800622946
13462,0.0
13463,0.2018056904239166
13464,1.346277452039078
13465,0.0
13466,0.0858573046017338
13467,4.96334290155302
13468,0.0
13469,0.3163003498055935
13470,1.1522896124784294
13471,0.0
13472,0.2195938514825958
13473,1.3753681233585555
13474,0.0
13475,2.7555070000740227
13476,7.584826818478969
13477,0.0
13478,0.09436746955040898
13479,4.927086266499841
13480,0.0
13481,0.3685538097174942
13482,2.579884148814925
13483,0.0
13484,0.33834188146133204
13485,4.359971252646448
13486,0.0
13487,0.5429705387524212
13488,1.5716652711947492
13489,0.0
13490,-0.09302134529349626
13491,1.414551627930422
13492,0.0
13493,0.4359202966449275
13494,2.0808143257833818
13495,0.0
13496,1.3064937925737454
13497,4.401751855423218
13498,0.0
13499,0.8448642269414351
13500,2.3611056270404576
13501,0.0
13502,0.03860382869779533
13503,2.0973907516757526
13504,0.0
13505,-10.0
13506,4.394280664659939
13507,0.0
13508,0.04726348158210192
13509,1.9197358685403076
13510,0.0
13511,4.5261516824541035
13512,5.698038529033087
13513,0.0
13514,0.08683541799730043
13515,2.308652990066845
13516,0.0
13517,0.4766161602647211
13518,2.870058315096011
13519,0.0
13520,0.23741736957251225
13521,1.0947935319104323
13522,0.0
13523,1.964918430520071
13524,3.4928835036340646
13525,0.0
13526,0.4232981328382729
13527,1.0576247230116012
13528,0.0
13529,0.0020984340750945796
13530,1.6835289758543925
13531,0.0
13532,0.029723350911409985
13533,1.2736991002200422
13534,0.0
13535,0.16949531494863368
13536,2.3646383334881014
13537,0.0
13538,0.2952423982616682
13539,1.5213836793200033
13540,0.0
13541,0.24951947282896747
13542,1.3893281881125674
13543,0.0
13544,0.11413182359230645
13545,1.0504566275246685
13546,0.0
13547,0.4981381063983711
13548,1.6268591541881374
13549,0.0
13550,-0.08477494639720118
13551,1.233125811970715
13552,0.0
13553,-0.026329731830671887
13554,2.187236244293419
13555,0.0
13556,0.2869674608816942
13557,2.609713976200683
13558,0.0
13559,0.4963186445620992
13560,2.7221950213827224
13561,0.0
13562,0.1960213408901984
13563,2.4121500598369052
13564,0.0
13565,0.1812931647786894
13566,2.690473809467042
13567,0.0
13568,-0.03580225851022911
13569,1.6007300800139737
13570,0.0
13571,0.17975482743339566
13572,2.808380604779629
13573,0.0
13574,-0.0757359906077626
13575,2.220712753701652
13576,0.0
13577,0.9625692765694974
13578,2.469692035746753
13579,0.0
13580,0.08670792045702302
13581,1.2857140074206965
13582,0.0
13583,0.17516600636612212
13584,1.3869215999234485
13585,0.0
13586,0.5871653060193828
13587,1.9252236021080036
13588,0.0
13589,-0.10080376684050385
13590,2.391115541722405
13591,0.0
13592,-0.179261922512861
13593,1.5830726514663542
13594,0.0
13595,0.3373018206785784
13596,2.334838426487643
13597,0.0
13598,0.04303179772582999
13599,5.008975739931545
13600,0.0
13601,0.2548316612138791
13602,2.026863763703538
13603,0.0
13604,0.113649699264606
13605,1.821600842564741
13606,0.0
13607,0.17795535444907606
13608,1.4247617220406674
13609,0.0
13610,0.18351214621117717
13611,1.783082934946091
13612,0.0
13613,0.24218429870646563
13614,2.5679920496652935
13615,0.0
13616,0.48938174254912103
13617,2.1570559501619275
13618,0.0
13619,0.38828470190452247
13620,1.7752913798795293
13621,0.0
13622,0.1736899358266365
13623,2.76581069923043
13624,0.0
13625,0.919051622206012
13626,0.5632879790330696
13627,0.0
13628,0.0
13629,0.0
13630,0.3347428352612286
13631,-10.0
13632,0.0
13633,0.5676641204349807
13634,0.8542603968527802
13635,0.0
13636,0.3323850226823787
13637,1.781959461801023
13638,0.0
13639,0.6817927089770696
13640,2.407125724271266
13641,0.0
13642,0.9202219444369891
13643,2.7667296194082382
13644,0.0
13645,-0.24416204011271359
13646,1.1382132275530212
13647,0.0
13648,2.9731064102164253
13649,2.0199744612169357
13650,0.0
13651,1.417335877536957
13652,3.4122661353407815
13653,0.0
13654,1.5347714429066817
13655,2.5638244979712748
13656,0.0
13657,0.0006305109936187714
13658,1.41057723791151
13659,0.0
13660,0.03360581119265793
13661,2.1559635607822667
13662,0.0
13663,0.340304095331594
13664,1.2360188785926522
13665,0.0
13666,2.065548435464454
13667,2.0496621620533313
13668,0.0
13669,0.20004076208058474
13670,1.2953676829317446
13671,0.0
13672,1.0260055343242769
13673,2.9220221540581295
13674,0.0
13675,0.7155097552362252
13676,2.2318547838775125
13677,0.0
13678,0.739963046131123
13679,2.3271196219811587
13680,0.0
13681,1.3661701147001293
13682,3.055845157254859
13683,0.0
13684,-0.2526564683392455
13685,1.6667927217090148
13686,0.0
13687,0.11518379978082793
13688,1.8705698796420505
13689,0.0
13690,0.1800408120782203
13691,2.9643694802132297
13692,0.0
13693,0.40044813511098487
13694,3.8248474127220584
13695,0.0
13696,0.2770957513111626
13697,3.315206503261833
13698,0.0
13699,0.5318019742035375
13700,2.2730475001761996
13701,0.0
13702,-0.2806489763821589
13703,2.6567124141420537
13704,0.0
13705,0.23315711696185148
13706,2.7099486637845076
13707,0.0
13708,0.8398130064413875
13709,3.1082317303525757
13710,0.0
13711,-0.13082919236557722
13712,1.7800471468261856
13713,0.0
13714,1.184918943428042
13715,5.793242774042399
13716,0.0
13717,-0.13849394527906322
13718,1.1304992031736947
13719,0.0
13720,2.596678879274837
13721,3.3974197265748076
13722,0.0
13723,0.7287860794474675
13724,1.1998113019515404
13725,0.0
13726,0.45986940444984536
13727,3.936033512912151
13728,0.0
13729,0.23141500240536572
13730,1.610787717372942
13731,0.0
13732,1.0681101637809949
13733,2.3073688235014176
13734,0.0
13735,0.5891365320574592
13736,1.6398494205374918
13737,0.0
13738,0.05688414900917971
13739,1.1334866049839851
13740,0.0
13741,0.06586111672676342
13742,2.6020174230385757
13743,0.0
13744,0.09784875295820072
13745,2.7613116299210096
13746,0.0
13747,0.5795968669237325
13748,2.66865915255252
13749,0.0
13750,-0.2685702644187933
13751,1.765574365787585
13752,0.0
13753,0.5252636281037341
13754,1.7743949940722112
13755,0.0
13756,0.6354867077216898
13757,2.064085146094942
13758,0.0
13759,0.70388674114385
13760,1.8629658197463819
13761,0.0
13762,0.44289796024501327
13763,1.26308633471488
13764,0.0
13765,0.20282823836215547
13766,4.680513175976266
13767,0.0
13768,0.5692163001944873
13769,1.9115323124952963
13770,0.0
13771,0.6112220546696733
13772,2.370951011644215
13773,0.0
13774,2.8036593862320456
13775,2.9189291956389973
13776,0.0
13777,0.22753248538583548
13778,1.7140539997996505
13779,0.0
13780,0.07665089386002533
13781,1.381646921821383
13782,0.0
13783,0.9650130303126591
13784,3.0808053985765955
13785,0.0
13786,0.23163387883884357
13787,2.2899280034508642
13788,0.0
13789,-10.0
13790,-10.0
13791,0.0
13792,-0.2806489763821589
13793,1.3350734547816698
13794,0.0
13795,0.31062866648747767
13796,1.2199504421954035
13797,0.0
13798,0.09651770410613236
13799,1.1997995473217156
13800,0.0
13801,0.48011132519990907
13802,2.2106486961128127
13803,0.0
13804,0.19087256166253008
13805,2.051149277940475
13806,0.0
13807,0.15462566735651928
13808,1.6059582966413266
13809,0.0
13810,0.39924863677764943
13811,1.3447883735829949
13812,0.0
13813,0.5428825344769895
13814,1.1560204864123127
13815,0.0
13816,0.12491382870988554
13817,2.340432781850059
13818,0.0
13819,-0.19147741397187534
13820,1.7634195234730714
13821,0.0
13822,-10.0
13823,2.576404472523208
13824,0.0
13825,-0.0774381435025584
13826,2.2362327443731407
13827,0.0
13828,0.9223363527587846
13829,1.6283268153526955
13830,0.0
13831,0.03376136349247638
13832,2.2319412525892934
13833,0.0
13834,0.23013671999154084
13835,1.273521180208086
13836,0.0
13837,0.49244387476383433
13838,2.700456017216881
13839,0.0
13840,0.6841043368588126
13841,5.281144825968033
13842,0.0
13843,0.4435229634632095
13844,1.3472442099660162
13845,0.0
13846,-0.10486774905802165
13847,0.77809310764779
13848,0.0
13849,0.41572869466217865
13850,2.769928258902853
13851,0.0
13852,0.1202264295775729
13853,1.9113137972702667
13854,0.0
13855,0.3124817756752075
13856,1.081433177424963
13857,0.0
13858,0.05297335914053225
13859,2.311461347378973
13860,0.0
13861,0.15087035258947668
13862,4.356682777757651
13863,0.0
13864,0.1371672096593587
13865,1.3580308172563904
13866,0.0
13867,0.35917469835464344
13868,1.7388842353768712
13869,0.0
13870,-0.19042598621022755
13871,1.6861313817652634
13872,0.0
13873,0.25043034486099713
13874,1.696842958985324
13875,0.0
13876,-0.10513724047433404
13877,2.4034675179790668
13878,0.0
13879,0.01693450610534708
13880,9.148635549961384
13881,0.0
13882,0.0
13883,0.4571566429631698
13884,1.45715663296317
13885,0.0
13886,-0.08991502941862428
13887,0.9100849605813759
13888,0.0
13889,0.18592734635042618
13890,1.524202431894186
13891,0.0
13892,0.28485558263367106
13893,-10.0
13894,0.0
13895,0.07279100445537312
13896,1.655304391822439
13897,0.0
13898,-10.0
13899,3.6310567694401437
13900,0.0
13901,-0.07978697623335873
13902,1.1674341889593272
13903,0.0
13904,0.09422147443095208
13905,2.1629407732824455
13906,0.0
13907,0.30745383436722495
13908,1.745994725087066
13909,0.0
13910,0.11107843861570099
13911,1.5411423437038674
13912,0.0
13913,1.0507597420439674
13914,3.0472576464568712
13915,0.0
13916,0.16989194483044845
13917,2.088156961776413
13918,0.0
13919,0.7576223831469368
13920,1.757622373146937
13921,0.0
13922,0.7565812547412706
13923,2.8947370374047434
13924,0.0
13925,0.5077772682568503
13926,0.6799562227500318
13927,0.0
13928,0.15120290115197144
13929,1.048919173853676
13930,0.0
13931,2.7555070000740227
13932,-10.0
13933,0.0
13934,2.124043322592358
13935,0.4499987791950799
13936,0.0
13937,0.4091864489452911
13938,2.3094878176034754
13939,0.0
13940,0.6561742531588605
13941,3.4955534088666385
13942,0.0
13943,0.3737172645021337
13944,1.3876606907658282
13945,0.0
13946,0.12685354778022384
13947,1.1374742744724333
13948,0.0
13949,-0.15761547719394053
13950,1.5724959015468616
13951,0.0
13952,0.27636127843530545
13953,1.1344595991060902
13954,0.0
13955,-0.003610049494240153
13956,1.972652057328346
13957,0.0
13958,0.5588981182321019
13959,3.7017901340594763
13960,0.0
13961,0.3629302663615931
13962,0.9196077065041524
13963,0.0
13964,0.14547856626940414
13965,1.687175960942571
13966,0.0
13967,0.053983787318249266
13968,3.468077457189953
13969,0.0
13970,0.4113954087314641
13971,0.7011727370703245
13972,0.0
13973,0.514874973982541
13974,2.1965170150867754
13975,0.0
13976,-0.0002841648426411547
13977,2.5033604686148094
13978,0.0
13979,0.5306767376809126
13980,2.251605517185308
13981,0.0
13982,1.4627103716674017
13983,3.0379438432182932
13984,0.0
13985,0.5666801975244763
13986,1.566534938801842
13987,0.0
13988,0.9901524997429502
13989,3.6400936557880716
13990,0.0
13991,0.151097747492401
13992,4.040727365928624
13993,0.0
13994,-0.04629347410049678
13995,1.6079470345216702
13996,0.0
13997,0.7524286764300391
13998,1.5258715304397792
13999,0.0
14000,0.5843141048485746
14001,1.4137156226053826
14002,0.0
14003,0.6142678133822813
14004,1.7746724384961743
14005,0.0
14006,0.1255178621966958
14007,1.5017875012179902
14008,0.0
14009,0.2786683232202606
14010,1.7817585640803895
14011,0.0
14012,-0.08127590508959026
14013,1.0956666137480608
14014,0.0
14015,0.30370916097700207
14016,1.4505607189573737
14017,0.0
14018,0.35859980634755695
14019,1.9719462244088664
14020,0.0
14021,0.1990613783582792
14022,10.784334270858682
14023,0.0
14024,0.5162661917872112
14025,1.186687786308871
14026,0.0
14027,0.19577619692731962
14028,-10.0
14029,0.0
14030,0.22079745301504994
14031,1.3700347223865172
14032,0.0
14033,0.35289030427308055
14034,1.2884021228236502
14035,0.0
14036,0.6302973844836551
14037,2.2139431516056076
14038,0.0
14039,-0.3992433752090807
14040,2.076281247512356
14041,0.0
14042,0.33151994776262683
14043,1.7765613534211175
14044,0.0
14045,-0.1537884395015766
14046,1.666991865348201
14047,0.0
14048,0.5604573152375253
14049,3.181055615241223
14050,0.0
14051,0.3235165972583841
14052,2.5962582297568155
14053,0.0
14054,0.11610387556127966
14055,4.367108341880589
14056,0.0
14057,0.12435138958779224
14058,-10.0
14059,0.0
14060,0.3570088574329199
14061,1.7659051023978656
14062,0.0
14063,2.13878246238962
14064,2.1858294476256726
14065,0.0
14066,1.005165869825638
14067,2.7656394983988446
14068,0.0
14069,0.24295185021160093
14070,2.0357140939828353
14071,0.0
14072,0.4305344776473182
14073,1.4904663587613003
14074,0.0
14075,0.2826759318684947
14076,2.5696394500629953
14077,0.0
14078,1.4892542948526843
14079,10.263419186478327
14080,0.0
14081,0.10232045268052381
14082,1.3931531536159576
14083,0.0
14084,0.07478605406542738
14085,0.8758816964178427
14086,0.0
14087,0.8094090930184402
14088,4.58209021602903
14089,0.0
14090,0.16012153595273204
14091,4.265358734688746
14092,0.0
14093,-0.12164117604115543
14094,3.0856538305255015
14095,0.0
14096,-0.26268242266752784
14097,1.4722918018612252
14098,0.0
14099,0.14808971740651933
14100,1.769415086034637
14101,0.0
14102,0.3916915765620278
14103,1.7516625057170703
14104,0.0
14105,0.18260846467280356
14106,1.7467562242746202
14107,0.0
14108,0.0976265299579323
14109,1.730896477926775
14110,0.0
14111,0.11863383099079827
14112,2.1029806118085537
14113,0.0
14114,-0.09197929716851927
14115,3.4289446316209533
14116,0.0
14117,-0.05939883669752932
14118,1.387331197078824
14119,0.0
14120,0.17289626206636555
14121,1.716353525014899
14122,0.0
14123,0.23534172713520596
14124,0.8549372566518347
14125,0.0
14126,1.672760010650959
14127,2.558244821791034
14128,0.0
14129,0.7768624260566935
14130,3.140922292105088
14131,0.0
14132,0.05483227290809334
14133,2.507797056478737
14134,0.0
14135,-0.06977462351566521
14136,2.336208680955475
14137,0.0
14138,0.3990983578015769
14139,2.186952967568042
14140,0.0
14141,-10.0
14142,3.894440329795092
14143,0.0
14144,0.06298072963974344
14145,2.9271989852739058
14146,0.0
14147,-0.1113486937396806
14148,3.839787991553618
14149,0.0
14150,0.4797974778071953
14151,2.303246690066727
14152,0.0
14153,0.2132497572762483
14154,1.6867258304079555
14155,0.0
14156,0.05688166072274614
14157,1.8979866501676927
14158,0.0
14159,0.03955737940936521
14160,1.3520663369568833
14161,0.0
14162,-0.2590233350847537
14163,1.7056465457989698
14164,0.0
14165,0.23246022867496408
14166,0.971430074199088
14167,0.0
14168,0.28520842341996
14169,4.228225110462931
14170,0.0
14171,-0.09832065567752002
14172,0.7119629439115746
14173,0.0
14174,0.8239768887522588
14175,1.8815406765796556
14176,0.0
14177,0.02524235077844328
14178,1.9988537726852307
14179,0.0
14180,-0.1128142815953439
14181,2.35912930796427
14182,0.0
14183,0.2004707055789422
14184,1.578025188992394
14185,0.0
14186,0.7044091855542377
14187,2.5950371542721298
14188,0.0
14189,0.26326270686640163
14190,2.068779040964487
14191,0.0
14192,-10.0
14193,4.074985422911862
14194,0.0
14195,0.3496651594191743
14196,2.312869783041716
14197,0.0
14198,0.7403960548421088
14199,1.7856777208724017
14200,0.0
14201,0.5691448443449204
14202,2.452426896547414
14203,0.0
14204,-0.1273700035171823
14205,0.9882676454152741
14206,0.0
14207,0.051699426616794164
14208,1.217411088105434
14209,0.0
14210,0.47742078562740875
14211,2.5007078664291007
14212,0.0
14213,-0.20884097098689558
14214,1.4800106535216253
14215,0.0
14216,0.13192767856416043
14217,2.077071607760082
14218,0.0
14219,0.2772213557763782
14220,2.1726566329359143
14221,0.0
14222,-0.13170841041415904
14223,1.0948195486152308
14224,0.0
14225,0.11526946355195877
14226,1.8912282449609457
14227,0.0
14228,0.3476494362563146
14229,2.159435191664792
14230,0.0
14231,-0.1847777594935488
14232,1.1645467905427331
14233,0.0
14234,-0.13285919594401785
14235,1.2393389384120317
14236,0.0
14237,0.3425512333393236
14238,1.4755976466361769
14239,0.0
14240,0.02074152511679006
14241,1.0819594739984733
14242,0.0
14243,0.29980306265405676
14244,1.3352196999648214
14245,0.0
14246,0.07746743038919235
14247,1.979400071298113
14248,0.0
14249,0.1369245056400955
14250,2.591735641075167
14251,0.0
14252,0.16479111862096862
14253,1.8409467160407746
14254,0.0
14255,0.21468616993977674
14256,1.7582528637292665
14257,0.0
14258,2.8036593862320456
14259,3.1789698678139207
14260,0.0
14261,0.36031101419357403
14262,2.646358306673851
14263,0.0
14264,0.28940992983598945
14265,1.78768588957889
14266,0.0
14267,0.08276103346592134
14268,5.537594666370692
14269,0.0
14270,0.36165247788738164
14271,7.501854734560457
14272,0.0
14273,-0.06132792132256615
14274,1.2479831674106914
14275,0.0
14276,0.24869441007613002
14277,-10.0
14278,0.0
14279,0.17795535444907606
14280,1.3412269353658797
14281,0.0
14282,0.0037168278660238974
14283,1.4175336316929315
14284,0.0
14285,1.1487450419279677
14286,2.297111096561163
14287,0.0
14288,0.9428290362588251
14289,2.4949972997439973
14290,0.0
14291,0.0
14292,0.0
14293,0.19649831192120348
14294,2.6360507179691655
14295,0.0
14296,0.8737980795091645
14297,1.7613609627091142
14298,0.0
14299,0.23462841847006677
14300,1.6463274548643105
14301,0.0
14302,0.782210989323365
14303,2.2522310753580337
14304,0.0
14305,-0.03992675153464975
14306,1.5846763514905469
14307,0.0
14308,0.3570088574329199
14309,2.481446662756033
14310,0.0
14311,0.1392994010105154
14312,1.3774847066130638
14313,0.0
14314,0.28600230229222257
14315,1.4569012022678605
14316,0.0
14317,0.5144043915734945
14318,-10.0
14319,0.0
14320,-10.0
14321,2.1999053841213616
14322,0.0
14323,0.36790031897006215
14324,4.2302454295692655
14325,0.0
14326,0.553638590630435
14327,1.7200984929557182
14328,0.0
14329,0.45248794863920117
14330,2.0762303473748553
14331,0.0
14332,-10.0
14333,-10.0
14334,0.0
14335,0.196831797130388
14336,1.2971385029255815
14337,0.0
14338,-10.0
14339,3.4819001559173497
14340,0.0
14341,0.5465097604643608
14342,4.74309762447857
14343,0.0
14344,0.06799345450099203
14345,0.9133478525995085
14346,0.0
14347,0.7202569315099264
14348,1.7202569215099266
14349,0.0
14350,0.5985543883481573
14351,3.121758134449178
14352,0.0
14353,0.3200521318328914
14354,1.9425632104855606
14355,0.0
14356,0.8067826159716956
14357,1.2142173088542645
14358,0.0
14359,-0.3536985173650872
14360,1.0890124404150936
14361,0.0
14362,0.5153479227063583
14363,1.553238723726137
14364,0.0
14365,0.5373914443665532
14366,3.160628349596932
14367,0.0
14368,-0.05762651585384304
14369,1.7976465924251086
14370,0.0
14371,0.5797917306396124
14372,2.1424560914284796
14373,0.0
14374,0.1076868978531812
14375,1.6706272700192046
14376,0.0
14377,-0.015459881372035023
14378,1.0760953102067963
14379,0.0
14380,0.9901524997429502
14381,1.896751381434771
14382,0.0
14383,0.4394742106552384
14384,1.6591951363458355
14385,0.0
14386,0.07994309547119782
14387,1.6144986148556446
14388,0.0
14389,0.35813888792073867
14390,2.607714083051775
14391,0.0
14392,0.23540696510057224
14393,1.56135531610984
14394,0.0
14395,0.051958670218994585
14396,2.475630744487374
14397,0.0
14398,0.1276682568678601
14399,1.1447247376263598
14400,0.0
14401,0.7766107864556387
14402,8.075174905985294
14403,0.0
14404,0.17309582266248402
14405,1.3086225995023344
14406,0.0
14407,3.148574184918031
14408,-10.0
14409,0.0
14410,0.23394260894391328
14411,1.3490857129290457
14412,0.0
14413,0.14060519436074237
14414,5.23676658965504
14415,0.0
14416,-0.06244749813204209
14417,1.5380121320801452
14418,0.0
14419,0.06354826037354833
14420,1.6409199482480559
14421,0.0
14422,0.30463663030443067
14423,-10.0
14424,0.0
14425,0.5198779604447178
14426,2.1722609743597094
14427,0.0
14428,0.5469846608516608
14429,2.7038185868790885
14430,0.0
14431,0.23670433294502435
14432,1.8140309893250086
14433,0.0
14434,0.13741913046909604
14435,1.687652217242016
14436,0.0
14437,0.12237111911193621
14438,0.9621538838373405
14439,0.0
14440,-0.18634252454358968
14441,3.3859065969403903
14442,0.0
14443,-0.015459881372035023
14444,1.6103156573136315
14445,0.0
14446,-0.14318096282964143
14447,1.2705039001548915
14448,0.0
14449,1.9792223925787717
14450,5.77473261425196
14451,0.0
14452,0.5393925479254044
14453,2.1657841164739735
14454,0.0
14455,-10.0
14456,2.913816358238096
14457,0.0
14458,0.2227785559043053
14459,1.8583273274605991
14460,0.0
14461,-0.0654968616886824
14462,1.4553873946064448
14463,0.0
14464,0.06694332000903513
14465,2.6466447723291346
14466,0.0
14467,0.2586377961506269
14468,2.3855546714526743
14469,0.0
14470,0.28914602450901994
14471,2.387283094623644
14472,0.0
14473,-0.11954629825836083
14474,1.1268532297800053
14475,0.0
14476,0.24014560930965334
14477,1.7189067256787967
14478,0.0
14479,0.5857559099737645
14480,1.5437294657908789
14481,0.0
14482,1.101655133085801
14483,1.908510832819319
14484,0.0
14485,0.4617665462493957
14486,1.6581396838268292
14487,0.0
14488,0.8089915039156149
14489,4.042033248017473
14490,0.0
14491,0.2603647804747179
14492,1.6300014149492281
14493,0.0
14494,0.4142658582035378
14495,2.512973085125722
14496,0.0
14497,0.08055728777833149
14498,2.0885866021843973
14499,0.0
14500,0.18523197045795803
14501,0.9690034593145742
14502,0.0
14503,0.1513688883532388
14504,2.4194563592290916
14505,0.0
14506,0.1447856948016738
14507,1.7589843796849824
14508,0.0
14509,0.9981572773152821
14510,-10.0
14511,0.0
14512,0.2529023850271265
14513,1.2692197226304922
14514,0.0
14515,-0.16971627936723843
14516,1.2743410946894111
14517,0.0
14518,1.8694194062133813
14519,2.2070278504728336
14520,0.0
14521,0.0034970012896525793
14522,-10.0
14523,0.0
14524,0.764603715064032
14525,2.511072782942942
14526,0.0
14527,0.749885810209011
14528,6.060637677364998
14529,0.0
14530,0.0721700341120276
14531,1.9345570945459774
14532,0.0
14533,0.5657355884006051
14534,4.526618387790841
14535,0.0
14536,0.637143089303459
14537,2.317044802780675
14538,0.0
14539,0.5087015936249139
14540,2.1205056662862685
14541,0.0
14542,-0.04191699547213823
14543,1.8385973287987922
14544,0.0
14545,0.1508183618873301
14546,3.1684777313964023
14547,0.0
14548,0.17177736395686194
14549,1.6879950771818875
14550,0.0
14551,-0.10881301955322009
14552,2.329687096877037
14553,0.0
14554,0.5371135769869079
14555,2.7682611892900875
14556,0.0
14557,0.0
14558,0.0
14559,0.3335737545832048
14560,1.1669378526495013
14561,0.0
14562,0.07694339442310849
14563,3.0709716511488914
14564,0.0
14565,0.11610387556127966
14566,3.4857890461079366
14567,0.0
14568,-10.0
14569,3.5259838150165628
14570,0.0
14571,0.31922216696086514
14572,1.272898176468608
14573,0.0
14574,0.3054899970810422
14575,1.3443417189682076
14576,0.0
14577,0.0
14578,-0.0470685933685997
14579,-10.0
14580,0.0
14581,0.23807613122023163
14582,6.849895009272774
14583,0.0
14584,0.5942918099708409
14585,1.8541833674681019
14586,0.0
14587,0.23565290984878862
14588,1.6218737400969032
14589,0.0
14590,0.2746758969631492
14591,2.1919519459727166
14592,0.0
14593,1.2083086567363948
14594,3.2194131969473156
14595,0.0
14596,0.576947023321062
14597,1.5769470133210621
14598,0.0
14599,0.6419254514866891
14600,1.1861758763749999
14601,0.0
14602,0.22612455995369463
14603,1.4190864375324657
14604,0.0
14605,0.7008026759416076
14606,1.2812347363521308
14607,0.0
14608,0.7135800609602324
14609,4.280858788983191
14610,0.0
14611,0.481394207526434
14612,1.6504471452415062
14613,0.0
14614,0.031183501062059915
14615,3.5347543621083206
14616,0.0
14617,-0.3269980712891579
14618,5.080102144254383
14619,0.0
14620,0.0
14621,0.5453590817646338
14622,2.1866239892343335
14623,0.0
14624,0.24803152416052676
14625,3.019437435814114
14626,0.0
14627,0.18260846467280356
14628,1.3246109606716727
14629,0.0
14630,0.19976164157397303
14631,1.581752704113774
14632,0.0
14633,0.07919642544962568
14634,1.5901680461293448
14635,0.0
14636,0.07563988559316426
14637,1.753566578583185
14638,0.0
14639,1.7386691091558517
14640,1.604305016735096
14641,0.0
14642,0.32990389795565933
14643,2.0643315748157307
14644,0.0
14645,0.8712082951973951
14646,1.827995048416978
14647,0.0
14648,0.6221083358798211
14649,2.338698933681833
14650,0.0
14651,0.5050365772252187
14652,1.6723662435114472
14653,0.0
14654,0.1320563634904358
14655,1.469716970369355
14656,0.0
14657,-0.145794561541298
14658,2.11732768571045
14659,0.0
14660,0.5468024155762014
14661,2.951476612572451
14662,0.0
14663,0.4853417704009825
14664,9.854153713264708
14665,0.0
14666,0.2508055022630199
14667,1.8271193451011791
14668,0.0
14669,0.3538277387279637
14670,0.9571696698818819
14671,0.0
14672,0.5691448443449204
14673,3.235580584327894
14674,0.0
14675,-10.0
14676,1.4371033946277887
14677,0.0
14678,0.3084777582773056
14679,2.197668721100655
14680,0.0
14681,2.1927618866348206
14682,6.74777536039197
14683,0.0
14684,0.12435138958779224
14685,1.4553834193296047
14686,0.0
14687,0.0
14688,0.2771338523226262
14689,1.723780500347019
14690,0.0
14691,0.7879176243920453
14692,2.864269561085387
14693,0.0
14694,0.19664149466589598
14695,3.763735481488164
14696,0.0
14697,-0.20180436150561498
14698,1.6640941821034207
14699,0.0
14700,-0.19170704001097183
14701,2.07754518341973
14702,0.0
14703,0.3509279002713671
14704,1.4482740384424593
14705,0.0
14706,0.18559584726213563
14707,2.070249966538877
14708,0.0
14709,0.5083949574371972
14710,1.8127322435337208
14711,0.0
14712,0.14941065933571995
14713,1.4530072215005685
14714,0.0
14715,1.6651913947818224
14716,0.7096687049952743
14717,0.0
14718,1.054610122644109
14719,2.5948743798018907
14720,0.0
14721,0.1413290884944446
14722,1.1413290784944448
14723,0.0
14724,0.5699916140538629
14725,1.8182324160003924
14726,0.0
14727,-0.0074755642682901025
14728,-10.0
14729,0.0
14730,-0.06337314139080563
14731,1.7050598296796817
14732,0.0
14733,0.5000431422757708
14734,2.472708995627773
14735,0.0
14736,2.639932089203004
14737,5.1584516134604055
14738,0.0
14739,1.362294456995897
14740,1.0620486929676798
14741,0.0
14742,-10.0
14743,3.6397810014232514
14744,0.0
14745,0.581995966639583
14746,1.0204030347420752
14747,0.0
14748,0.2326664862705522
14749,0.5981106421213066
14750,0.0
14751,0.1812931647786894
14752,5.84522678181845
14753,0.0
14754,-10.0
14755,3.157666886268771
14756,0.0
14757,-0.179261922512861
14758,1.7673432555269222
14759,0.0
14760,0.4288861211465186
14761,3.49111903796388
14762,0.0
14763,0.6986676980502292
14764,4.7229075874412665
14765,0.0
14766,0.41191887483015177
14767,-10.0
14768,0.0
14769,0.8024979518811158
14770,2.5381304427874065
14771,0.0
14772,0.13242946822513668
14773,3.264156575309568
14774,0.0
14775,-0.06686494092276074
14776,1.7132063913150635
14777,0.0
14778,0.595944730642176
14779,-10.0
14780,0.0
14781,1.0166630495457176
14782,5.557511238467411
14783,0.0
14784,0.003393337208373315
14785,1.260748554196129
14786,0.0
14787,0.4664348404130104
14788,1.2645799726838567
14789,0.0
14790,0.0
14791,0.0
14792,0.04353927499347299
14793,1.74764646820948
14794,0.0
14795,-0.0025011071852741873
14796,2.1314177967286363
14797,0.0
14798,-10.0
14799,2.4629200441548287
14800,0.0
14801,0.11527380699578427
14802,1.6028197475161325
14803,0.0
14804,0.4360373685462654
14805,1.6849244852447043
14806,0.0
14807,-0.09502984912116763
14808,1.4433472300525039
14809,0.0
14810,1.0017267233493956
14811,2.1177627261918968
14812,0.0
14813,-0.2724837235780798
14814,3.331719882355638
14815,0.0
14816,0.3342671969289096
14817,1.2816636614464714
14818,0.0
14819,0.3028794796038544
14820,2.455143869575477
14821,0.0
14822,0.27009528615888356
14823,1.880512016504016
14824,0.0
14825,0.35611263010649663
14826,2.4076815617298455
14827,0.0
14828,0.07173058895543882
14829,1.6002091079269853
14830,0.0
14831,1.8909060487475235
14832,3.0131608209037397
14833,0.0
14834,0.728513513514906
14835,2.6866587000776123
14836,0.0
14837,-0.09108777232712129
14838,1.4947190769737453
14839,0.0
14840,0.6777685251915005
14841,2.976969940771289
14842,0.0
14843,0.020804886521639143
14844,1.9694338346580855
14845,0.0
14846,0.1988511559059486
14847,1.1988511459059488
14848,0.0
14849,0.09484263783133617
14850,1.4691100680713984
14851,0.0
14852,-0.004241805778236296
14853,1.5833151762522826
14854,0.0
14855,0.1343584149065914
14856,1.2461634719222412
14857,0.0
14858,0.2733994999453281
14859,1.3863824156389426
14860,0.0
14861,0.04501148063873461
14862,1.6836723808133844
14863,0.0
14864,0.3455781321151389
14865,1.8631348222129993
14866,0.0
14867,0.5697963413955679
14868,3.4158735148552504
14869,0.0
14870,-0.15988674951085136
14871,1.9172666643523155
14872,0.0
14873,0.4349872596333434
14874,5.490907791521531
14875,0.0
14876,0.1990613783582792
14877,1.9265761577968383
14878,0.0
14879,-0.1831673578273706
14880,1.0371133201534923
14881,0.0
14882,0.27688623637760423
14883,1.5037887648351544
14884,0.0
14885,0.18211053026595747
14886,1.7605273909631003
14887,0.0
14888,0.25443807350419967
14889,1.5065824333015083
14890,0.0
14891,0.20004076208058474
14892,2.66747200135934
14893,0.0
14894,0.6249996986245906
14895,1.5042267883842166
14896,0.0
14897,-0.07974567850531489
14898,1.8371696453949617
14899,0.0
14900,0.046809112034254086
14901,1.7313033225144365
14902,0.0
14903,0.06863187095979606
14904,2.0775713371545006
14905,0.0
14906,0.23509829415863048
14907,1.0606400613532716
14908,0.0
14909,0.7045111590186192
14910,4.415532921641957
14911,0.0
14912,0.5752138280870546
14913,3.728787424720725
14914,0.0
14915,-0.19625357854288017
14916,1.152860929815114
14917,0.0
14918,0.019955745071583153
14919,4.277579626170568
14920,0.0
14921,2.225308735186134
14922,5.347750221830214
14923,0.0
14924,1.1669784671433159
14925,1.9177660985708886
14926,0.0
14927,0.6238912288690807
14928,4.0238843144115926
14929,0.0
14930,0.2850502225939099
14931,1.7670038579097957
14932,0.0
14933,-10.0
14934,3.7821716941833556
14935,0.0
14936,0.010290148800110921
14937,1.8723596546789851
14938,0.0
14939,-0.10208942438196855
14940,1.9868673185031454
14941,0.0
14942,0.01401406014358575
14943,1.5758626167171208
14944,0.0
14945,-0.056645862325013674
14946,1.8457812757707308
14947,0.0
14948,0.1198592827398911
14949,1.6362151363245743
14950,0.0
14951,0.13656367696298066
14952,1.1365636669629808
14953,0.0
14954,0.5738498767443484
14955,1.123704550533347
14956,0.0
14957,0.6551058149942345
14958,1.5475272525388981
14959,0.0
14960,1.2345100002640756
14961,4.907452059862164
14962,0.0
14963,0.5398416727859473
14964,-10.0
14965,0.0
14966,0.4866382637621206
14967,1.9496696005910998
14968,0.0
14969,0.0034970012896525793
14970,1.7300482526050582
14971,0.0
14972,2.1277657679423587
14973,4.5849589801676025
14974,0.0
14975,0.17957301598438413
14976,1.4881220865960516
14977,0.0
14978,0.15919746433658954
14979,1.5729484572627754
14980,0.0
14981,0.07516181786116405
14982,3.25688627260885
14983,0.0
14984,-0.07058185858418353
14985,1.1824346593766613
14986,0.0
14987,0.3144993857670687
14988,1.3451196486511434
14989,0.0
14990,2.506987457821022
14991,6.728834817931396
14992,0.0
14993,-0.06100368333227202
14994,1.7362369086652232
14995,0.0
14996,-0.07023837721810466
14997,1.6912536664529454
14998,0.0
14999,-0.03888442446658713
